Materials.Id,Formula,Spacegroup,Formation.Energy..eV.,E.Above.Hull..eV.,Band.Gap..eV.,Nsites,Density..gm.cc.,Volume,Has.Bandstructure,Crystal.System,Energy_Density_Index,Material_Category,FormationEnergy_Normalized,BandGap_Normalized,Density_Normalized,Volume_Normalized,FormationEnergy_Zscore,BandGap_Zscore,Density_Zscore,Volume_Zscore,FormationEnergy_Log,BandGap_Log,Density_Log,Volume_Log
mp-849394,li2mnsio4,pc,-2.699,0.006,3.462,16,2.993,178.513,TRUE,monoclinic,10.361766,High Band Gap,0.2939362795477904,0.9055715406748628,0.39630184907546223,0.04005818363080467,-0.4463882185430721,1.2679042269784777,0.025417670020244903,-0.9883080380618996,1.308062512850317,1.4955970960103409,1.3845428280810843,5.190247628704214
mp-783909,li2mnsio4,p21/c,-2.696,0.008,2.879,32,2.926,365.272,TRUE,monoclinic,8.423954,High Band Gap,0.2970195272353543,0.7530735024849594,0.3628185907046478,0.17381392840491336,-0.43006692362097054,0.7317099020661914,-0.16386480183871932,-0.35019654500360836,1.3072511537794378,1.3555773884578302,1.3676210958542694,5.903376226786637
mp-761311,li4mnsi2o7,cc,-2.775,0.012,3.653,28,2.761,301.775,TRUE,monoclinic,10.085933,High Band Gap,0.2158273381294964,0.955532304472927,0.2803598200899551,0.128337734347751,-0.8598610232363567,1.4435699492053158,-0.6300082026854242,-0.5671508308732175,1.328400382700988,1.5375121728625114,1.3246848794881994,5.712989955407114
mp-761598,li4mn2si3o10,c2/c,-2.783,0.013,3.015,38,2.908,436.183,TRUE,monoclinic,8.76762,High Band Gap,0.20760534429599176,0.7886476589066179,0.3538230884557721,0.22459998753821792,-0.9033844763619657,0.8567912540182857,-0.21471680920381506,-0.10791036825037827,1.330517345650892,1.390037347398725,1.3630257341805363,6.08035187174035
mp-767709,li2mn3si3o10,c2/c,-2.747,0.016,2.578,36,3.334,421.286,TRUE,monoclinic,8.595051999999999,High Band Gap,0.24460431654676262,0.6743395239340831,0.5667166416791605,0.21393083997424564,-0.7075289372967256,0.4548754392898651,0.9887806984367687,-0.15880990675770248,1.3209555198115503,1.2748039850865274,1.4664909031141673,6.045682809602536
mp-761517,li4mnsi2o7,c2,-2.763,0.024,3.293,14,2.792,149.207,TRUE,monoclinic,9.194056,High Band Gap,0.22816032887975335,0.8613654198273608,0.2958520739630184,0.019069391356536593,-0.7945758435479434,1.1124722528615372,-0.5424297455566502,-1.0884397340742273,1.3252165116113002,1.4569857892424236,1.3328935843927754,5.012014342771374
mp-850949,limnsio4,p21,-2.65,0.027,1.052,28,3.507,291.575,FALSE,monoclinic,3.6893640000000003,Low Band Gap,0.3442959917780062,0.27517656290871045,0.6531734132933534,0.12103255175041483,-0.17980706814871805,-0.9486109068784858,1.4775249914457382,-0.6020018272332032,1.2947271675944,0.7188149273085231,1.5056317437085112,5.67872104406083
mp-853204,li2mnsio4,p21/c,-2.676,0.029,3.384,32,2.927,365.179,FALSE,monoclinic,9.904968,High Band Gap,0.3175745118191159,0.8851687156683233,0.36331834082958525,0.17374732232829057,-0.32125829080694823,1.1961663927706587,-0.16103969031843657,-0.3505143040880671,1.3018252044934406,1.4779615496457144,1.3678757755958726,5.903122284883357
mp-767360,limn(sio3)2,c2/c,-2.822,0.038,0.612,20,3.255,218.36,TRUE,monoclinic,1.99206,Low Band Gap,0.16752312435765657,0.16008370389746274,0.5272363818090955,0.06859638078335908,-1.1155613103493098,-1.3532858690764376,0.7655968883344065,-0.8521602290465712,1.3407738458180813,0.47747564408443655,1.4480947620253375,5.390714215814004
mp-764791,li2mn(sio3)2,cc,-2.823,0.04,3.447,22,2.7,271.853,TRUE,monoclinic,9.3069,High Band Gap,0.1664953751284686,0.9016479204812975,0.24987506246876567,0.10690776634015364,-1.1210017419900102,1.2541084896308201,-0.8023400054226907,-0.6693872537245402,1.3410354547142758,1.4922297115285594,1.308332819650179,5.608933188624023
mp-782667,li2mnsio4,p21/c,-2.66,0.044,2.785,32,2.977,358.984,TRUE,monoclinic,8.290945,High Band Gap,0.33401849948612516,0.7284854826052839,0.3883058470764617,0.16931049819196728,-0.2342113845557304,0.6452566146875381,-0.01978411430428409,-0.37168115923023487,1.297463147413275,1.3310458868894122,1.3805277662255535,5.886059586018027
mp-767686,li2mn(sio3)2,c2/c,-2.818,0.045,3.397,22,2.702,271.581,TRUE,monoclinic,9.178694,High Band Gap,0.17163412127440889,0.8885691865027465,0.2508745627186406,0.10671296147089135,-1.0937995837865053,1.2081226984719617,-0.7966897823821252,-0.6703166136274732,1.3397267253035559,1.480922490198673,1.3088732141513058,5.607935817640374
mp-772591,li2mn2si2o7,p21/c,-2.697,0.049,2.461,52,3.047,636.288,TRUE,monoclinic,7.498667,Low Band Gap,0.29599177800616633,0.6437352864242741,0.42328835582208907,0.36791406240488045,-0.43550735526167106,0.34726868797813704,0.17797369211553088,0.5758012618099102,1.3075216799544949,1.241557564653207,1.3979758658937285,6.457221672706287
mp-849242,li10mn(sio5)2,c2/m,-2.496,0.052,0.988,46,2.4,471.249,TRUE,monoclinic,2.3712,Low Band Gap,0.5025693730729701,0.2584357834161653,0.09995002498750614,0.24971405939686409,0.6580194045192523,-1.0074727195618243,-1.6498734615076094,0.011901890412294289,1.251619457793289,0.6871291082343823,1.2237754316221157,6.157506388856878
mp-780126,li3mnsi2o7,p21,-2.721,0.058,0.921,78,2.89,840.856,FALSE,monoclinic,2.66169,Low Band Gap,0.2713257965056524,0.24091027988490715,0.34482758620689663,0.5144245127550636,-0.5660777146384978,-1.0690936797146942,-0.26556881656890957,1.2747619111598667,1.3139924493644854,0.6528458837864196,1.358409157630355,6.735608978238831
mp-868532,li5mn(sio4)2,c2,-2.649,0.067,0.584,16,2.588,175.701,FALSE,monoclinic,1.5113919999999998,Low Band Gap,0.34532374100719415,0.15275961286947423,0.19390304847576212,0.038044245055931195,-0.17436663650801754,-1.3790379121253982,-1.1187524956943937,-0.9979159794113388,1.2944531574543106,0.45995329339223406,1.2775949441965497,5.174459038619201
mp-850142,li2mn(si2o5)2,p21/c,-2.942,0.069,3.823,68,2.31,980.879,FALSE,monoclinic,8.83113,High Band Gap,0.044193216855087064,1,0.054972513743128386,0.6147081973459269,-1.7684131072334435,1.5999216391454334,-1.9041334983330842,1.7531875056024433,1.3716882087305284,1.573396141086835,1.1969481893889715,6.889468082839907
mp-767853,li2mn2si3o10,cc,-2.712,0.073,1.262,34,2.847,429.302,TRUE,monoclinic,3.592914,Low Band Gap,0.280575539568345,0.33010724561862415,0.3233383308345827,0.21967185406250514,-0.5171138298721883,-0.7554705840112815,-0.38704861194108153,-0.13142112373597245,1.3115708149239542,0.8162493776939287,1.347293623770158,6.064487287753808
mp-849428,li2mn2(sio3)3,p21/c,-2.769,0.077,3.188,64,2.517,929.064,FALSE,monoclinic,8.024196,High Band Gap,0.22199383350462465,0.8339000784724039,0.15842078960519732,0.5775985859458314,-0.8272184333921513,1.015902091427935,-1.3193354136344915,1.5761478608580646,1.3268097142849984,1.4322232930082905,1.2576083534918454,6.835253400983808
mp-761329,limn(sio3)2,c2/c,-2.782,0.078,1.497,20,3.104,228.983,TRUE,monoclinic,4.646688,Low Band Gap,0.20863309352517972,0.39157729531781327,0.4517741129435283,0.07620451360017304,-0.8979440447212652,-0.5393373655646481,0.3390050487716651,-0.8158639413669507,1.3302529702362658,0.9150900112976362,1.4119621078684685,5.438005393148013
mp-761653,li2mnsi3o8,p21,-2.871,0.082,2.736,28,2.672,349.386,TRUE,monoclinic,7.310592000000001,High Band Gap,0.1171634121274408,0.715668323306304,0.23588205897051479,0.1624364646067484,-1.3821424607436639,0.6001905393518572,-0.8814431279906164,-0.4044752634521115,1.3535128715955111,1.3180155203665962,1.300736472758244,5.859035403926141
mp-769543,li3mn2(sio4)2,p21,-2.612,0.083,0,30,2.887,362.254,TRUE,monoclinic,0,Low Band Gap,0.38335046248715293,0,0.343328335832084,0.17165245378934862,0.02692933419792309,-1.9161519528608615,-0.27404415112975905,-0.3605083398089452,1.284261635554739,0,1.3576376518700861,5.895102314089695
mp-849217,li4mn(sio3)3,c2,-2.794,0.083,2.862,34,2.649,389.814,TRUE,monoclinic,7.581438,High Band Gap,0.19630010277492277,0.7486267329322522,0.2243878060969515,0.19139077068960209,-0.9632292244096785,0.7160747330721797,-0.9464206929571272,-0.26634231435000344,1.3334208715128224,1.3511851840063227,1.2944531574543106,5.968231743477835
mp-767695,li2mnsi3o8,p21,-2.868,0.085,3.261,28,2.628,355.18,TRUE,monoclinic,8.569908,High Band Gap,0.12024665981500515,0.8529950300810882,0.2138930534732634,0.16658609479978428,-1.3658211658215598,1.0830413465198678,-1.0057480348830712,-0.3846785308139001,1.352737577591048,1.449503874517775,1.2886815322528902,5.87543622104786
mp-767303,li2mn(sio3)2,c2,-2.778,0.085,3.169,22,2.92,251.377,TRUE,unknown,9.25348,High Band Gap,0.21274409044193204,0.8289301595605546,0.35982008995502246,0.09224297037318739,-0.8761823181584607,0.9984274907875688,-0.1808154709604183,-0.739348920535037,1.3291947690793178,1.42767619889866,1.366091653802371,5.530924001316807
mp-780037,limn2si2o7,cc,-2.653,0.085,0.716,24,3.281,288.498,TRUE,monoclinic,2.349196,Low Band Gap,0.34121274409044183,0.18728747057284853,0.5402298850574714,0.11882882166688509,-0.19612836307082201,-1.2576354234660128,0.8390497878617668,-0.6125152111351322,1.2955487478131456,0.5399960010657705,1.454186627162809,5.668148388526319
mp-774171,li3mn2(sio4)2,pc,-2.608,0.087,0,30,2.892,361.543,TRUE,monoclinic,0,Low Band Gap,0.38746145940390525,0,0.34582708645677157,0.17114323959065195,0.04869106076072755,-1.9161519528608615,-0.25991859352834407,-0.3629376592610972,1.2831536022003773,0,1.3589231643237587,5.893143087949507
mp-778631,li3mn2(sio4)2,pc,-2.607,0.087,0.37,30,2.911,359.241,TRUE,monoclinic,1.07707,Low Band Gap,0.3884892086330932,0.09678263144127648,0.3553223388305847,0.16949456014564526,0.05413149240142806,-1.575857098285311,-0.20624147464296555,-0.3708030507925372,1.282876401921402,0.31481073984003355,1.363793095773377,5.886773251916623
mp-780872,limnsio4,p21/c,-2.589,0.088,0.982,56,3.361,608.454,TRUE,monoclinic,3.3005020000000003,Low Band Gap,0.4069886947584789,0.2568663353387392,0.5802098950524739,0.34797950824662005,0.15205926193404934,-1.0129910145008874,1.0650587094844117,0.4806990429193372,1.2778736121654701,0.6841064359077962,1.4727013888606295,6.412563474375081
mp-761765,li3mn3sio8,p2/m,-2.329,0.088,0.915,15,3.853,147.276,TRUE,monoclinic,3.5254950000000003,Low Band Gap,0.674203494347379,0.23934083180748106,0.8260869565217394,0.017686420023648744,1.5665714885163367,-1.0746119746537572,2.455013577463677,-1.0950375060321813,1.202671958592888,0.6497176226326093,1.5795970704230793,4.999075401927305
mp-780287,li3mn2(sio4)2,p21,-2.605,0.089,0,30,2.898,360.853,TRUE,monoclinic,0,Low Band Gap,0.3905447070914696,0,0.3488255872063969,0.17064906547377331,0.0650123556828315,-1.9161519528608615,-0.24296792440664505,-0.36529522666191977,1.2823217707369123,0,1.360463601085369,5.8912380520059715
mp-774356,li3mn2(sio4)2,pc,-2.604,0.09,0,30,2.91,359.343,TRUE,monoclinic,0,Low Band Gap,0.39157245632065757,0,0.35482258870564726,0.16956761197161865,0.07045278732353201,-1.9161519528608615,-0.2090665861632483,-0.37045454082893725,1.2820443397460914,0,1.3635373739972745,5.887056355623287
mp-850760,li2mnsi4o11,c2/c,-2.832,0.091,1.37,36,2.868,413.524,TRUE,monoclinic,3.92916,Low Band Gap,0.157245632065776,0.35835731101229407,0.3338330834582708,0.20837173925654726,-1.1699656267563197,-0.6561412751081479,-0.3277212700151375,-0.1853308316347818,1.343386860108614,0.8628899551470398,1.352737577591048,6.027130873984792
mp-775353,li5mn(sio3)4,c2,-2.79,0.091,1.342,132,2.584,1518.85,FALSE,monoclinic,3.467728,Low Band Gap,0.2004110996916751,0.35103321998430553,0.191904047976012,1,-0.9414674978468741,-0.6818933181571084,-1.1300529417755258,3.5913076392081162,1.332366019094335,0.8510052651755257,1.276479495112684,7.326366924760189
mp-769538,li3mn2(sio4)2,p21,-2.601,0.093,0,30,3.001,348.469,TRUE,monoclinic,0,Low Band Gap,0.3946557040082219,0,0.4002998500749625,0.16177971436736044,0.08677408224563596,-1.9161519528608615,0.0480185621825094,-0.4076084363601613,1.2812115846667382,0,1.386544329875098,5.856414859599752
mp-767011,li7mn3(sio6)2,c2/m,-2.439,0.095,1.291,24,3.671,208.787,TRUE,monoclinic,4.739260999999999,Low Band Gap,0.5611510791366905,0.3376929113261836,0.7351324337831084,0.06174025205744738,0.9681240080392153,-0.728798825139144,1.9408432807721592,-0.8848689141597224,1.235180731450129,0.8289884034713584,1.541373181519971,5.346092730267339
mp-510708,life(sio3)2,c2/c,-2.82,0,2.703,20,3.287,217.186,TRUE,monoclinic,8.884761,High Band Gap,0.16957862281603295,0.7070363588804603,0.5432283858070964,0.06775556859029314,-1.1046804470679064,0.5698399171870105,0.8560004569834645,-0.8561715103923185,1.3402504226184837,1.3091433019314755,1.45558718761584,5.385347910020655
mp-19061,life(sio3)2,p21/c,-2.82,0.001,2.755,40,3.309,431.516,TRUE,monoclinic,9.116295000000001,High Band Gap,0.16957862281603295,0.7206382422181533,0.5542228885557223,0.22125750840275046,-1.1046804470679064,0.6176651399922231,0.9181529104296925,-0.12385640746724615,1.3402504226184837,1.3230882852160981,1.460705858633701,6.069619319907318
mp-646320,li2fesio4,p21/c,-2.625,0.001,3.443,32,3.067,350.466,FALSE,monoclinic,10.559681000000001,High Band Gap,0.36998972250770806,0.9006016217630134,0.4332833583208397,0.16320995452881928,-0.043796277131190796,1.2504296263381116,0.23447592252119212,-0.4007851579551719,1.2878542883066382,1.4913298239537713,1.4029056269250875,5.862112978264981
mp-763629,li2fesio4,pc,-2.621,0.005,3.027,16,3.073,174.862,TRUE,monoclinic,9.301971,High Band Gap,0.3741007194244604,0.7917865550614701,0.4362818590704648,0.03744335797758168,-0.022034550568386334,0.8678278438964117,0.2514265916428899,-1.0007826447001653,1.2867502307835041,1.393021681869317,1.4043798286662754,5.169699596569004
mp-763264,li2fesio4,p21,-2.619,0.007,3.401,32,3.005,357.648,TRUE,monoclinic,10.220004999999999,High Band Gap,0.37615621788283626,0.8896154852210305,0.4022988505747126,0.16835366251059072,-0.011153687286985315,1.2118015617646705,0.05931900826364165,-0.37624595640052305,1.2861977445816055,1.4818317878289544,1.3875435805203225,5.882341406089587
mp-868123,life(si2o5)2,p2/c,-2.985,0.009,3.362,32,2.43,457.962,FALSE,monoclinic,8.16966,High Band Gap,0,0.879414072717761,0.11494252873563221,0.24019798477227525,-2.0023516677835898,1.1759326446607614,-1.5651201158991168,-0.033496657493110746,1.3825373122421782,1.4729306677794374,1.2325602611778486,6.12896741796235
mp-761968,li4fesi2o7,cc,-2.731,0.011,3.415,28,2.81,297.609,TRUE,monoclinic,9.59615,High Band Gap,0.2610483042137719,0.8932775307350249,0.30484757621189407,0.1253540685927998,-0.6204820310455077,1.224677583289151,-0.4915777381915545,-0.5813850711512274,1.3166762942390207,1.4850078340559234,1.3376291891386096,5.699135025307266
mp-762639,lifesio4,pc,-2.61,0.012,3.026,28,2.852,360.726,TRUE,monoclinic,8.630151999999999,High Band Gap,0.38540596094552937,0.791524980381899,0.3258370814592703,0.17055810878849276,0.03781019747932653,0.8669081280732341,-0.37292305433966655,-0.36572915573424514,1.2837077723447896,1.3927733272175997,1.348592493935879,5.890887019150391
mp-762893,lifesio4,cc,-2.608,0.014,2.967,112,2.849,1444.106,FALSE,monoclinic,8.452983000000001,High Band Gap,0.38746145940390525,0.776092074287209,0.32433783108445785,0.9464687678377162,0.04869106076072755,0.8126448945057818,-0.38139838890051475,3.3359250047051003,1.2831536022003773,1.378010141532193,1.3478133743016092,7.275937954257468
mp-762925,lifesio4,cc,-2.608,0.014,2.969,112,2.848,1444.706,FALSE,monoclinic,8.455711999999998,High Band Gap,0.38746145940390525,0.776615223646351,0.32383808095952016,0.9468984844610888,0.04869106076072755,0.814484326152136,-0.3842235004207988,3.3379750633145107,1.2831536022003773,1.3785141738009283,1.34755353280346,7.276353062544423
mp-767077,li5fe(sio4)2,c2,-2.677,0.014,2.466,16,2.616,174.413,TRUE,monoclinic,6.451056,Low Band Gap,0.3165467625899279,0.6450431598221292,0.207896051974013,0.03712178670442444,-0.32669872244764875,0.35186726709402316,-1.039649373126468,-1.0023167718928743,1.302097202319135,1.2430011912934145,1.28536844252993,5.167143193497192
mp-767027,li4fesi2o7,c2,-2.722,0.02,3.442,14,2.824,148.024,TRUE,monoclinic,9.720208,High Band Gap,0.2702980472764645,0.9003400470834424,0.31184407796101943,0.018222133414120056,-0.5715181462791983,1.2495099105149345,-0.4520261769075923,-1.0924817662991158,1.314261158220059,1.4911047254722358,1.341296995189155,5.004107366799967
mp-764348,lifesio4,p21/c,-2.601,0.02,2.904,28,2.873,358.057,TRUE,monoclinic,8.343192,High Band Gap,0.3946557040082219,0.7596128694742349,0.33633183408295864,0.16864658600885646,0.08677408224563596,0.7547027976456204,-0.3135957124137213,-0.37484849978177465,1.2812115846667382,1.362001668550846,1.3540294005326152,5.883481150258222
mp-761394,li4fe2si3o10,c2/c,-2.71,0.021,3.159,38,2.978,427.934,TRUE,monoclinic,9.407502000000001,High Band Gap,0.2826310380267214,0.8263144127648443,0.3888055972013994,0.21869210016121535,-0.5062329665907849,0.989230332555797,-0.016959002784000084,-0.13609525736542935,1.3110318766193438,1.4252746607607745,1.3807791804317806,6.061303060938638
mp-775228,lifesio4,pc,-2.599,0.023,0.401,14,2.87,179.222,TRUE,monoclinic,1.15087,Low Band Gap,0.39671120246659786,0.10489144650797803,0.334832583708146,0.04056596544075676,0.09765494552703698,-1.547345907766819,-0.3220710469745708,-0.9858855521384459,1.2806560290968938,0.33718626735486995,1.3532545070416904,5.194189424292756
mp-762554,li2fesio4,p21/c,-2.603,0.023,3.448,32,3.028,354.961,FALSE,monoclinic,10.440544,High Band Gap,0.39260020554984554,0.9019094951608684,0.4137931034482759,0.16642924823225325,0.07589321896423251,1.2550282054539972,0.12429657323015239,-0.385426802206335,1.2817668317659563,1.4924545569482812,1.3932699748563158,5.874821174289131
mp-761644,li2fe3si3o10,c2/c,-2.635,0.024,3.028,36,3.463,408.228,TRUE,monoclinic,10.485964000000001,High Band Gap,0.3597122302158275,0.7920481297410411,0.6311844077961021,0.20457877386091075,-0.09820059353820074,0.8687475597195887,1.3532200845532834,-0.2034260156271822,1.2906091109854827,1.3932699748563158,1.4958211856471328,6.014272457933965
mp-764344,li2fesio4,p21,-2.603,0.024,2.931,16,3.06,175.643,TRUE,monoclinic,8.968860000000001,High Band Gap,0.39260020554984554,0.7666753858226524,0.4297851074462769,0.038002705782338504,0.07589321896423251,0.7795351248714039,0.21470014187921038,-0.9981141517435819,1.2817668317659563,1.3688938464397233,1.4011829736136412,5.174130746640161
mp-778685,life(sio3)2,cc,-2.793,0.028,3.273,20,2.602,274.334,FALSE,monoclinic,8.516346,High Band Gap,0.19732785200411074,0.8561339262359404,0.20089955022488745,0.10868464457779983,-0.957788792768978,1.0940779363979938,-1.0792009344104314,-0.660910261374626,1.3331572627067618,1.4523161566618878,1.2814892467537642,5.617984906157443
mp-762645,lifesio4,pc,-2.59,0.032,2.839,28,2.843,361.8,TRUE,monoclinic,8.071277,High Band Gap,0.4059609455292909,0.7426105153021187,0.3213393303348326,0.17132730154432993,0.14661883029334882,0.6949212691391048,-0.39834905802221376,-0.3620595508233995,1.2781522025001875,1.3452119160186606,1.346253311582707,5.893851718240982
mp-762786,li3fe2(sio4)2,p21,-2.586,0.038,1.378,30,2.921,360.017,TRUE,monoclinic,4.025137999999999,Low Band Gap,0.4100719424460432,0.3604499084488621,0.36031984007995993,0.17005032697854064,0.16838055685615327,-0.6487835485227308,-0.17799035944013555,-0.36815164165769904,1.2770373751829411,0.86625979826859,1.3663467233101945,5.888925048636858
mp-765961,lifesi3o8,p21/c,-2.887,0.04,3.144,52,2.69,679.101,TRUE,monoclinic,8.45736,High Band Gap,0.10071942446043153,0.8223907925712791,0.24487756121939025,0.3985764920656406,-1.4691893669948817,0.9754345952081398,-0.830591120625522,0.7220831938844267,1.3576376518700861,1.421661504957182,1.3056264580524357,6.522241316552516
mp-764784,lifesio4,cc,-2.577,0.045,3.01,14,2.366,217.361,TRUE,monoclinic,7.121659999999999,High Band Gap,0.41932168550873583,0.7873397855087627,0.08295852073963017,0.0678809026054435,0.2173444416224627,0.8521926749023996,-1.7459272531972327,-0.8555735766312405,1.2745244602768806,1.3887912413184778,1.2137250957686143,5.386149656496403
mp-765881,lifesi3o8,c2/c,-2.879,0.049,3.186,52,2.656,687.841,TRUE,monoclinic,8.462016,High Band Gap,0.10894141829393617,0.8333769291132618,0.2278860569715143,0.40483603087943654,-1.4256659138692727,1.0140626597815805,-0.9266449123151455,0.7519457142948458,1.3555773884578302,1.431745624023808,1.2963696535919036,6.535010475151573
mp-762861,lifesio4,p21/c,-2.572,0.05,3.028,84,2.857,1080.318,FALSE,monoclinic,8.650996000000001,High Band Gap,0.4244604316546761,0.7920481297410411,0.3283358320839581,0.6859258495318595,0.2445465998259677,0.8687475597195887,-0.3587974967382503,2.0929471357044647,1.2731256630142527,1.3932699748563158,1.3498896792260908,6.9859359464419954
mp-762613,li2fe2si2o7,p21/c,-2.598,0.051,3.159,52,3.149,619.645,TRUE,monoclinic,9.947690999999999,High Band Gap,0.39773895169578627,0.8263144127648443,0.4742628685657172,0.3559944394668935,0.10309537716773991,0.989230332555797,0.46613506718440256,0.5189360527492001,1.2803781355283412,1.4252746607607745,1.422867341350731,6.430759259859258
mp-780866,life2si2o7,p21/c,-2.598,0.051,2.01,48,2.911,654.481,TRUE,monoclinic,5.851109999999999,Low Band Gap,0.39773895169578627,0.5257651059377452,0.3553223388305847,0.38094378661991346,0.10309537716773991,-0.06752314827476368,-0.20624147464296555,0.6379624556115984,1.2803781355283412,1.1019400787607843,1.363793095773377,6.485369317276421
mp-762862,lifesio4,p21/c,-2.571,0.051,3.042,84,2.872,1074.67,FALSE,monoclinic,8.736623999999999,High Band Gap,0.4254881808838641,0.7957101752550353,0.33583208395802094,0.6818807837171778,0.24998703146666817,0.8816235812440688,-0.3164208239340053,2.07364925066121,1.2728456686123115,1.3967396189814292,1.3537711694143306,6.980699002232475
mp-767973,li2fe(sio3)2,c2/c,-2.754,0.051,3.222,22,2.758,267.162,TRUE,monoclinic,8.886276,High Band Gap,0.23741007194244595,0.8427936175778185,0.27886056971514245,0.10354809853975126,-0.745611958781634,1.0471724294159583,-0.6384835372462737,-0.6854152952857847,1.3228219381643171,1.440308949426129,1.3238869009912735,5.591591275499796
mp-762796,lifesio4,cc,-2.57,0.052,2.899,14,2.719,189.186,TRUE,monoclinic,7.882381,High Band Gap,0.4265159301130525,0.7583049960763798,0.2593703148425786,0.04770212616623301,0.25542746310737113,0.7501042185297346,-0.7486628865373135,-0.9518409121648282,1.2725655957915476,1.3607201100004602,1.313454814942933,5.248002540672424
mp-762565,li10fe(sio5)2,c2/m,-2.476,0.055,1.715,46,2.399,472.581,TRUE,monoclinic,4.114285000000001,Low Band Gap,0.5231243576567317,0.4486005754642951,0.09945027486256866,0.2506680303007515,0.7668280373332746,-0.33883931611202656,-1.652698573027892,0.01645302052518652,1.2458822074031457,0.9987919533858988,1.223481270713979,6.160322964521795
mp-764355,lifesio4,pc,-2.566,0.055,2.955,14,2.644,194.528,TRUE,monoclinic,7.813020000000001,High Band Gap,0.4306269270298048,0.7729531781323569,0.2218890554722639,0.051528036502994756,0.2771891896701756,0.8016083046276559,-0.9605462505585421,-0.9335885570123731,1.2714445194409487,1.3749806012196173,1.293081979397712,5.27570359167645
mp-763619,li2fe(sio3)2,p21,-2.748,0.058,3.392,22,2.878,256.015,TRUE,monoclinic,9.762176,High Band Gap,0.24357656731757418,0.8872613131048914,0.33883058470764627,0.09556467987185847,-0.7129693689374285,1.203524119356076,-0.29947015481230627,-0.7235019674842906,1.3212223643761758,1.4797847042072294,1.3553195568204601,5.54913444895076
mp-761624,lifesi3o8,c2,-2.868,0.059,3.215,26,2.59,352.651,TRUE,monoclinic,8.326849999999999,High Band Gap,0.12024665981500515,0.8409625948208214,0.1949025487256371,0.16477483923226827,-1.3658211658215598,1.0407344186537182,-1.1131022726538282,-0.3933195278525671,1.352737577591048,1.4386495914538187,1.2781522025001875,5.868310551132462
mp-767938,lifesio4,p21/c,-2.562,0.059,2.871,28,2.843,361.839,TRUE,monoclinic,8.162253,High Band Gap,0.43473792394655714,0.7509809050483913,0.3213393303348326,0.17135523312484913,0.29895091623298004,0.724352175480774,-0.39834905802221376,-0.36192629701378787,1.27032218486747,1.3535128715955111,1.346253311582707,5.893959209707227
mp-762650,li3fe2(sio4)2,p21,-2.564,0.06,1.331,30,3.026,347.513,TRUE,monoclinic,4.027606,Low Band Gap,0.43268242548818076,0.34815589850902434,0.41279360319840075,0.16109503254745322,0.2880700529515766,-0.6920101922120574,0.11864635018958564,-0.4108748630778228,1.2708835096085629,0.8462973600536201,1.3927733272175997,5.853675532230818
mp-763781,li3fe2(sio4)2,pc,-2.564,0.06,1.684,30,2.741,383.694,TRUE,monoclinic,4.615844,Low Band Gap,0.43268242548818076,0.4404917603975935,0.27036481759120445,0.18700766113120038,0.2880700529515766,-0.36735050663051877,-0.6865104330910855,-0.28725291216599486,1.2708835096085629,0.9873082191094353,1.319352955366009,5.952448213067867
mp-767668,li9fe5(sio8)2,p2/m,-2.324,0.06,1.646,32,3.782,287.056,TRUE,monoclinic,6.225172,Low Band Gap,0.6793422404933197,0.43055192257389485,0.7906046976511746,0.11779606938204598,1.593773646719844,-0.40229970791125097,2.2544306595235795,-0.6174421853264165,1.2011688769932016,0.973049065692764,1.564858869036133,5.663154905678519
mp-762656,lifesio4,pc,-2.561,0.061,2.724,28,2.895,355.354,TRUE,monoclinic,7.885980000000001,High Band Gap,0.4357656731757451,0.7125294271514518,0.3473263368315842,0.16671071262056233,0.30439134787368055,0.5891539494737312,-0.25144325896749453,-0.38408401381717094,1.2700414042956407,1.3147983594148207,1.3596936793227117,5.875924618804202
mp-767283,lifesio4,pc,-2.56,0.062,2.587,14,2.947,174.534,TRUE,monoclinic,7.623889000000001,High Band Gap,0.4367934224049331,0.6766936960502224,0.3733133433283359,0.037208446223471255,0.30983177951438107,0.46315288169845986,-0.10453745991277533,-1.001903343406643,1.269760544863939,1.2773161985501456,1.37295579668071,5.1678327563359945
mp-774106,li3fe2(sio4)2,pc,-2.562,0.062,1.511,30,2.991,351.593,TRUE,monoclinic,4.519401,Low Band Gap,0.43473792394655714,0.39523934083180745,0.3953023488255873,0.1640171055863877,0.29895091623298004,-0.526461344040168,0.019767446979679408,-0.39693446453382836,1.27032218486747,0.9206810801754479,1.3840418260665968,5.865314417242599
mp-767838,lifesio4,p21,-2.56,0.062,2.727,28,2.889,356.057,TRUE,monoclinic,7.878302999999999,High Band Gap,0.4367934224049331,0.7133141511901647,0.34432783608195894,0.16721419726428075,0.30983177951438107,0.5919130969432624,-0.26839392808919355,-0.3816820284798111,1.269760544863939,1.3156036204971213,1.3581520551736102,5.877895432900267
mp-762571,li2fe(si2o5)2,p21/c,-2.913,0.062,3.661,68,2.417,940.148,FALSE,monoclinic,8.848637,High Band Gap,0.0739979445015417,0.9576249019094952,0.10844577711144412,0.58553688436827,-1.6106405896531093,1.450927675790733,-1.6018465656627976,1.6140192769025827,1.3643043432282753,1.539230017390604,1.2287629731331546,6.847100406708162
mp-765416,unknown,c2,-2.955,0.063,3.031,31,2.711,400.68,TRUE,monoclinic,8.217041,High Band Gap,0.030832476875642147,0.7928328537797542,0.25537231384307835,0.19917293873888198,-1.8391387185625574,0.8715067071891203,-0.771263778699578,-0.22921575293357163,1.3749806012196173,1.3940144841350288,1.3113013820784605,5.99565575172645
mp-762723,li3fe2(sio4)2,p21,-2.561,0.063,2.5055,30,2.943,357.383,FALSE,monoclinic,7.373686500000001,High Band Gap,0.4357656731757451,0.6553753596651845,0.3713143428285858,0.16816387100193442,0.30439134787368055,0.38819604210952097,-0.11583790599390757,-0.37715139895301303,1.2700414042956407,1.2543331636648853,1.37194185489549,5.881602246940079
mp-762586,lifesio4,p21,-2.555,0.066,2.576,28,3.068,335.324,TRUE,monoclinic,7.903168,High Band Gap,0.44193216855087336,0.6738163745749411,0.43378310844577717,0.1523653393436365,0.33703393771788603,0.453036007643511,0.23730103404147487,-0.45252180372800554,1.2683550632552043,1.2742448573112677,1.4031514781863135,5.818074981052684
mp-761546,lifesio4,p2,-2.553,0.068,2.736,84,2.499,1234.971,FALSE,monoclinic,6.837264000000001,High Band Gap,0.44398766700924974,0.715668323306304,0.14942528735632185,0.7966874577892943,0.34791480099928945,0.6001905393518572,-1.370187420999586,2.6213599925731774,1.26779231703889,1.3180155203665962,1.252477213385551,7.119612174959209
mp-778622,li3fe2(sio4)2,pc,-2.556,0.069,1.923,30,2.891,363.781,TRUE,monoclinic,5.559393,Low Band Gap,0.4409044193216854,0.5030081088150667,0.3453273363318341,0.17274608259583216,0.3315935060771855,-0.14753842489117663,-0.2627437050486268,-0.3552909406479945,1.2686363176516582,1.0726104861291088,1.3586661940024165,5.899297173510459
mp-762646,lifesio4,p21/c,-2.553,0.069,2.164,56,3.289,625.575,TRUE,monoclinic,7.117396000000001,Low Band Gap,0.44398766700924974,0.566047606591682,0.5442278860569717,0.3602414720945606,0.34791480099928945,0.0741130884945198,0.8616506800240312,0.5391974653388782,1.26779231703889,1.1518370499054076,1.4560536055347435,6.440268479860676
mp-767963,li2fesi3o8,p21,-2.84,0.069,3.081,28,2.665,351.384,TRUE,monoclinic,8.210865,High Band Gap,0.14902363823227135,0.805911587758305,0.23238380809595202,0.16386742096257956,-1.2134890798819287,0.9174924983479783,-0.9012189086325982,-0.3976485682827732,1.3454723665996355,1.4063420564236686,1.2988283353386147,5.864721490080087
mp-762535,li2fe2(sio3)3,p21/c,-2.696,0.072,3.017,64,2.611,899.949,FALSE,monoclinic,7.877387000000001,High Band Gap,0.2970195272353543,0.7891708082657598,0.2053973013493254,0.5567465867966702,-0.43006692362097054,0.8586306856646398,-1.053774930727883,1.4766687668363996,1.3072511537794378,1.3905353553771451,1.2839847422953208,6.803448652232699
mp-762539,li2fesio4,p21/c,-2.553,0.073,2.649,32,2.877,373.622,TRUE,monoclinic,7.621173,High Band Gap,0.44398766700924974,0.6929113261836254,0.3383308345827085,0.179794151413517,0.34791480099928945,0.5201752627354439,-0.3022952663325903,-0.32166656268930627,1.26779231703889,1.2944531574543106,1.355061658688792,5.925917517596755
mp-762562,li2fe(si2o5)2,p21/m,-2.898,?,3.171,68,2.518,902.44,TRUE,monoclinic,7.984577999999999,High Band Gap,0.08941418293936254,0.8294533089196965,0.15892053973013479,0.5585306269780393,-1.5290341150425946,1.000266922433923,-1.3165103021142086,1.4851799268298043,1.360463601085369,1.4281558152148082,1.2578926463153663,6.806209699415415
mp-761782,li7fe3(sio6)2,c2/m,-2.409,0.078,1.658,24,3.692,208.83,TRUE,?,6.121336,Low Band Gap,0.5919835560123331,0.43369081872874704,0.7456271864067968,0.06177104841545577,1.1313369572602499,-0.391263118033125,2.0001706226981044,-0.8847219932927146,1.226418993155766,0.9775739602910536,1.5458589307912292,5.346297679066604
mp-767149,li2fesi3o8,p21,-2.827,0.081,2.614,28,2.719,344.39,TRUE,monoclinic,7.107466,High Band Gap,0.16238437821171628,0.6837562123986398,0.2593703148425786,0.15885835752279823,-1.1427634685528147,0.487985208924243,-0.7486628865373135,-0.4215454181398066,1.3420812064435652,1.2848151921700368,1.313454814942933,5.844674213353683
mp-762541,li4fe(sio3)3,c2,-2.758,0.082,3.073,34,2.702,383.352,TRUE,monoclinic,8.303246,High Band Gap,0.23329907502569364,0.8038189903217369,0.2508745627186406,0.18676272265587787,-0.7673736853444384,0.910134771762561,-0.7966897823821252,-0.28842144557335925,1.3238869009912735,1.4043798286662754,1.3088732141513058,5.95155879937208
mp-761991,li3fe3sio8,p2/m,-2.257,0.083,1.476,15,3.942,145.111,TRUE,monoclinic,5.818392,Low Band Gap,0.7482014388489208,0.3860842270468219,0.8705647176411796,0.016135859207645507,1.9582825666468169,-0.5586513978513686,2.706448502768869,-1.102434800847806,1.1808065262940965,0.9066443548223496,1.5977701075664184,4.984366606819083
mp-762585,lifesio4,p21/c,-2.528,0.094,2.351,28,3.058,336.427,TRUE,monoclinic,7.1893579999999995,Low Band Gap,0.4696813977389516,0.6149620716714622,0.42878560719640174,0.15315530173627,0.48392559201681673,0.24609994742864916,0.20904991883864363,-0.44875311265103845,1.260731138144545,1.2092588087551734,1.4006902414036229,5.821349190620871
mp-766984,li2fe(si2o5)3,p21,-2.89,0.095,0.332,48,2.555,621.599,TRUE,monoclinic,0.8482600000000001,Low Band Gap,0.09763617677286718,0.08684279361757782,0.17741129435282363,0.35739388327034405,-1.4855106619169856,-1.6108062995660433,-1.2119811758637344,0.5256124102871819,1.358409157630355,0.2866815721181974,1.2683550632552043,6.433902651838534
mp-762714,li2fesi4o11,c2/c,-2.785,0.098,0.03,36,2.788,426.538,FALSE,monoclinic,0.08363999999999999,Low Band Gap,0.20554984583761537,0.007847240387130526,0.2938530734632683,0.2176922928175015,-0.9142653396433691,-1.888560478165547,-0.5537301916377825,-0.14086506039665883,1.3310458868894122,0.0295588022415444,1.3318381753238318,6.058043173315321
mp-761452,li2fe(si2o5)3,cc,-2.876,0.109,0.264,48,2.309,687.797,TRUE,monoclinic,0.6095760000000001,Low Band Gap,0.11202466598150052,0.06905571540674862,0.054472763618190916,0.4048045183270559,-1.4093446189471688,-1.6733469755420904,-1.906958609853367,0.7517953766634891,1.3548036940285197,0.2342812957246657,1.1966460289394751,6.53494659770334
mp-780871,life2(sio4)2,p2,-2.423,0.117,2.528,78,2.474,1219.453,FALSE,monoclinic,6.254272,High Band Gap,0.5775950668036998,0.6612607899555323,0.1369315342328836,0.7855735535201313,1.055170914290433,0.4088896481310071,-1.4408152090066622,2.568338643405113,1.2305173595480483,1.260731138144545,1.2453066678189133,7.1069773802836655
mp-763301,li2cosio4,pc,-2.537,0,2.957,16,3.216,170.265,TRUE,monoclinic,9.509712,High Band Gap,0.460431654676259,0.7734763274914987,0.5077461269365319,0.034151012448174374,0.4349617072505073,0.80344773627401,0.6554175390433681,-1.016489510412602,1.2632789102233435,1.3754861624032872,1.4388868112390611,5.143212064547321
mp-764958,li2cosio4,p21,-2.523,0.014,2.934,16,3.201,171.08,TRUE,monoclinic,9.391734000000001,High Band Gap,0.4748201438848919,0.7674601098613655,0.5002498750624689,0.034734710861589,0.5111277502203216,0.7822942723409355,0.6130408662391218,-1.0137048474681518,1.2593128993591005,1.3696567199668674,1.435322592187245,5.1479594849594745
mp-763512,li2cosio4,p21/c,-2.516,0.02,2.769,32,3.15,347.706,TRUE,monoclinic,8.72235,High Band Gap,0.4820143884892086,0.7243002877321476,0.47476261869065467,0.1612332580613048,0.5492107717052301,0.6305411615167036,0.4689601787046853,-0.41021542755846213,1.2573239798229305,1.3268097142849984,1.423108334242607,5.854229160301566
mp-763470,li2cosio4,p21/c,-2.515,0.021,2.827,32,3.108,352.365,TRUE,monoclinic,8.786316,High Band Gap,0.48304213771839655,0.7394716191472666,0.4537731134432784,0.16457000764179394,0.5546512033459305,0.6838846792609788,0.35030549485279733,-0.3942967224563863,1.2570395252626283,1.3420812064435652,1.4129362920663118,5.867501517063643
mp-764634,li2cosio4,c2/m,-2.51,0.027,2.457,16,3.088,177.349,TRUE,monoclinic,7.587216,Low Band Gap,0.4881808838643373,0.64268898770599,0.4437781109445278,0.039224533381461583,0.581853361549438,0.34358982468542837,0.2938032644471361,-0.9922851517641569,1.2556160374777743,1.2404011609394874,1.4080558529014033,5.18374230483656
mp-763396,li4co2si3o10,c2/c,-2.617,0.038,2.876,38,3.078,420.615,TRUE,monoclinic,8.852328,High Band Gap,0.3782117163412127,0.7522887784462464,0.43878060969515237,0.2134502735504405,-2.7282400558187786e-4,0.7289507545966598,0.26555214924430487,-0.16110255563589368,1.285644952969961,1.3548036940285197,1.4056066721522633,6.044092575341872
mp-763465,li2cosio4,p21/c,-2.495,0.042,2.684,32,3.13,349.97,TRUE,monoclinic,8.400920000000001,High Band Gap,0.5035971223021581,0.7020664399686111,0.46476761619190404,0.16285472212016452,0.6634598361599529,0.5523653165466447,0.4124579482990241,-0.40247987307228483,1.2513333756857736,1.3039991183930604,1.4182774069729414,5.86070074972762
mp-781591,li3co2(sio4)2,pc,-2.452,0.043,0,30,3.115,344.253,TRUE,monoclinic,0,Low Band Gap,0.5477903391572456,0,0.4572713643178412,0.1587602388937948,0.8973983967101015,-1.9161519528608615,0.3700812754947791,-0.4220135148556221,1.2389537732211815,0,1.4146388341290332,5.844277481607189
mp-763382,li2co2si2o7,p21/c,-2.478,0.047,2.825,52,3.322,599.601,TRUE,monoclinic,9.38465,High Band Gap,0.5210688591983553,0.7389484697881246,0.5607196401799102,0.3416390394687556,0.7559471740518713,0.6820452476146247,0.954879360193372,0.45045042813747915,1.2464574159320914,1.3415584672784993,1.4637182580846944,6.397930820549509
mp-763575,li10co(sio5)2,c2/m,-2.444,0.048,1.941,46,2.409,474.87,TRUE,monoclinic,4.675869,Low Band Gap,0.5560123329907503,0.507716453047345,0.10444777611194388,0.2523073992189184,0.9409218498357104,-0.1309835400739877,-1.624447457825062,0.024273994120089154,1.2366335865654843,1.078749659571858,1.226418993155766,6.1651447076866015
mp-773761,lico(sio3)2,cc,-2.638,0.052,1.711,20,2.745,263.753,TRUE,monoclinic,4.696695,Low Band Gap,0.35662898252826314,0.447554276746011,0.27236381809095456,0.10110659192462196,-0.11452188846030469,-0.3425181794047352,-0.6752099870099533,-0.6970630449515878,1.2914340800959305,0.9973175705165285,1.320421616969183,5.578797315862075
mp-763389,li2co(sio3)2,c2/c,-2.687,0.053,3.233,22,2.861,261.142,TRUE,monoclinic,9.249613,High Band Gap,0.30626927029804735,0.8456709390530996,0.33033483258370827,0.09923660841857836,-0.3811030388546587,1.0572893034709072,-0.34749705065711806,-0.7059842166668743,1.3048131192520074,1.4429109615387867,1.3509262172820993,5.5688863416732435
mp-762751,li3co2(sio4)2,pc,-2.438,0.057,0.315,30,3.035,353.345,FALSE,monoclinic,0.956025,Low Band Gap,0.5621788283658785,0.08239602406487052,0.4172913543228387,0.16527187812663607,0.9735644396799158,-1.6264414685600552,0.14407235387213413,-0.3909482933943484,1.2348899069606576,0.27383666562972786,1.395006301721912,5.870271014813832
mp-767356,lico(sio3)2,c2/c,-2.632,0.058,1.238,20,3.405,212.692,TRUE,monoclinic,4.215389999999999,Low Band Gap,0.3627954779033914,0.3238294533089197,0.6021989005497251,0.06453699108123148,-0.0818792986160992,-0.7775437637675335,1.1893636163768653,-0.8715264493768063,1.2897834607390468,0.8055826098897335,1.4827402593881427,5.364535725966906
mp-762812,li3co2(sio4)2,pc,-2.436,0.059,0.35,30,3.052,351.323,FALSE,monoclinic,1.0682,Low Band Gap,0.5642343268242549,0.09155113784985613,0.42578710644677664,0.16382373310586998,0.9844453029613193,-1.5942514147488545,0.19209924971694586,-0.39785699090806337,1.234308004122009,0.30010459245033805,1.399210586386437,5.864548368484439
mp-762978,licosio4,cc,-2.376,0.06,1.281,112,2.998,1399.85,FALSE,monoclinic,3.8404380000000002,Low Band Gap,0.6258992805755397,0.3350771645304734,0.3988005997001501,0.9147728696977445,1.310871201403386,-0.7379959833709155,0.03954322762166115,3.18471268167495,1.2166915767337108,0.8246139433022509,1.3857942360782083,7.244834474223836
mp-774355,li3co2(sio4)2,pc,-2.433,0.063,0.541,30,3.092,346.722,TRUE,monoclinic,1.6727720000000001,Low Band Gap,0.5673175745118192,0.1415119016479205,0.44577711144427795,0.16052852279897353,1.0007665978834233,-1.4185856925220164,0.30510371052826835,-0.41357752367789613,1.233434514475555,0.4324315563379787,1.40903384808938,5.851403309948608
mp-763592,licosio4,pc,-2.372,0.063,1.468,28,2.961,354.341,TRUE,monoclinic,4.346748,Low Band Gap,0.630010277492292,0.38399162961025374,0.38030984507746124,0.16598520772143477,1.3326329279661906,-0.566009124436786,-0.06498589862881309,-0.3875451961027263,1.215506040139609,0.9034081060431414,1.3764965186397795,5.8730778918099125
mp-763255,licosio4,pc,-2.372,0.064,1.373,14,2.964,176.961,TRUE,monoclinic,4.069572,Low Band Gap,0.630010277492292,0.35914203505100706,0.38180909545227387,0.03894664996501391,1.3326329279661906,-0.6533821276386165,-0.05651056406796358,-0.993610856331576,1.215506040139609,0.8641549774536265,1.3772536164677416,5.181564425162332
mp-779186,li3co2(sio4)2,p21,-2.431,0.064,0.022,30,3.032,353.617,TRUE,monoclinic,0.066704,Low Band Gap,0.5693730729701951,0.005754642950562386,0.415792103948026,0.16546668299589837,1.0116474611648243,-1.8959182047509642,0.13559701931128465,-0.3900189334914155,1.2328517638763126,0.02176149178151269,1.3942625307690675,5.871038333833316
mp-762886,licosio4,p21/c,-2.369,0.066,1.374,28,3.015,347.967,TRUE,monoclinic,4.14261,Low Band Gap,0.6330935251798558,0.3594036097305781,0.407296351824088,0.16142018479247192,1.348954222888292,-0.6524624118154392,0.0875701234664729,-0.40932365206336846,1.2146159644244159,0.8645762961874763,1.390037347398725,5.854977361857813
mp-763256,licosio4,pc,-2.369,0.067,1.59,14,2.998,174.957,TRUE,monoclinic,4.766820000000001,Low Band Gap,0.6330935251798558,0.4159037405179179,0.3988005997001501,0.03751139644294903,1.348954222888292,-0.453803794009172,0.03954322762166115,-1.0004580520870086,1.2146159644244159,0.9516578757114464,1.3857942360782083,5.1702396470057845
mp-763399,li2co2(sio3)3,p21/c,-2.598,0.069,2.727,64,2.739,872.856,TRUE,monoclinic,7.469252999999999,High Band Gap,0.39773895169578627,0.7133141511901647,0.26936531734132924,0.5373427326682753,0.10309537716773991,0.5919130969432624,-0.6921606561316522,1.3840983703284493,1.2803781355283412,1.3156036204971213,1.3188181959949767,6.77291560235576
mp-765005,li2co(sio3)2,p21,-2.669,0.072,2.883,22,2.947,253.565,TRUE,monoclinic,8.496201000000001,High Band Gap,0.32476875642343256,0.7541198012032435,0.3733133433283359,0.09381000365975323,-0.28317526932203985,0.7353887653589001,-0.10453745991277533,-0.7318730401393853,1.299919145373145,1.3566080507495302,1.37295579668071,5.539556206131339
mp-763385,li2co(si2o5)2,p21/c,-2.858,0.075,3.254,68,2.429,943.786,FALSE,monoclinic,7.903966,High Band Gap,0.1305241521068857,0.851164007324091,0.1144427786106945,0.5881423994946532,-1.31141684941455,1.0766033357576277,-1.5679452274194008,1.6264494656043107,1.3501489144835375,1.4478597167780454,1.2322686734807833,6.850958446822476
mp-779222,li3co2(sio4)2,pc,-2.418,0.078,0.147,30,3.003,357.078,TRUE,monoclinic,0.441441,Low Band Gap,0.5827338129496401,0.038451477896939576,0.40129935032483766,0.1679454317183866,1.0823730724939382,-1.7809537268538185,0.05366878522307615,-0.3781935120794636,1.2290555846933993,0.13714983814723364,1.3870440800104367,5.8807508397639054
mp-763313,licosio4,p21,-2.357,0.079,1.434,14,2.952,177.732,TRUE,monoclinic,4.233168,Low Band Gap,0.6454265159301128,0.3750980905048391,0.3758120939530235,0.039498835826047844,1.4142394025767056,-0.5972794624248096,-0.09041190231136033,-0.990976531018483,1.211047717997898,0.8895359945653354,1.3742217798856213,5.185887477202903
mp-762976,licosio4,p21/c,-2.352,0.083,1.403,84,3.017,1043.295,FALSE,monoclinic,4.232851,Low Band Gap,0.6505652620760536,0.3669892754381376,0.408295852073963,0.6594101852866461,1.441441560780213,-0.6257906529433015,0.09322034650703839,1.9664482692107639,1.2095571826198366,0.8767179567543318,1.3905353553771451,6.951097295577843
mp-764963,li2cosi3o8,p21,-2.772,0.085,3.159,28,2.771,341.661,TRUE,monoclinic,8.753589,High Band Gap,0.21891058581706074,0.8263144127648443,0.2853573213393303,0.15690386308082468,-0.8435397283142528,0.989230332555797,-0.6017570874825943,-0.4308697680482772,1.327605364771211,1.4252746607607745,1.32734021827622,5.836741620245283
mp-763253,licosio4,pc,-2.349,0.086,1.474,14,3.096,169.421,TRUE,monoclinic,4.563504,Low Band Gap,0.6536485097636174,0.38556107768767983,0.44777611194402805,0.033546544397963424,1.4577628557023143,-0.560490829497723,0.31640415660940063,-1.0193732595231733,1.2086617938120676,0.9058362739702962,1.4100108877372066,5.13827184623848
mp-764463,li3co2si3o10,cc,-2.539,0.089,0.724,36,2.914,436.508,TRUE,monoclinic,2.109736,Low Band Gap,0.45837615621788264,0.18938006800941667,0.35682158920539736,0.22483275070921144,0.42408084396910384,-1.2502776968805953,-0.19776614008211604,-0.1067999198369474,1.2638442013633264,0.5446471722415014,1.3645598689738845,6.081094991344773
mp-762974,licosio4,p21/c,-2.347,0.089,1.494,84,2.999,1049.613,FALSE,monoclinic,4.480506,Low Band Gap,0.6557040082219938,0.39079257127910016,0.39930034982508755,0.6639351013307608,1.4686437189837178,-0.5420965130341797,0.042368339141943906,1.9880353863678608,1.2080644222291896,0.9138878472578447,1.3860443298646814,6.957129082324897
mp-763384,li2co(si2o5)2,p21/m,-2.842,0.091,2.499,68,2.564,894.099,FALSE,monoclinic,6.407436000000001,Low Band Gap,0.14696813977389497,0.6536751242479728,0.18190904547726136,0.5525568497187863,-1.2243699431633321,0.38221788925886946,-1.1865551721811871,1.4566806953946434,1.345993064346365,1.252477213385551,1.2708835096085629,6.79693432668266
mp-763364,li4co(sio3)3,c2,-2.706,0.092,2.938,34,2.754,379.735,TRUE,monoclinic,8.091252,High Band Gap,0.2867420349434737,0.7685064085796496,0.2768615692153923,0.1841722476113127,-0.4844712400279805,0.7859731356336441,-0.649783983327406,-0.30077988222375796,1.309953127863168,1.3706729802169337,1.3228219381643171,5.942103595070144
mp-763500,licosio4,p21/c,-2.341,0.095,0.892,28,3.84,273.243,TRUE,monoclinic,3.42528,Low Band Gap,0.6618705035971221,0.23332461417734765,0.8195902048975513,0.10790327651763376,1.5012863088279234,-1.095765438586832,2.418287127699996,-0.664637951279405,1.2062701633746196,0.6376344706296866,1.5769147207285403,5.614014574672802
mp-850488,licosio4,pc,-2.338,0.098,1.255,28,3.019,347.495,FALSE,monoclinic,3.788845,Low Band Gap,0.6649537512846864,0.32827622286162694,0.4092953523238382,0.16108214104875207,1.5176076037500272,-0.7619085947735218,0.09887056954760515,-0.410936364836105,1.2053718252396433,0.8131499729546416,1.391033115467064,5.853623882895361
mp-763246,licosio4,pc,-2.338,0.098,1.386,14,2.841,184.681,TRUE,monoclinic,3.937626,Low Band Gap,0.6649537512846864,0.36254250588543024,0.32033983008495764,0.0444756705190762,1.5176076037500272,-0.6414258219373135,-0.40399928106277927,-0.9672334355571552,1.2053718252396433,0.8696183236757243,1.3457327493637679,5.22403014756133
mp-767301,li3co2(sio4)2,c2,-2.396,0.099,0.637,15,2.931,182.928,TRUE,monoclinic,1.8670470000000001,Low Band Gap,0.6053442959917781,0.16662307088673817,0.36531734132933535,0.043220181784455566,1.2020625685893638,-1.3302929734970086,-0.1497392442373043,-0.9732230234609843,1.2225982684491008,0.49286529838899784,1.3688938464397233,5.214544376681635
mp-762293,licosio4,cc,-2.333,0.102,1.266,14,2.884,181.921,TRUE,monoclinic,3.651144,Low Band Gap,0.6700924974306267,0.3311535443369082,0.3418290854572713,0.04249897405156169,1.5448097619535321,-0.7517917207185729,-0.28251948569060853,-0.9766637051604456,1.2038727993256026,0.8180161626058146,1.3568655504290785,5.209054365645675
mp-849671,li5co2(sio5)2,pc,-2.301,0.103,0.235,38,2.838,431.503,TRUE,monoclinic,0.66693,Low Band Gap,0.7029804727646453,0.061470049699189115,0.31884057971014496,0.2212481978759107,1.718903574455968,-1.7000187344142283,-0.41247461562362875,-0.1239008254037835,1.194225452871056,0.2110709700799405,1.344951397585508,6.069589262764062
mp-765142,licosio4,cc,-2.332,0.104,1.552,14,2.724,192.593,TRUE,monoclinic,4.227648,Low Band Gap,0.6711202466598152,0.4059639026942192,0.26186906546726646,0.05014220039261774,1.5502501935942352,-0.4887529952899042,-0.7345373289358972,-0.9401999960277235,1.2035727243045962,0.9368773654825434,1.3147983594148207,5.265758017164003
mp-566680,li2mnsio4,p21nm,-2.705,0,3.052,16,3.039,175.842,TRUE,orthorhombic,9.275028,High Band Gap,0.2877697841726617,0.7983259220507455,0.4192903548225888,0.0381452284624238,-0.47903080838727996,0.8908207394758406,0.1553727999532664,-0.9974342156381274,1.3096832587480502,1.399210586386437,1.3959971365812758,5.175256678552537
mp-763876,li2mnsio4,pcmn,-2.705,0,3.07,32,3.013,354.747,TRUE,orthorhombic,9.24991,High Band Gap,0.2877697841726617,0.8030342662830238,0.40629685157421286,0.16627598263658364,-0.47903080838727996,0.9073756242930294,0.08191990042590615,-0.3861579897770249,1.3096832587480502,1.4036429994545037,1.3895390912847796,5.874219804046141
mp-849238,li2mnsio4,pmnb,-2.695,0.01,2.882,32,2.97,359.824,TRUE,orthorhombic,8.55954,High Band Gap,0.2980472764645427,0.7538582265236725,0.3848075962018992,0.1699121014646891,-0.4246264919802676,0.734469049535723,-0.03955989494626458,-0.36881107717705947,1.3069805544001651,1.3563504847468186,1.3787660946990992,5.8883903048231945
mp-775454,li2mnsio4,pna21,-2.694,0.011,2.88,32,2.957,361.437,TRUE,orthorhombic,8.51616,High Band Gap,0.2990750256937307,0.7533350771645304,0.3783108445777111,0.17106732298718944,-0.41918606033956707,0.7326296178893684,-0.07628634470994533,-0.3632998362820931,1.3067098817770482,1.355835153635182,1.3754861624032872,5.89285066608751
mp-780918,li2mnsio4,pna21,-2.694,0.011,2.965,32,2.926,365.204,TRUE,orthorhombic,8.67559,High Band Gap,0.2990750256937307,0.775568924928067,0.3628185907046478,0.1737652271875978,-0.41918606033956707,0.8108054628594273,-0.16386480183871932,-0.35042888497934155,1.3067098817770482,1.3775058550868113,1.3676210958542694,5.903190555173655
mp-780833,li2mnsio4,c2221,-2.691,0.014,2.962,16,2.882,185.391,TRUE,orthorhombic,8.536484000000002,High Band Gap,0.30215827338129503,0.774784200889354,0.34082958520739637,0.04498416852340057,-0.40286476541746313,0.8080463153898961,-0.28816970873117403,-0.9648075328693526,1.3058974240478616,1.3767489482763593,1.3563504847468186,5.227846617824014
mp-850110,li2mn(sio3)2,fdd2,-2.849,0.014,3.487,22,2.74,267.86,TRUE,orthorhombic,9.554380000000002,High Band Gap,0.1397738951695783,0.9121109076641382,0.269865067466267,0.10404800221160822,-1.2624529646482405,1.2908971225579067,-0.6893355446113683,-0.6830303937701699,1.3478133743016092,1.5011843269938463,1.3190856114264407,5.594190798026107
mp-768020,li2mnsio4,pbn21,-2.685,0.019,2.823,32,2.997,356.585,TRUE,orthorhombic,8.460531,High Band Gap,0.3083247687564233,0.7384253204289825,0.39830084957521233,0.1675923478928487,-0.37022217557325765,0.6802058159682702,0.03671811610137715,-0.3798779769035296,1.3042705256412999,1.3410354547142758,1.3855440797291865,5.8793730961108635
mp-868361,li2mn2si2o7,c2cm,-2.712,0.033,2.869,26,3.3,293.746,TRUE,orthorhombic,9.4677,High Band Gap,0.280575539568345,0.7504577556892493,0.5497251374312844,0.12258740973265178,-0.5171138298721883,0.72251274383442,0.89272690674714406,-0.5945840318314847,1.3115708149239542,1.3529960757183759,1.4586150226995167,5.6861139685026645
mp-761776,limn(sio3)2,pbca,-2.824,0.036,0.037,80,3.343,850.626,FALSE,orthorhombic,0.123691,Low Band Gap,0.16546762589928063,0.0096782631441276485,0.5712143928035982,0.5214217317723161,-1.1264421736307109,-1.8821224674033066,1.014206702119316,1.3081436988497745,1.341296995189155,0.036331929247390274,1.4685653535526848,6.747147463318887
mp-780533,limnsio4,pmnb,-2.632,0.046,0.99,28,3.598,284.227,TRUE,orthorhombic,3.56202,Low Band Gap,0.3627954779033914,0.25895893277530735,0.6986506746626687,0.11576995550284362,-0.0818792986160992,-1.00563328791547,1.734610139791496,-0.627108211669789,1.2897834607390468,0.688134638736401,1.5256214263409897,5.653285354465913
mp-762836,li3mn(si2o5)3,cmce,-2.972,0.051,1.369,100,2.603,1235.941,FALSE,orthorhombic,3.5635070000000004,Low Band Gap,0.013360739979444916,0.358095736332723,0.20139930034982514,0.7973821663304135,-1.9316260564544758,-0.6570609909313251,-1.0763758228901474,2.624674253991725,1.3792697461829262,0.8624679251766484,1.2817668317659563,7.120396675216192
mp-780325,limnsio4,cmcm,-2.626,0.052,0,14,3.609,141.676,TRUE,orthorhombic,0,Low Band Gap,0.3689619732785201,0,0.7041479260369816,0.013675731538836703,-0.049236708771891305,-1.9161519528608615,1.7656863665146099,-1.1141713863866833,1.2881301123326592,0,1.5280109137383713,4.960576325334603
mp-762828,limnsio4,pna21,-2.623,0.054,0.11,84,3.55,864.216,FALSE,orthorhombic,0.39049999999999996,Low Band Gap,0.372045220966084,0.02877321475281193,0.6746626686656672,0.5311548132917081,-0.03291541384978977,-1.8149832123113736,1.599004786817909,1.354577526352932,1.2873024119129401,0.10436001532424277,1.5151272329628591,6.76297918674194
mp-850152,li2mnsio4,pca21,-2.65,0.054,2.852,64,2.8,763.324,TRUE,orthorhombic,7.985599999999999,High Band Gap,0.3442959917780062,0.7460109861365419,0.29985007496251864,0.45889653068284114,-0.17980706814871805,0.7068775748404078,-0.5198288533943858,1.0098533376517869,1.2947271675944,1.348592493935879,1.33500106673234,6.638991783038048
mp-761523,li2mn2(si2o5)3,cmce,-2.95,0.055,3.376,100,2.634,1342.122,FALSE,orthorhombic,8.892384,High Band Gap,0.03597122302158243,0.8830761182317551,0.21689155422288847,0.873428400974311,-1.8119365603590525,1.1888086661852415,-0.9887973657613734,2.9874697093348277,1.3737155789130306,1.47613506511968,1.2903339699739793,7.202752033797259
mp-761666,li3mn(si2o5)3,pcmn,-2.968,0.055,1.154,100,2.76,1165.318,FALSE,orthorhombic,3.1850399999999994,Low Band Gap,0.017471736896197233,0.3018571802249542,0.2798600699650174,0.7468023711763279,-1.9098643298916713,-0.8547998929144153,-0.6328333142057082,2.3833721053710124,1.3782621894226263,0.7673265787341967,1.324418957401803,7.061607056999843
mp-762845,li4mn2si4o13,pna21,-2.757,0.059,1.363,92,3.047,998.5,FALSE,orthorhombic,4.153061,Low Band Gap,0.2343268242548816,0.35652628825529686,0.42328835582208907,0.6273282583800113,-0.7619332537037379,-0.6625792858703881,0.17797369211553088,1.8133943101964929,1.3236207665918318,0.8599319982047707,1.3979758658937285,6.907255153940455
mp-775449,li2mn(sio3)2,fdd2,-2.802,0.061,3.072,66,2.661,827.376,TRUE,orthorhombic,8.174592,High Band Gap,0.18807810894141813,0.8035574156421659,0.2303848075962019,0.5047702126166232,-1.0067526775352875,0.9092150559393839,-0.9125193547137305,1.2287039277351013,1.3355272440662374,1.4041342792482217,1.2977363341380992,6.719467157590399
mp-850153,li2mn2(sio3)3,pnma,-2.779,0.067,3.077,64,3.034,770.62,TRUE,orthorhombic,9.335617999999998,High Band Gap,0.21171634121274407,0.804865289040021,0.41679160419790096,0.46412188482305344,-0.8816227497991612,0.9138136350552697,0.14124724235185013,1.034782050342224,1.3294594243673519,1.4053614238371164,1.39475843953202,6.648492200861542
mp-780089,li3mnsi2o7,pbnm,-2.709,0.069,1.472,52,2.895,559.694,TRUE,orthorhombic,4.26144,Low Band Gap,0.2836587872559094,0.3850379283285378,0.3473263368315842,0.3130578706538639,-0.5007925349500845,-0.5623302611440774,-0.25144325896749453,0.3140976132612094,1.3107622985074538,0.9050275395954444,1.3596936793227117,6.329175302162795
mp-761485,li2mn(sio3)2,pmn21,-2.791,0.072,2.607,66,2.933,750.79,TRUE,orthorhombic,7.646331,High Band Gap,0.19938335046248712,0.6819251896416427,0.3663168415792103,0.44991975042058513,-0.9469079294875746,0.48154719816200314,-0.14408902119673883,0.9670276133011928,1.3326298365341978,1.282876401921402,1.3694024934496725,6.622457029631663
mp-849442,li2mn(si2o5)2,p212121,-2.939,0.073,3.783,68,2.29,989.646,FALSE,orthorhombic,8.66307,High Band Gap,0.047276464542651414,0.9895370128171593,0.04497751124437775,0.6209870734077745,-1.7520918123113396,1.5631330062183468,-1.9606357287387455,1.7831422786502857,1.370926883988769,1.5650679646981598,1.1908875647772805,6.898357255579126
mp-780825,limnsio4,pcmn,-2.603,0.074,1.059,28,3.325,307.52,TRUE,orthorhombic,3.521175,Low Band Gap,0.39260020554984554,0.27700758566570755,0.5622188905547228,0.13245227101654478,0.07589321896423251,-0.9421728961162458,0.9633546947542215,-0.5475215196881079,1.2817668317659563,0.7222204280456523,1.4644121403838426,5.731786671065798
mp-774444,li2mn3(sio3)4,pnma,-2.762,0.076,1.527,84,2.856,1123.305,FALSE,orthorhombic,4.361111999999999,Low Band Gap,0.22918807810894132,0.39942453570494374,0.3278360819590204,0.7167128970133979,-0.7891354119072429,-0.5117458908693334,-0.36162260825853426,2.2398235847757104,1.3249507308788386,0.9270328284060572,1.349630376748299,7.024920345957423
mp-780637,li3mnsio5,p21nb,-2.529,0.077,0.235,40,2.798,436.412,TRUE,orthorhombic,0.65753,Low Band Gap,0.46865364850976365,0.061470049699189115,0.2988505747126437,0.2247639960494718,0.4784851603761162,-1.7000187344142283,-0.5254790764349513,-0.10712792921445315,1.261014544693133,0.2110709700799405,1.3344746123900941,6.080875542708589
mp-763718,li2mn(sio3)2,pm21n,-2.784,0.079,2.76,66,2.933,750.671,TRUE,orthorhombic,8.09508,High Band Gap,0.2065775950668038,0.7219461156160083,0.3663168415792103,0.4498345232902829,-0.9088249080026662,0.6222637191081087,-0.14408902119673883,0.9666210183436599,1.3307816511896318,1.324418957401803,1.3694024934496725,6.622298728218793
mp-767364,li2mn2si2o7,c2cm,-2.666,0.079,2.696,26,2.944,329.286,TRUE,orthorhombic,7.937024,High Band Gap,0.3278520041109969,0.7052053361234633,0.37181409295352325,0.14804095772376238,-0.2668539743999359,0.5634019064247706,-0.11301279447362482,-0.47315222686737757,1.2991011494175133,1.3072511537794378,1.372195436740389,5.799958945788484
mp-761619,limn(sio3)2,pbca,-2.78,0.08,1.2,80,3.306,860.04,TRUE,orthorhombic,3.9672,Low Band Gap,0.2106885919835561,0.31388961548522104,0.5527236381809096,0.528163985593034,-0.8870631814398617,-0.8124929650482657,0.909677575868843,1.340309118431432,1.3297240096314962,0.7884573603642702,1.4600093989421714,6.758140960956043
mp-775156,limnsio4,pbca,-2.595,0.082,1.267,56,2.994,683.102,TRUE,orthorhombic,3.793398,Low Band Gap,0.4008221993833502,0.3314151190164792,0.3968015992003999,0.40144198574916434,0.11941667208984143,-0.7508720048953959,0.028242781540528908,0.7357536680448484,1.27954399117301,0.8184573715253919,1.3847932349936236,6.528107029311867
mp-849469,li2mn2(sio3)3,pnma,-2.764,0.083,3.248,64,2.436,959.619,FALSE,orthorhombic,7.912128,High Band Gap,0.22713257965056538,0.8495945592466649,0.11794102948525728,0.599481904991087,-0.8000162751886439,1.0710850408185648,-1.548169446777419,1.680547095542316,1.3254822217231332,1.4464482839396378,1.234308004122009,6.867577868339717
mp-850969,limnsio4,pna21,-2.591,0.087,1.569,28,2.988,342.286,TRUE,orthorhombic,4.688172,Low Band Gap,0.4049331963001025,0.4104106722469265,0.3938030984507746,0.1573514845635046,0.1411783986526459,-0.4731178262958925,0.011292112418829907,-0.4287342903301408,1.2784307152439458,0.9435167181277465,1.383289852099592,5.838563918973777
mp-780790,li2mn2si2o9,pnca,-2.481,0.088,0.889,60,3.573,602.169,TRUE,orthorhombic,3.176397,Low Band Gap,0.5179856115107915,0.23253989013863458,0.6861569215392305,0.34347822661679084,0.7396258791297697,-1.0985245860563635,1.6639823517844197,0.45922467898575786,1.2473196088293017,0.6360475885193725,1.5201694446759182,6.402197422800159
mp-780750,limnsio4,ibmm,-2.584,0.093,0,14,3.855,132.65,TRUE,orthorhombic,0,Low Band Gap,0.41212744090441916,0,0.8270864567716143,0.007211361134566479,0.1792614201375543,-1.9161519528608615,2.4606638005042423,-1.1450111014009219,1.276479495112684,0,1.5800091017432882,4.895224442584928
mp-761352,limnsio4,imma,-2.581,0.097,0.903,14,3.739,136.74,TRUE,orthorhombic,3.376317,Low Band Gap,0.4152106885919835,0.23620193565262884,0.7691154422788606,0.010140596117223835,0.19558271505965824,-1.0856485645318832,2.1329508641514074,-1.1310365352134373,1.2756420910162956,0.6434315883140125,1.5558261429854512,4.925367850116552
mp-764790,li2fesio4,pcmn,-2.626,0,3.121,32,3.094,347.336,TRUE,orthorhombic,9.656374,High Band Gap,0.3689619732785201,0.8163745749411457,0.4467766116941529,0.1609682661435583,-0.049236708771891305,0.9542811312750649,0.31075393356883385,-0.4114796303675989,1.2881301123326592,1.4160958523566802,1.4095224872390977,5.853167531203891
mp-18968,li2fesio4,p21nm,-2.626,0.001,3.124,16,3.123,172.094,TRUE,orthorhombic,9.756252000000002,High Band Gap,0.3689619732785201,0.8171592989798588,0.4612693653173415,0.03546093195508888,-0.049236708771891305,0.9570402787445965,0.3926821676570436,-1.0102402484182476,1.2881301123326592,1.4168235661547135,1.416581053724763,5.1538347995363605
mp-761416,life(sio3)2,pbca,-2.818,0.003,2.745,80,3.333,856.726,TRUE,orthorhombic,9.149085000000001,High Band Gap,0.17163412127440889,0.7180224954224431,0.5662168915542231,0.525790517443272,-1.0937995837865053,0.6084679817604516,0.985955586916486,1.3289859613787858,1.3397267253035559,1.320421616969183,1.4662601427577724,6.754284701166402
mp-764346,li2fesio4,p21cn,-2.621,0.005,2.993,32,3.065,350.604,TRUE,orthorhombic,9.173544999999999,High Band Gap,0.3741007194244604,0.7828930159560554,0.43228385807096453,0.163308789352195,-0.022034550568386334,0.8365575059083878,0.22882569948062537,-0.40031364447500745,1.2867502307835041,1.3845428280810843,1.4024137429997738,5.862505542310587
mp-763645,li2fesio4,pmnb,-2.621,0.005,3.089,32,3.049,352.518,TRUE,orthorhombic,9.418360999999999,High Band Gap,0.3741007194244604,0.8080041851948732,0.424287856071964,0.16467958538075397,-0.022034550568386334,0.9248502249333956,0.18362391515609638,-0.39377395751098665,1.2867502307835041,1.4083004413825053,1.398469937050024,5.867934403417932
mp-764341,li3fesio5,p21nb,-2.56,0.008,2.314,40,2.831,433.391,TRUE,orthorhombic,6.550934,Low Band Gap,0.4367934224049331,0.6052838085273345,0.31534232883558216,0.2226003728507902,0.30983177951438107,0.2120704619710942,-0.4322503962656105,-0.11744997431283702,1.269760544863939,1.1981559190043711,1.343125865718512,6.073945050173056
mp-762557,li2fesio4,pna21,-2.618,0.009,2.946,32,3.01,357.063,TRUE,orthorhombic,8.86746,High Band Gap,0.37718396711202473,0.7705990060162177,0.4047976011994002,0.1679346888028023,-0.005713255646282388,0.7933308622190615,0.07344456586505664,-0.3782447635446988,1.2859213869731034,1.3727024076004237,1.3887912413184778,5.880708948572081
mp-863851,lifesio4,pbnm,-2.611,0.01,2.3,28,3.563,288.72,TRUE,orthorhombic,8.1949,Low Band Gap,0.3843782117163409,0.6016217630133402,0.6811594202898552,0.11898781681753302,0.0323697658386236,0.1991944404466137,1.6357312365815897,-0.61175668944965,1.2839847422953208,1.1939224684724346,1.5179803019452656,5.668914939327125
mp-765849,life(sio3)2,c222,-2.81,0.011,3.023,10,2.523,141.451,TRUE,orthorhombic,7.627029000000001,High Band Gap,0.17985611510791352,0.790740256343186,0.1614192903548226,0.013514587805071938,-1.0502761306608963,0.864148980603703,-1.3023847445127923,-1.1149401583652123,1.3376291891386096,1.3920278929676513,1.2593128993591005,4.958998080926297
mp-762566,li2fesio4,c2221,-2.615,0.011,2.965,16,2.948,182.303,TRUE,orthorhombic,8.74082,High Band Gap,0.3802672147995886,0.775568924928067,0.37381309345327335,0.042772560301775654,0.010608039275819143,0.8108054628594273,-0.10171234839249257,-0.9753585011791207,1.285091855610728,1.3775058550868113,1.3732091215712352,5.211140521323839
mp-762540,li2fesio4,pbn21,-2.613,0.014,2.924,32,3.07,350.111,TRUE,orthorhombic,8.97668,High Band Gap,0.382322713257965,0.7648443630656553,0.4347826086956521,0.16295570552665709,0.02148890255722258,0.7730971141091637,0.24295125708204038,-0.4019981092990734,1.2845384521655032,1.3671115417031166,1.4036429994545037,5.861102412788992
mp-767964,li2fe(sio3)2,fdd2,-2.791,0.015,3.314,22,2.807,262.576,TRUE,orthorhombic,9.302398,High Band Gap,0.19938335046248712,0.8668584880983521,0.30334832583708143,0.10026363114843917,-0.9469079294875746,1.1317862851482574,-0.500053072752404,-0.701084576590382,1.3326298365341978,1.4618655479669647,1.3368414774003603,5.574341751442348
mp-762581,lifesio4,pn21a,-2.604,0.018,2.961,28,2.89,355.979,TRUE,orthorhombic,8.55729,High Band Gap,0.39157245632065757,0.7745226262097828,0.34482758620689663,0.16715833410324227,0.07045278732353201,0.8071265995667186,-0.26556881656890957,-0.3819485360990346,1.2820443397460914,1.3764965186397795,1.358409157630355,5.877676956520055
mp-764340,li2fesio4,pc21n,-2.607,0.02,2.957,32,2.986,359.989,TRUE,orthorhombic,8.829602,High Band Gap,0.3884892086330932,0.7734763274914987,0.39280359820089966,0.17003027353611658,0.05413149240142806,0.80344773627401,0.005641889378264411,-0.3682473110594716,1.282876401921402,1.3754861624032872,1.3827882217906031,5.888847486954505
mp-763641,lifesio4,pb21a,-2.598,0.023,2.959,56,2.881,714.127,TRUE,orthorhombic,8.524879,High Band Gap,0.39773895169578627,0.7739994768506409,0.3403298350824587,0.42366191614939525,0.10309537716773991,0.8052871679203645,-0.29099482025145806,0.8417587819731381,1.2803781355283412,1.3759914681239935,1.3560928523867692,6.572460149298643
mp-762799,lifesio4,pb21a,-2.598,0.024,2.979,56,2.875,715.629,TRUE,orthorhombic,8.564625,High Band Gap,0.39773895169578627,0.7792309704420612,0.3373313343328336,0.42473764009657167,0.10309537716773991,0.8236814843839078,-0.3079454893731558,0.8468907620253637,1.2803781355283412,1.3810305314447917,1.3545456628053103,6.574558272932837
mp-763635,lifesio4,pna21,-2.597,0.025,2.963,28,2.866,358.902,TRUE,orthorhombic,8.491958,High Band Gap,0.39876670092497424,0.775045775568925,0.33283358320839584,0.16925177025343968,0.10853580880844041,0.8089660312130732,-0.333371493055703,-0.3719613339068544,1.2801001647134869,1.377001314208298,1.3522203807861393,5.885831772168738
mp-767253,lifesio4,c2221,-2.597,0.025,2.874,14,2.863,179.638,TRUE,orthorhombic,8.228262,High Band Gap,0.39876670092497424,0.7517656290871044,0.3313343328335832,0.04086390229962851,0.10853580880844041,0.7271113229503057,-0.34184682761655255,-0.9844641781692541,1.2801001647134869,1.354287564984804,1.3514440836841441,5.1964950285951526
mp-766714,li3fe(si2o5)3,cmce,-2.976,0.032,3.386,100,2.592,1243.201,FALSE,orthorhombic,8.776512,High Band Gap,0.009249743062692599,0.8856918650274653,0.19590204897551225,0.8025817374732234,-1.95338778301728,1.1980058244170133,-1.1074520496132614,2.6494799631655974,1.3802762887943276,1.4784176499956965,1.2787091504399533,7.126248835809901
mp-762643,lifesio4,cmcm,-2.588,0.034,1.657,14,3.628,141.773,TRUE,orthorhombic,6.011596,Low Band Gap,0.40801644398766684,0.43342924404917604,0.7136431784107947,0.013745202392948632,0.15749969357474983,-0.3921828338563021,1.8193634853999883,-1.1138399602448286,1.2775949441965497,0.9771976667776765,1.5321248093314301,4.9612559563981815
mp-766664,lifesio4,pna21,-2.587,0.035,1.675,84,3.644,846.947,TRUE,orthorhombic,6.103700000000001,Low Band Gap,0.4090441932168548,0.4381375882814544,0.7216391804097952,0.518786852676669,0.16294012521545034,-0.3756279490391131,1.8645652697245174,1.2955734228097366,1.2773161985501456,0.9839493803479699,1.535576063835645,6.742818133838696
mp-761764,li3fe(si2o5)3,pcmn,-2.971,0.037,3.262,100,2.735,1178.251,FALSE,orthorhombic,8.9215699999999991,High Band Gap,0.014388489208632881,0.8532566047606592,0.26736631684157913,0.7560649129931267,-1.9261856248137752,1.083961062343045,-0.7034611022127845,2.4275611186968646,1.3790179521491144,1.4497385336764255,1.3177478185847806,7.07263477016062
mp-762844,li4fe2si4o13,pna21,-2.743,0.038,2.78,92,3.104,983.89,FALSE,orthorhombic,8.62912,High Band Gap,0.24871531346351494,0.7271776092074287,0.4517741129435283,0.6168646586008856,-0.6857672107339211,0.640658035571652,0.3390050487716651,1.7634753830573369,1.319887428922292,1.3297240096314962,1.4119621078684685,6.892529959809054
mp-868323,lifesio4,pbnm,-2.582,0.04,1.989,28,3.634,283.063,TRUE,orthorhombic,7.228026,Low Band Gap,0.41418293936279554,0.5202720376667539,0.7166416791604199,0.11493630525350056,0.19014228341895772,-0.08683718056148382,1.8363141545216861,-0.6310853253720462,1.27592130363852,1.0949388833018008,1.5334204260101845,5.649196044546266
mp-767850,lifesio4,pc21n,-2.58,0.042,2.87,28,2.914,353,TRUE,orthorhombic,8.363180000000002,High Band Gap,0.4162384378211715,0.7507193303688203,0.35682158920539736,0.16502479106819673,0.20102314670035876,0.7234324596575971,-0.19776614008211604,-0.3921270770947598,1.275362800412609,1.3532545070416904,1.3645598689738845,5.869296913133774
mp-766989,life(si2o5)2,pnc2,-2.952,0.043,3.053,32,2.798,397.806,TRUE,orthorhombic,8.542294,High Band Gap,0.0339157245632065,0.7985874967303165,0.2988505747126437,0.19711459611292664,-1.8228174236404535,0.8917404552990177,-0.5254790764349513,-0.23903553367265004,1.3742217798856213,1.3994573476461716,1.3344746123900941,5.988475083109913
mp-761405,li2fe2si2o7,c2cm,-2.603,0.046,3.129,26,3.414,285.751,TRUE,orthorhombic,10.682406,High Band Gap,0.39260020554984554,0.8184671723777138,0.6066966516741631,0.11686143572621033,0.07589321896423251,0.9616388578604822,1.2147896200594137,-0.6219010628018853,1.2817668317659563,1.4180352469039532,1.4847813078345447,5.6586142433617255
mp-773415,li2fe2(si2o5)3,cmce,-2.904,0.05,3.152,100,2.651,1338.234,FALSE,orthorhombic,8.355952,High Band Gap,0.0832476875642343,0.8244833900078473,0.22538730634682647,0.8706438372548556,-1.5616767048867999,0.982792321793557,-0.9407704699165617,2.9741853295458442,1.362001668550846,1.4235901458635876,1.2950011026734998,7.199853087704451
mp-761767,life(sio3)2,pbca,-2.77,0.051,2.981,80,3.098,921.698,FALSE,orthorhombic,9.235138,High Band Gap,0.22096608427543668,0.7797541198012032,0.448775612193903,0.572323098199559,-0.8326588650328518,0.8255209160302619,0.3220543796499661,1.5509799746631965,1.3270750014599193,1.3815330440181801,1.410499049816708,6.827301987030411
mp-767743,lifesio4,pbn21,-2.569,0.052,2.833,28,2.869,358.537,TRUE,orthorhombic,8.127877000000002,High Band Gap,0.42754367934224047,0.7410410672246928,0.33433283358320853,0.1689903593075546,0.2608678947480716,0.689402974200042,-0.32489615849485354,-0.37320845289424603,1.2722854445080234,1.343647786398418,1.3529960757183759,5.884817092588354
mp-762703,lifesio4,p21nb,-2.566,0.055,2.63,28,2.882,356.872,TRUE,orthorhombic,7.57966,High Band Gap,0.4306269270298048,0.6879414072717761,0.34082958520739637,0.16779789567769535,0.2771891896701756,0.5027006620950777,-0.28816970873117403,-0.37889736553536124,1.2714445194409487,1.2892326482767593,1.3563504847468186,5.8801753805679144
mp-762545,li2fesio4,pca21,-2.571,0.056,2.78,64,2.875,747.562,TRUE,orthorhombic,7.9925,High Band Gap,0.4254881808838641,0.7271776092074287,0.3373313343328336,0.4476078749868399,0.24998703146666817,0.640658035571652,-0.3079454893731558,0.9559982979825622,1.2728456686123115,1.3297240096314962,1.3545456628053103,6.6181540327606045
mp-762587,lifesio4,pb21a,-2.565,0.057,2.855,56,2.874,715.92,TRUE,orthorhombic,8.20527,High Band Gap,0.4316546762589928,0.746795710175255,0.3368315842078961,0.4249460526589074,0.2826296213108761,0.7096367223099395,-0.31077060089343855,0.8478850404509278,1.2711640538662592,1.349371007015293,1.354287564984804,6.574964258363397
mp-762570,li3fesi2o7,pbnm,-2.691,0.057,2.512,52,2.89,562.749,TRUE,orthorhombic,7.25968,High Band Gap,0.30215827338129503,0.657075595082396,0.34482758620689663,0.3152458444612034,-0.40286476541746313,0.3941741949601725,-0.26556881656890957,0.32453582834746025,1.3058974240478616,1.2561856757728702,1.358409157630355,6.3346091169793945
mp-851283,lifesio4,pc21n,-2.564,0.058,2.73,28,2.856,360.121,TRUE,orthorhombic,7.79688,High Band Gap,0.43268242548818076,0.7140988752288778,0.3278360819590204,0.1701248111932586,0.2880700529515766,0.5946722444127941,-0.36162260825853426,-0.3677962981654012,1.2708835096085629,1.3164082336557241,1.349630376748299,5.889213082227997
mp-863911,li2fe(sio3)2,fdd2,-2.748,0.058,2.917,66,2.723,811.767,TRUE,orthorhombic,7.942990999999999,High Band Gap,0.24357656731757418,0.7630133403086581,0.26136931534232877,0.4935911346595821,-0.7129693689374285,0.7666591033469234,-0.7373624404561813,1.1753716530112763,1.3212223643761758,1.3653260546836943,1.3145297948905799,6.700444475606298
mp-762804,lifesio4,p21nb,-2.563,0.059,2.551,28,2.966,346.859,TRUE,orthorhombic,7.566266000000001,High Band Gap,0.4337101747173687,0.6672770075856658,0.38280859570214903,0.16062664142797697,0.2935104845922771,0.43004311206408197,-0.05086034102739683,-0.41310942696208064,1.2706028866236991,1.2672292539609509,1.3777580300976042,5.851797225256161
mp-766752,li7fe7sio16,c222,-2.142,0.062,1.438,31,4.186,287.012,TRUE,orthorhombic,6.019468,Low Band Gap,0.86639260020555,0.3761443892231232,0.9925037481259372,0.11776455682966533,2.5839322053274456,-0.593600599132101,3.395775713717935,-0.6175925229577732,1.1448595398334294,0.8911780310590798,1.6459626871164725,5.663002145934581
mp-863885,life(sio3)2,c2221,-2.757,0.064,3.23,40,2.375,601.224,TRUE,orthorhombic,7.67125,High Band Gap,0.2343268242548816,0.8448862150143867,0.0874562718640679,0.3428014229349789,-0.7619332537037379,1.0545301560013756,-1.7205012495146856,0.45599583667593585,1.3236207665918318,1.4422019930581866,1.2163953243244932,6.400629469122635
mp-775303,li2fe(si2o5)3,cmce,-2.918,0.067,3.155,96,2.527,1257.084,FALSE,orthorhombic,7.972685,High Band Gap,0.06885919835560096,0.8252681140465602,0.16341829085457274,0.8125246639436958,-1.6378427478566167,0.9855514692630882,-1.2910842984316602,2.6969149026230173,1.365581319522349,1.4243124283074116,1.260447651253915,7.1373452076862
mp-761559,lifesio4,pna21,-2.554,0.068,2.603,28,2.934,350.638,TRUE,orthorhombic,7.637202000000001,High Band Gap,0.4429599177800618,0.6808788909233586,0.36681659170414804,0.16333313996085277,0.34247436935858894,0.47786833486929453,-0.1412639096764548,-0.4001974744871409,1.2680737297324596,1.2817668317659563,1.3696567199668674,5.862602237331722
mp-761450,lifesi3o8,p212121,-2.858,0.069,3.182,52,2.676,682.572,TRUE,orthorhombic,8.515032,High Band Gap,0.1305241521068857,0.8323306303949778,0.23788105947026492,0.4010624027318518,-1.31141684941455,1.0103837964888718,-0.8701426819094842,0.7339427829398688,1.3501489144835375,1.4307896010064418,1.3018252044934406,6.527331990777055
mp-868349,lifesio4,pna21,-2.551,0.07,2.631,28,2.984,344.706,TRUE,orthorhombic,7.850903999999999,High Band Gap,0.4460431654676257,0.6882029819513471,0.3918040979510245,0.15908467494444123,0.3587956642806905,0.5036203779182546,-8.333662302340771e-6,-0.42046572060551674,1.2672292539609509,1.2895080924321987,1.3822863397223517,5.845588702866058
mp-766964,li2fe2sio6,c222,-2.365,0.072,2.493,11,2.625,157.939,TRUE,orthorhombic,6.544124999999999,Low Band Gap,0.6372045220966082,0.6521056761705467,0.21239380309845074,0.0253232006153542,1.3707159494510965,0.37669959431980626,-1.0142233694439207,-1.0586045477786004,1.213427963096691,1.250760965824695,1.2878542883066382,5.068520480809845
mp-762620,li2fe(si2o5)2,p212121,-2.899,0.076,3.435,68,2.323,977.912,FALSE,orthorhombic,7.979505,High Band Gap,0.08838643371017459,0.8985090243264452,0.06146926536731625,0.6125832486433488,-1.534474546683295,1.2430718997526942,-1.8674070485694048,1.7430499657789063,1.3607201100004602,1.489527615761543,1.2008679893724572,6.886441750849925
mp-773468,lifesio4,imma,-2.546,0.076,1.311,14,3.898,131.954,TRUE,orthorhombic,5.110278,Low Band Gap,0.4511819116135664,0.34292440491760395,0.8485757121439282,0.006712889851454128,0.38599782248419784,-0.7104045086756007,2.5821435958764143,-1.1473891693878384,1.2658202076520162,0.8376803312922436,1.5888269585299761,4.890003203735123
mp-863888,li2fe(sio3)2,pmn21,-2.73,0.076,2.624,66,3.023,731.236,TRUE,orthorhombic,7.932352000000001,High Band Gap,0.26207605344295987,0.68637195919435,0.4112943528235883,0.43591528566486826,-0.6150415994048072,0.4971823671560149,0.11017101562873739,0.9002162032204908,1.3164082336557241,1.287578388180733,1.3920278929676513,6.5961028663717745
mp-762576,li2fe2si2o7,c2cm,-2.573,0.076,2.7,26,3.039,320.953,TRUE,orthorhombic,8.205300000000001,High Band Gap,0.42343268242548815,0.7062516348417474,0.4192903548225888,0.14207291001948763,0.23910616818526717,0.5670807697174793,0.1553727999532664,-0.5016241241877464,1.2734055790412728,1.308332819650179,1.3959971365812758,5.774405572157892
mp-762534,li2fe2(sio3)3,pnma,-2.69,0.077,3.087,64,3.128,751.301,TRUE,orthorhombic,9.656136,High Band Gap,0.303186022610483,0.8074810358357312,0.4637681159420291,0.4502857257448243,-0.3974243337767626,0.9230107932870415,0.4068077252584586,0.9687735798835413,1.3056264580524357,1.4078112045821403,1.4177930281792617,6.6231365098222374
mp-762648,lifesio4,p212121,-2.544,0.078,1.873,28,3.34,307.957,TRUE,orthorhombic,6.25582,Low Band Gap,0.45323741007194235,0.48992937483651583,0.5697151424287856,0.13276524795723457,0.39687868576559887,-0.19352421605003484,1.0057313675584665,-0.5460283936675869,1.2652560327428346,1.0553567799971526,1.4678743481123135,5.733202108638241
mp-762533,li2fe2(sio3)3,pnma,-2.69,0.078,3.114,64,2.573,913.228,FALSE,orthorhombic,8.012322,High Band Gap,0.303186022610483,0.8145435521841485,0.1864067966016991,0.5662569318662807,-0.3974243337767626,0.9478431205128246,-1.1611291684986398,1.5220399806270122,1.3056264580524357,1.4143957912307654,1.2734055790412728,6.818079993299984
mp-762686,lifesio4,pna21,-2.544,0.078,2.38,28,2.872,358.225,TRUE,orthorhombic,6.83536,Low Band Gap,0.45323741007194235,0.6225477373790217,0.33583208395802094,0.16876690666340083,0.39687868576559887,0.27277170630078684,-0.3164208239340053,-0.37427448337113955,1.2652560327428346,1.2178757094949273,1.3537711694143306,5.883948933115271
mp-763624,li2fe(sio3)2,pm21n,-2.726,0.08,2.88,66,3.017,732.676,TRUE,orthorhombic,8.68896,High Band Gap,0.2661870503597122,0.7533350771645304,0.408295852073963,0.4369466055609628,-0.5932798728420028,0.7326296178893684,0.09322034650703839,0.9051363438830772,1.3153352721793967,1.355835153635182,1.3905353553771451,6.598067514267666
mp-762696,lifesio4,pbca,-2.539,0.083,1.791,56,2.96,694.96,TRUE,orthorhombic,5.30136,Low Band Gap,0.45837615621788264,0.4684802511116924,0.3798100949525237,0.40993461861575387,0.42408084396910384,-0.2689409135505623,-0.06781101014909582,0.7762696596955065,1.2638442013633264,1.026399954554185,1.3762440252663892,6.545292187418515
mp-762746,li2fe2sio6,fdd2,-2.348,0.089,2.223,66,2.98,834.696,TRUE,orthorhombic,6.62454,Low Band Gap,0.6546762589928059,0.5814805126863719,0.3898050974512744,0.5100127554217705,1.4632032873430174,0.12837632206197216,-0.01130877974343459,1.2537146427699146,1.208363152627229,1.1703126028333009,1.3812818192963463,6.72826491058933
mp-868335,li2fe2si3o10,f2dd,-2.647,0.092,3.04,34,2.286,537.355,TRUE,orthorhombic,6.94944,High Band Gap,0.34737923946557053,0.7951870258958933,0.04297851074462763,0.29705880457132544,-0.16348577322661412,0.8797841495977147,-1.9719361748198778,0.23777051446849187,1.293904911826543,1.3962446919730587,1.1896710196150764,6.28851819385675
mp-865154,life(si3o7)2,icma,-2.981,0.093,2.647,88,2.807,1077.384,FALSE,orthorhombic,7.430128999999999,High Band Gap,0.004110996916752317,0.6923881768244834,0.30334832583708143,0.683824535243567,-1.9805899412207852,0.5183358310890893,-0.500053072752404,2.0829223491044453,1.3815330440181801,1.293904911826543,1.3368414774003603,6.983218903252724
mp-762827,li5fe(sio4)2,pnma,-2.598,0.094,2.082,128,2.655,1374.684,FALSE,orthorhombic,5.527709999999999,Low Band Gap,0.39773895169578627,0.5445984828668584,0.2273863068465766,0.8967491221247482,0.10309537716773991,-0.0013036090060078603,-0.9294700238354294,3.0987263900675583,1.2803781355283412,1.125578736897924,1.2960960932017418,7.226706340956632
mp-762638,lifesio4,p21nb,-2.527,0.095,2.128,56,2.635,780.749,TRUE,orthorhombic,5.60728,Low Band Gap,0.4707091469681396,0.5566309181271253,0.21739130434782594,0.4713762176199572,0.48936602365751725,0.04100331886014189,-0.9859722542410907,1.0693904564334293,1.260447651253915,1.1403938226830648,1.2906091109854827,6.661533717155809
mp-762775,li2fe2si2o9,pnca,-2.339,0.111,0.033,60,3.442,628.652,FALSE,orthorhombic,0.113586,Low Band Gap,0.6639260020554985,0.008631964425843578,0.6206896551724139,0.36244520217809034,1.5121671721093268,-1.8858013306960153,1.2938927426273394,0.5497108492408073,1.2056713609615175,0.032467190137501496,1.4911047254722358,6.445167285814634
mp-763746,li2fesio5,pmc21,-2.342,0.112,0,36,3.125,377.974,TRUE,orthorhombic,0,Low Band Gap,0.660842754367934,0,0.4622688655672164,0.18291102932171377,1.4958458771872227,-1.9161519528608615,0.3983323906976091,-0.3067968042423791,1.206569430173202,0,1.4170660197866443,5.937467601146117
mp-775750,life(si2o5)3,cmce,-2.836,0.122,2.611,92,2.508,1248.278,FALSE,orthorhombic,6.548388000000001,High Band Gap,0.15313463514902367,0.6829714883599268,0.15392303848075958,0.8062178563013288,-1.1917273533191242,0.4852260614547118,-1.3447614173170386,2.6668268757655627,1.3444301570211918,1.2839847422953208,1.2550460745099365,7.1303210634212055
mp-767128,li2cosio4,p21nm,-2.532,0.005,2.72,16,3.249,168.54,TRUE,orthorhombic,8.837280000000002,High Band Gap,0.4655704008221993,0.7114831284331677,0.5242378810594703,0.032915577155977815,0.4621638654540123,0.5854750861810226,0.7486462192127088,-1.0223834289146585,1.2618642827417137,1.3137236682850553,1.4466836611326745,5.13308888718026
mp-764641,li2cosio4,pc21n,-2.532,0.005,2.918,32,3.181,344.33,TRUE,orthorhombic,9.282158,High Band Gap,0.4655704008221993,0.7632749149882292,0.4902548725637182,0.15881538586046096,0.4621638654540123,0.7675788191701008,0.5565386358334605,-0.4217504240007477,1.2618642827417137,1.365581319522349,1.430550452374428,5.84450048159508
mp-763304,li2cosio4,pc21n,-2.532,0.005,2.994,32,3.148,347.939,TRUE,orthorhombic,9.425112,High Band Gap,0.4655704008221993,0.7831545906356265,0.47376311844077973,0.16140013135004788,0.4621638654540123,0.8374772217315654,0.4633099556641198,-0.4094193214651409,1.2618642827417137,1.3847932349936236,1.4226262903672808,5.854897121825445
mp-763309,li2cosio4,pcmn,-2.531,0.006,2.841,32,3.231,338.972,TRUE,orthorhombic,9.179271,High Band Gap,0.4665981500513873,0.7431336646612609,0.5152423788105946,0.1549780164137426,0.46760429709471274,0.6967607007854594,0.697794211847613,-0.44005744738278724,1.2615811169462494,1.3457327493637679,1.4424383717379303,5.828863261277841
mp-764956,li2cosio4,c2221,-2.527,0.01,2.8,16,3.104,176.442,TRUE,orthorhombic,8.6912,High Band Gap,0.4707091469681396,0.7324091027988491,0.4517741129435283,0.03857494508579651,0.48936602365751725,0.6590523520351953,0.3390050487716651,-0.9953841570287164,1.260447651253915,1.33500106673234,1.4119621078684685,5.178643794954225
mp-763391,li2co(sio3)2,f2dd,-2.729,0.012,2.973,22,2.888,258.73,TRUE,orthorhombic,8.586024,High Band Gap,0.26310380267214784,0.777661522364635,0.34382808595702147,0.09750914759262004,-0.6096011677641067,0.8181631894448446,-0.2712190396094763,-0.7142254522767061,1.3161401011966838,1.379521476832462,1.3578948865981926,5.5596426299022985
mp-763485,li2cosio4,pmnb,-2.523,0.014,2.693,32,3.159,346.674,TRUE,orthorhombic,8.507187,High Band Gap,0.4748201438848919,0.7044206120847503,0.4792603698150924,0.1604941454691037,0.5111277502203216,0.5606427589552391,0.4943861823872326,-0.413741528366649,1.2593128993591005,1.3064391358704261,1.4252746607607745,5.851265259111167
mp-764957,li2cosio4,pbn21,-2.522,0.015,2.757,32,3.226,339.508,TRUE,orthorhombic,8.894082000000001,High Band Gap,0.4758478931140803,0.7211613915772953,0.5127436281859071,0.15536189659728888,0.5165681818610246,0.6195045716385775,0.683668654246198,-0.4382260616917135,1.2590290100740142,1.3236207665918318,1.441255919193865,5.830438620174067
mp-763492,li3cosio5,p21nb,-2.418,0.033,1.176,40,2.941,424.186,TRUE,orthorhombic,3.4586159999999997,Low Band Gap,0.5827338129496401,0.3076118231755166,0.37031484257871056,0.21600780365388042,1.0823730724939382,-0.8345661448045176,-0.12148812903447433,-0.14890129014554976,1.2290555846933993,0.7774883289936961,1.3714344982128666,6.052526720243699
mp-762880,licosio4,pn21a,-2.376,0.06,1.422,28,3.033,345.946,TRUE,orthorhombic,4.312926,Low Band Gap,0.6258992805755397,0.3719591943499869,0.4162918540729635,0.15997275596607818,1.310871201403386,-0.6083160523029355,0.13842213083156737,-0.4162289328127341,1.2166915767337108,0.8845936451309004,1.394510515891231,5.849169148240332
mp-763240,licosio4,c2221,-2.374,0.062,1.265,14,2.98,176.01,TRUE,orthorhombic,3.7697,Low Band Gap,0.6279547790339156,0.33089196965733714,0.3898050974512744,0.03826554911696814,1.3217520646847871,-0.7527114365417502,-0.01130877974343459,-0.9968601992274924,1.2160989841237766,0.8175747589349973,1.3812818192963463,5.176206228153065
mp-543100,licosio4,pbn21,-2.371,0.065,1.398,28,2.985,351.446,TRUE,orthorhombic,4.17303,Low Band Gap,0.6310380267214799,0.3656814020402825,0.39230384807596197,0.16391182501366142,1.338073359606891,-0.6303892320591875,0.0028167778579804075,-0.397436728893134,1.2152094362519237,0.8746350566053225,1.3825373122421782,5.864897419027947
mp-763443,li2co(sio3)2,fdd2,-2.675,0.065,2.969,66,2.861,783.351,TRUE,orthorhombic,8.494309,High Band Gap,0.3186022610483043,0.776615223646351,0.33033483258370827,0.4732397553766502,-0.31581785916624533,0.814484326152136,-0.34749705065711806,1.0782808772695747,1.3015531326648,1.3785141738009283,1.3509262172820993,6.6648566242424705
mp-763589,licosio4,pb21a,-2.37,0.066,1.194,56,3.014,696.129,TRUE,orthorhombic,3.5987159999999996,Low Band Gap,0.6320657759506679,0.3123201674077949,0.40679660169915033,0.41077184983695836,1.3435137912475916,-0.8180112599873287,0.08474501194618889,0.7802638572195087,1.2149127443642704,0.7857263618530385,1.3897882503741463,6.546970472545148
mp-763584,licosio4,pb21a,-2.369,0.067,1.31,56,3.029,692.711,TRUE,orthorhombic,3.96799,Low Band Gap,0.6330935251798558,0.34266283023803296,0.4142928535732134,0.40832389747247844,1.348954222888292,-0.7113242244987777,0.12712168475043514,0.7685853566745645,1.2146159644244159,0.8372475245337022,1.3935182062092102,6.542055447264238
mp-772320,li2cosio4,pca21,-2.467,0.07,2.916,64,3.046,719.179,TRUE,orthorhombic,8.882136,High Band Gap,0.5323741007194244,0.7627517656290871,0.4227886056971514,0.42728013011819355,0.8157919220995841,0.7657393875237464,0.17514858059524688,0.8590202754643782,1.2432896667028863,1.3650707246682638,1.3977287387455537,6.579499792222591
mp-763369,li2co2si2o7,c2cm,-2.455,0.07,2.344,26,3.213,309.993,TRUE,orthorhombic,7.5312719999999995,Low Band Gap,0.5447070914696813,0.613131048914465,0.5062468765617192,0.13422341969921267,0.8810771017879975,0.23966193666640892,0.6469422044825186,-0.5390718614529858,1.2398224572196332,1.207167695222455,1.4381749829968795,5.73977040388734
mp-779191,licosio4,pbn21,-2.365,0.07,1.527,28,3.029,346.421,FALSE,orthorhombic,4.625283,Low Band Gap,0.6372045220966082,0.39942453570494374,0.4142928535732134,0.1603129482929149,1.3707159494510965,-0.5117458908693334,0.12712168475043514,-0.4146059697469506,1.213427963096691,0.9270328284060572,1.3935182062092102,5.850537301030121
mp-763386,li2co2si2o7,c2cm,-2.453,0.072,2.84,26,3.579,278.304,TRUE,orthorhombic,10.16436,High Band Gap,0.5467625899280577,0.7428720899816897,0.6891554222888557,0.11152793623578261,0.891957965069401,0.6958409849622819,1.6809330209061186,-0.6473457069090239,1.2392434184078553,1.3454723665996355,1.5214806336749584,5.63230079436666
mp-763376,li2co(si2o5)2,p212121,-2.858,0.075,3.273,68,2.37,967.213,TRUE,orthorhombic,7.757010000000001,High Band Gap,0.1305241521068857,0.8561339262359404,0.0849575212393803,0.6049206850542409,-1.31141684941455,1.0940779363979938,-1.7346268071161006,1.7064940040087602,1.3501489144835375,1.4523161566618878,1.2149127443642704,6.87545210439335
mp-763406,li2co2(sio3)3,pnma,-2.591,0.076,2.744,64,2.658,899.635,TRUE,orthorhombic,7.293552,High Band Gap,0.4049331963001025,0.7177609207428721,0.22888555722138923,0.5565217017637719,0.1411783986526459,0.6075482659372745,-0.92099468927458,1.4755959028308079,1.2784307152439458,1.3201545586153456,1.296916549968674,6.803100070092561
mp-762722,licosio4,p21nb,-2.353,0.082,1.411,28,3.112,337.098,TRUE,orthorhombic,4.391032,Low Band Gap,0.6495375128468651,0.36908187287470573,0.4557721139430286,0.15363586816007516,1.43600112913951,-0.6184329263578843,0.3616059409339296,-0.44646046377284726,1.2098554674840916,0.880041599199034,1.413909528152864,5.823335794286702
mp-762892,licosio4,pcmn,-2.352,0.083,0.77,28,3.736,280.858,TRUE,orthorhombic,2.87672,Low Band Gap,0.6505652620760536,0.2014125032696835,0.7676161919040482,0.11335709666260584,1.441441560780213,-1.2079707690144459,2.124475529590559,-0.6386192907616313,1.2095571826198366,0.5709795465857378,1.5551928975817046,5.6414033980169105
mp-763260,licosio4,pc21n,-2.352,0.083,1.367,28,2.935,357.496,TRUE,orthorhombic,4.012145,Low Band Gap,0.6505652620760536,0.35757258697358096,0.3673163418290855,0.16824480096600294,1.441441560780213,-0.6589004225776794,-0.13843879815617208,-0.376765304581574,1.2095571826198366,0.8616233305318469,1.3699108818693666,5.881917502376313
mp-762888,licosio4,cmcm,-2.351,0.084,0.871,14,3.762,139.432,TRUE,orthorhombic,3.276702,Low Band Gap,0.6515930113052415,0.22783154590635626,0.780609695152424,0.012068591367422742,1.4468819924209133,-1.1150794708735523,2.197928429117918,-1.1218386055858802,1.2092588087551734,0.6264730472919525,1.5606677480646711,4.944723385849762
mp-779192,licosio4,p21nb,-2.351,0.084,1.323,28,3,349.762,TRUE,orthorhombic,3.969,Low Band Gap,0.6515930113052415,0.3460633010724562,0.399800099950025,0.16270575369072865,1.4468819924209133,-0.6993679187974746,0.04519345066222665,-0.40319056005688075,1.2092588087551734,0.8428594537882721,1.3862943611198906,5.860107930799336
mp-763360,li2co2(sio3)3,pnma,-2.574,0.094,2.842,64,3.249,735.894,TRUE,orthorhombic,9.233658,High Band Gap,0.4224049331963002,0.7433952393408318,0.5242378810594703,0.43925131905098513,0.23366573654456665,0.6976804166086364,0.7486462192127088,0.9161314915582177,1.2736854167372362,1.345993064346365,1.4466836611326745,6.602444055522408
mp-762860,licosio4,pcmn,-2.339,0.097,0.736,28,3.605,291.06,TRUE,orthorhombic,2.65328,Low Band Gap,0.6639260020554985,0.1925189641642689,0.7021489255372315,0.1206637116486866,1.5121671721093268,-1.2392411070024694,1.7543859204334775,-0.6037614608729476,1.2056713609615175,0.5515836162381584,1.52714266970727,5.676959260612326
mp-762247,licosio4,p212121,-2.327,0.109,0.702,28,3.203,327.583,TRUE,orthorhombic,2.248506,Low Band Gap,0.6762589928057554,0.1836254250588543,0.5012493753123438,0.1468212787077562,1.5774523517977401,-1.270511444990493,0.6186910892796873,-0.4789709765537555,1.2020709970363397,0.5318040301511824,1.4357985560229796,5.794789469633114
mp-762883,licosio4,imcm,-2.291,0.144,0.511,14,4.15,126.395,TRUE,orthorhombic,2.1206500000000004,Low Band Gap,0.7132579650565263,0.13366466126078996,0.9745127436281863,0.0027315653359058986,1.7733078908629802,-1.4461771672173311,3.294071698987746,-1.1663829624040307,1.191191469961203,0.41277168329060254,1.6389967146756448,4.847292495900082
mp-763534,li2co2sio6,ccme,-2.012,0.19,0.717,22,3.927,216.338,TRUE,orthorhombic,2.815659,Low Band Gap,1,0.18754904525241956,0.8630684657671166,0.06714823576259302,3.2911883186185893,-1.2567157076428355,2.664071829964623,-0.859068926560286,1.1026043099376472,0.5405785819153385,1.594730283561826,5.381453745420653
mp-767711,li2mn2si4o11,p1,-2.904,0.012,0.904,38,3.098,441.742,TRUE,triclinic,2.800592,Low Band Gap,0.0832476875642343,0.23646351033219984,0.448775612193903,0.22858131205376614,-1.5616767048867999,-1.0847288487087061,0.3220543796499661,-0.08891657523418597,1.362001668550846,0.6439569363691736,1.410499049816708,6.092987207612064
mp-868265,li2mn4si4o13,p1,-2.755,0.019,2.346,46,3.481,528.536,TRUE,triclinic,8.166426,Low Band Gap,0.236382322713258,0.6136541982736071,0.6401799100449775,0.29074268640211876,-0.7510523904223345,0.24150136831276345,1.404072091918378,0.20763806967450005,1.3230882852160981,1.2077656025646322,1.499846235804006,6.272001151398891
mp-761470,li2mn2si5o13,p1,-2.946,0.02,3.286,44,3.009,521.131,TRUE,triclinic,9.887573999999999,High Band Gap,0.040082219938334746,0.8595343970703636,0.40429785107446276,0.28543926707532713,-1.790174833796248,1.1060342420992968,0.0706194543447739,0.18233692967002033,1.3727024076004237,1.4553538970513853,1.3885418336603699,6.25791851425239
mp-868673,li15mn15sio32,p1,-2.194,0.028,0.311,63,4.093,595.723,FALSE,triclinic,1.272923,Low Band Gap,0.8129496402877698,0.08134972534658645,0.9460269865067468,0.3388616376930233,2.3010297600109877,-1.630120331852764,3.1330403423316104,0.4372002159919864,1.1612740497928207,0.2707902047815628,1.6278670479024675,6.391453019117847
mp-761381,li2mn5(si2o7)2,p1,-2.69,0.031,0,25,3.434,302.156,TRUE,triclinic,0,Low Band Gap,0.303186022610483,0,0.6166916541729137,0.1286106044035927,-0.3974243337767626,-1.9161519528608615,1.271291850465075,-0.5658490436562414,1.3056264580524357,0,1.4893021111941198,5.714247524503965
mp-766967,li2mn3(si3o8)2,p1,-2.894,0.043,2.865,54,3.012,665.118,TRUE,triclinic,8.629380000000001,High Band Gap,0.09352517985611486,0.7494114569709652,0.4057971014492754,0.3885619461579395,-1.50727238847979,0.7188338805417113,0.0790947889056234,0.6743065779921052,1.359436906950008,1.3519616820393854,1.3892898700996892,6.501466832023544
mp-767443,li2mn5si5o16,p1,-2.736,0.045,2.164,28,2.985,381.117,TRUE,triclinic,6.4595400000000005,Low Band Gap,0.25590955806783117,0.566047606591682,0.39230384807596197,0.18516202823381456,-0.6476841892490152,0.0741130884945198,0.0028167778579804075,-0.2960579138934148,1.3180155203665962,1.1518370499054076,1.3825373122421782,5.945726844434111
mp-850240,li2mn3(sio4)2,p1,-2.61,0.05,2.045,45,3.062,590.331,TRUE,triclinic,6.2617899999999995,Low Band Gap,0.38540596094552937,0.5349202197227308,0.43078460769615184,0.3349999176376472,0.03781019747932653,-0.03533309446356283,0.22035036491977586,0.41877702262208044,1.2837077723447896,1.1135009011618604,1.401675463158193,6.382375928308624
mp-850159,li2mn(si2o5)2,p1,-2.958,0.054,3.036,34,2.633,430.361,TRUE,triclinic,7.993788,High Band Gap,0.027749229188077797,0.7941407271776092,0.216391804097951,0.22043030390275797,-1.8554600134846613,0.8761052863050061,-0.9916224772816562,-0.12780277029036227,1.375738847180374,1.3952541024913625,1.2900587532390648,6.066945326530458
mp-761439,limn(sio3)2,p1,-2.801,0.059,0.714,80,3.314,858.022,TRUE,triclinic,2.366196,Low Band Gap,0.1891058581706061,0.1867643212137065,0.5567216391804098,0.5267187053497572,-1.001312245894587,-1.2594748551123671,0.9322784680311075,1.3334140879751135,1.3352641900071118,0.538829820175588,1.4618655479669647,6.7557945328320805
mp-768071,li5mn17(sio16)2,p1,-2.172,0.059,0.348,56,4.201,607.507,TRUE,triclinic,1.4619479999999998,Low Band Gap,0.8355601233299074,0.0910279884907141,1,0.34730127217606344,2.4207192561064113,-1.5960908463952088,3.43815238652218,0.47746336708081694,1.1543623037726016,0.2986220124901153,1.6488509147909354,6.4110084160590315
mp-761417,li2mn2si4o11,p1,-2.847,0.069,0,38,2.897,472.42,TRUE,triclinic,0,Low Band Gap,0.1418293936279547,0,0.3483258370814592,0.25055272300681314,-1.251572101366837,-1.9161519528608615,-0.24579303592692905,0.015902921464994585,1.347293623770158,0,1.3602070263565722,6.159982943758245
mp-868526,li9mn5(sio8)2,p1,-2.372,0.07,1.154,32,3.706,290.951,TRUE,triclinic,4.276724,Low Band Gap,0.630010277492292,0.3018571802249542,0.7526236881559222,0.12058564646210723,1.3326329279661906,-0.8547998929144153,2.0397221839820667,-0.6041338881869904,1.215506040139609,0.7673265787341967,1.5488382903051707,5.676585979967729
mp-767282,li2mnsi3o8,p1,-2.872,0.082,2.655,14,2.497,186.943,TRUE,triclinic,6.629534999999999,High Band Gap,0.11613566289825283,0.6944807742610515,0.14842578710644666,0.046095702189191345,-1.3875828923843643,0.5256935576745067,-1.3758376440401525,-0.9595047145996762,1.3537711694143306,1.2960960932017418,1.2519054580812388,5.236138725368756
mp-761967,limnsi3o8,p1,-2.868,0.09,1.055,26,2.963,307.264,FALSE,triclinic,3.125965,Low Band Gap,0.12024665981500515,0.2759612869474235,0.3813093453273364,0.1322689252572391,-1.3658211658215598,-0.9458517594089544,-0.05933567558824633,-0.5483962113614564,1.352737577591048,0.7202758479481979,1.377001314208298,5.730956558693556
mp-767982,li3mn2(sio4)2,p1,-2.605,0.09,0,15,2.938,177.985,TRUE,triclinic,0,Low Band Gap,0.3905447070914696,0,0.36881559220389815,0.03968003300223668,0.0650123556828315,-1.9161519528608615,-0.12996346359532257,-0.9901120896381813,1.2823217707369123,0,1.3706729802169337,5.187302003446751
mp-761430,li7mn11(si3o16)2,p1,-2.439,0.092,0.361,56,3.909,566.407,FALSE,triclinic,1.411149,Low Band Gap,0.5611510791366905,0.09442845932513733,0.8540729635182409,0.3178656834750324,0.9681240080392153,-1.5841345406939056,2.613219822599527,0.3370343523361689,1.235180731450129,0.30821972366932904,1.5910702550759155,6.34107685927433
mp-780147,limnsio4,p1,-2.58,0.098,0.995,28,3.294,310.44,TRUE,triclinic,3.27753,Low Band Gap,0.4162384378211715,0.26026680617316245,0.5467266366816592,0.13454355858362535,0.20102314670035876,-1.0010347087995841,0.8757762376254462,-0.5375445677889746,1.275362800412609,0.6906440503418267,1.4572186994565892,5.7412067033022005
mp-767274,li3mnsi2o7,p1,-2.68,0.099,1.161,13,2.709,149.499,TRUE,triclinic,3.145149,Low Band Gap,0.31346351490236357,0.30368820298195137,0.2543728135932034,0.01927852011324465,-0.3430200173697527,-0.848361882152175,-0.7769140017401435,-1.0874420388843138,1.3029127521808397,0.770571077524749,1.3107622985074538,5.013956439648583
mp-780196,limnsio4,p1,-2.577,0.1,0.409,28,2.984,342.663,TRUE,triclinic,1.220456,Low Band Gap,0.41932168550873583,0.10698404394454616,0.3918040979510245,0.15762148984185712,0.2173444416224627,-1.5399881811814018,-8.333662302340771e-6,-0.42744617017056097,1.2745244602768806,0.3428802329165431,1.3822863397223517,5.839661526038781
mp-761735,li2fe2si4o11,p1,-2.837,0.013,1.892,38,3.189,431.059,TRUE,triclinic,6.033588,Low Band Gap,0.15210688591983526,0.49489929374836517,0.49425287356321845,0.22093020757461493,-1.197167784959827,-0.17604961540966882,0.5791395279957251,-0.12541786877474745,1.3446908112648155,1.0619483042965183,1.432462041964898,6.0685621529927944
mp-765915,life(sio3)2,p1,-2.791,0.03,3.056,20,2.2,324.509,TRUE,triclinic,6.7232,High Band Gap,0.19938335046248712,0.7993722207690296,0,0.14461969720734327,-0.9469079294875746,0.8944996027685493,-2.2148957655642203,-0.4894741101626375,1.3326298365341978,1.400197266288882,1.1631508098056809,5.785390111035961
mp-868566,life(sio3)2,p1,-2.79,0.031,2.427,30,3.193,335.392,TRUE,triclinic,7.749411,Low Band Gap,0.2004110996916751,0.6348417473188596,0.4962518740629686,0.15241404056095206,-0.9414674978468741,0.3159983499901136,0.5904399740768573,-0.4522894637522724,1.332366019094335,1.2316852428924718,1.4334164681886257,5.818277146603173
mp-761402,li2fe5(si2o7)2,p1,-2.563,0.031,0,25,3.492,299.319,TRUE,triclinic,0,Low Band Gap,0.4337101747173687,0,0.6456771614192904,0.12657876096941206,0.2935104845922771,-1.9161519528608615,1.435148318641492,-0.5755424041144062,1.2706028866236991,0,1.5022980368761967,5.704845243051088
mp-761459,lifesi3o8,p1,-2.896,0.032,3.342,26,2.76,330.953,FALSE,triclinic,9.22392,High Band Gap,0.09146968139773894,0.8741825791263406,0.2798600699650174,0.14923485374236622,-1.518153251761191,1.157538328197218,-0.6328333142057082,-0.4674564806975643,1.3599503857802886,1.4683350714561,1.324418957401803,5.804993392629979
mp-761705,li2fe4si4o13,p1,-2.632,0.032,3.118,46,3.599,514.551,FALSE,triclinic,11.221682,High Band Gap,0.3627954779033914,0.8155898509024326,0.6991504247876064,0.2807267081056731,-0.0818792986160992,0.9515219838055333,1.73743525131178,0.15985462025348077,1.2897834607390468,1.4153676086055977,1.5258388885577867,6.245236231638145
mp-761475,li2fe2si5o13,p1,-2.875,0.034,3.394,44,3.086,510.174,TRUE,triclinic,10.473884,High Band Gap,0.11305241521068848,0.8877844624640335,0.44277861069465263,0.27759192533816907,-1.4039041873064682,1.2053635510024305,0.28815304140656933,0.14489944269782784,1.3545456628053103,1.4802399739624186,1.4075664963954302,6.23671004105
mp-773691,life(sio3)2,p1,-2.785,0.036,2.596,80,3.251,878.288,FALSE,triclinic,8.439596,High Band Gap,0.20554984583761537,0.6790478681663615,0.5252373813093453,0.5412331004985429,-0.9142653396433691,0.47143032410705427,0.7542964422532743,1.4026582342723164,1.3310458868894122,1.279822116609374,1.4471542493766532,6.779112489072453
mp-767996,li3fe2(sio4)2,p1,-2.585,0.039,1.626,15,2.951,178.21,TRUE,triclinic,4.798325999999999,Low Band Gap,0.4110996916752312,0.42532042898247446,0.375312343828086,0.039841176736001446,0.1738209884968538,-0.42069402437479425,-0.09323701383164307,-0.9893433176596521,1.2767584740515836,0.9654617758806044,1.3739687114292538,5.188558302555298
mp-761820,lifesi3o8,p1,-2.886,0.041,3.16,26,2.703,337.873,TRUE,triclinic,8.54148,High Band Gap,0.1017471736896195,0.8265759874444154,0.25137431284357814,0.15419091879859825,-1.463748935354181,0.9901500483789744,-0.7938646708618424,-0.44381247140235824,1.3573803509552484,1.425515074273172,1.3091433019314755,5.825625405920189
mp-767726,li2fe2si3o10,p1,-2.694,0.044,2.325,34,2.821,435.364,TRUE,triclinic,6.558825000000001,Low Band Gap,0.2990750256937307,0.6081611300026158,0.31034482758620696,0.22401342434731414,-0.41918606033956707,0.2221873360260431,-0.4605015114684405,-0.11070869825222424,1.3067098817770482,1.2014696741078175,1.340512168464763,6.078476757430598
mp-763810,li17fe6(si2o7)6,p1,-2.691,0.046,0,77,2.868,846.546,FALSE,triclinic,0,Low Band Gap,0.30215827338129503,0,0.3338330834582708,0.5184996587333817,-0.40286476541746313,-1.9161519528608615,-0.3277212700151375,1.2942033003057805,1.3058974240478616,0,1.352737577591048,6.742345115067782
mp-767707,li2fe5si5o16,p1,-2.62,0.049,2.117,28,3.101,369.232,TRUE,triclinic,6.564817,Low Band Gap,0.37512846865364835,0.5537535966518441,0.4502748625687157,0.1766500581191733,-0.016594118927685825,0.030886444805192984,0.3305297142108156,-0.33666615818149614,1.2864740258376797,1.1368710007852,1.4112308464099221,5.914129836165987
mp-761382,li2fe3(si3o8)2,p1,-2.817,0.05,2.826,54,3.088,651.656,TRUE,triclinic,8.726688000000001,High Band Gap,0.17266187050359685,0.7392100444676956,0.4437781109445278,0.37892053751820026,-1.0883591521458047,0.6829649634378018,0.2938032644471361,0.6283100963256217,1.3394647737630927,1.341819871018061,1.4080558529014033,6.48105019108144
mp-762716,li2fe3(sio4)2,p1,-2.482,0.051,2.23,45,3.204,568.378,TRUE,triclinic,7.14492,Low Band Gap,0.516957862281603,0.5833115354433691,0.5017491254372815,0.3192773025828118,0.7341854474890668,0.13481433282421243,0.6215162007999713,0.3437687948680838,1.2476068413459973,1.172482137234565,1.4360364530147047,6.344544536935578
mp-780681,life3(sio4)2,p1,-2.468,0.058,0.631,42,3.133,570.329,TRUE,triclinic,1.976923,Low Band Gap,0.5313463514902363,0.16505362280931207,0.4662668665667167,0.32067459780314533,0.8103514904588835,-1.3358112684360717,0.4209332828598736,0.35043490211301803,1.2435780589182954,0.4891933236388768,1.4190035355295954,6.347965225863419
mp-763739,li3fe2(sio4)2,p1,-2.565,0.059,1.14,15,3.034,173.298,TRUE,triclinic,3.4587599999999994,Low Band Gap,0.4316546762589928,0.29819513471095993,0.41679160419790096,0.03632322997932347,0.2826296213108761,-0.8676759144388956,0.14124724235185013,-1.0061264641420296,1.2711640538662592,0.76080582903376,1.39475843953202,5.160766477990837
mp-761622,li7fe7sio16,p1,-2.144,0.06,1.955,31,3.232,371.739,TRUE,triclinic,6.318560000000001,Low Band Gap,0.8643371017471736,0.5113784985613393,0.5157421289355324,0.17844555741049895,2.573051342046042,-0.11810751854950739,0.700619323367897,-0.3281003299585077,1.1454958745669601,1.0834986508580615,1.4426746945559983,5.9208784428137
mp-768001,li6fe(sio4)2,p1,-2.595,0.063,3.736,17,2.678,174.618,TRUE,triclinic,10.005008,High Band Gap,0.4008221993833502,0.9772430028773216,0.23888055972013988,0.03726860655074344,0.11941667208984143,1.5199063625290206,-0.8644924588689187,-1.0016163352013256,1.27954399117301,1.5551928975817046,1.3023691261821293,5.168311181642427
mp-772589,li2fe(si2o5)2,p1,-2.911,0.064,3.079,34,2.633,431.422,FALSE,triclinic,8.107007000000001,High Band Gap,0.07605344295991763,0.805388438399163,0.216391804097951,0.22119018613175542,-1.5997597263717083,0.9156530667016242,-0.9916224772816562,-0.12417758331605384,1.363793095773377,1.4058518603354215,1.2900587532390648,6.069401963286682
mp-764102,li3fe2(sio4)2,p1,-2.558,0.066,0.931,30,2.911,361.337,TRUE,triclinic,2.710141,Low Band Gap,0.43884892086330946,0.24352602668061732,0.3553223388305847,0.17099570354996063,0.3207126427957845,-1.0598965214829226,-0.20624147464296555,-0.363641512716995,1.2691985892436433,0.6580380034463774,1.363793095773377,5.892574717997113
mp-761513,lifesi3o8,p1,-2.859,0.068,2.413,26,2.896,315.39,FALSE,triclinic,6.988047999999999,Low Band Gap,0.12949640287769776,0.6311797018048653,0.3478260869565217,0.13808872072645026,-1.3168572810552504,0.30312232846563314,-0.2486181474472118,-0.5206315842613346,1.3504080825554816,1.22759166992457,1.3599503857802886,5.756975629831453
mp-850922,li3fe2(sio4)2,p1,-2.555,0.069,1.854,15,2.925,179.798,TRUE,triclinic,5.42295,Low Band Gap,0.44193216855087336,0.48495945592466655,0.3623188405797101,0.040978493399194564,0.33703393771788603,-0.21099881669040085,-0.16668991335900332,-0.9839174958734113,1.2683550632552043,1.0487215190546446,1.3673663512343717,5.19738038594999
mp-762655,lifesio4,p1,-2.551,0.071,2.292,28,2.969,346.461,TRUE,triclinic,6.8049479999999996,Low Band Gap,0.4460431654676257,0.5995291655767722,0.38430784607696145,0.1603415960678064,0.3587956642806905,0.19183671386119638,-0.04238500646654859,-0.4144692991729898,1.2672292539609509,1.1914952828148233,1.3785141738009283,5.850652428490737
mp-763637,li4fe2sio7,p1,-2.356,0.071,1.851,14,3.787,122.581,TRUE,triclinic,7.009736999999999,Low Band Gap,0.6464542651593013,0.48417473188595345,0.7931034482758622,0,1.4196798342174084,-0.21375796415993245,2.2685562171249942,-1.179414501631186,1.2107497886049596,1.0476698099305348,1.565903910410372,4.816896811524353
mp-767328,li5fe5si7o24,p1,-2.647,0.072,2.373,41,2.501,593.87,TRUE,triclinic,5.9348730000000005,Low Band Gap,0.34737923946557053,0.6207167146220246,0.1504247876061968,0.3375345295211739,-0.16348577322661412,0.26633369553854697,-1.3645371979590204,0.43086895165325584,1.293904911826543,1.2158025560795132,1.2530486419725286,6.388342894278824
mp-868319,li5fe5si7o24,p1,-2.646,0.072,2.598,41,2.546,583.402,TRUE,triclinic,6.614507999999999,High Band Gap,0.3484069886947585,0.6795710175255035,0.17291354322838567,0.3300374068320646,-0.1580453415859136,0.4732697557534084,-1.2374071795462829,0.39510226244773333,1.2936306762564713,1.2803781355283412,1.2658202076520162,6.370589102184172
mp-863852,li5fe5si7o24,p1,-2.646,0.073,2.391,41,2.55,582.533,TRUE,triclinic,6.097049999999999,Low Band Gap,0.3484069886947585,0.6254250588543029,0.1749125437281358,0.32941503392254645,-0.1580453415859136,0.2828885803557357,-1.2261067334651505,0.39213309422843645,1.2936306762564713,1.2211248631435017,1.2669476034873244,6.3691010053973445
mp-772382,li2fesi3o8,p1,-2.833,0.076,3.041,14,2.524,185.499,TRUE,triclinic,7.675484,High Band Gap,0.15621788283658758,0.7954486005754643,0.16191904047976008,0.04506151751560766,-1.1754060583970227,0.8807038654208917,-1.2995596329925097,-0.9644385223196584,1.343647786398418,1.3964921860963366,1.259596708073933,5.2284258771392
mp-766744,li2fe2si4o11,p1,-2.768,0.081,0,38,2.958,464.73,TRUE,triclinic,0,Low Band Gap,0.22302158273381306,0,0.3788105947026488,0.2450451882839195,-0.8217780017514483,-1.9161519528608615,-0.07346123318966133,-0.010371996378955422,1.3265443567141166,0,1.375738847180374,6.143606067067469
mp-779820,li3fe4(si3o10)2,p1,-2.633,0.082,0.054,33,2.777,438.109,TRUE,triclinic,0.149958,Low Band Gap,0.3617677286742034,0.014125032696834947,0.2883558220889556,0.22597937789924433,-0.0873197302567997,-1.8664872984092948,-0.5848064183608952,-0.10132968011416925,1.2900587532390648,0.05259245011917058,1.3289300437303198,6.084747673827675
mp-868418,li2fesi3o8,p1,-2.826,0.082,0,28,2.507,373.616,TRUE,triclinic,0,Low Band Gap,0.16341212744090425,0,0.1534232883558221,0.17978985424728328,-1.1373230369121141,-1.9161519528608615,-1.3475865288373214,-0.3216870632754005,1.341819871018061,0,1.2547609711580412,5.925901501324222
mp-773385,li3fesio5,p1,-2.486,0.083,2.254,20,3.575,171.619,TRUE,triclinic,8.05805,Low Band Gap,0.5128468653648507,0.5895893277530735,0.6871564217891056,0.03512073962825215,0.7124237209262623,0.15688751258046435,1.6696325748249863,-1.0118632114840311,1.2487549470978292,1.179885008796846,1.5206066987274847,5.151086853703245
mp-767276,li5fe5si7o24,p1,-2.635,0.084,1.827,41,2.433,610.604,TRUE,triclinic,4.445091,Low Band Gap,0.3597122302158275,0.477896939576249,0.11644177911044463,0.349519326147039,-0.09820059353820074,-0.2358311439161844,-1.5566447813382687,0.48804508626972665,1.2906091109854827,1.0392160787114533,1.233434514475555,6.416085014255888
mp-762704,li4fe(sio4)2,p1,-2.543,0.089,0.232,15,2.781,159.895,FALSE,triclinic,0.6451920000000001,Low Band Gap,0.4542651593011303,0.06068532566047607,0.2903548225887057,0.026724076807549266,0.4023191174062994,-1.7027778818837598,-0.573505972279763,-1.0519213567119208,1.264973825883335,0.20863886511132804,1.329988524908796,5.080751978313505
mp-767753,li2fe2si8o19,p1,-2.927,0.091,3.508,31,2.776,391.367,TRUE,triclinic,9.738208,High Band Gap,0.05960945529290836,0.9176039759351295,0.28785607196401786,0.19250302054976512,-1.686806632622926,1.3102111548446271,-0.5876315298811793,-0.26103607931597816,1.3678757755958726,1.50585359617753,1.3286652482832542,5.972197626295458
mp-762705,li3fesio5,p1,-2.474,0.094,2.173,20,3.615,169.712,TRUE,triclinic,7.855395000000001,Low Band Gap,0.5251798561151076,0.568401778707821,0.7071464267866069,0.03375495696029919,0.7777089006146757,0.08239053090311417,1.7826370356363088,-1.018378981097609,1.2453066678189133,1.1546775126010584,1.5293118679548154,5.1399779260993235
mp-762768,li9fe4(sio5)4,p1,-2.391,0.094,0.005,37,2.617,455.754,FALSE,triclinic,0.013085,Low Band Gap,0.6104830421377183,0.0013078733978550876,0.20839580209895048,0.23861662759826366,1.229264726792869,-1.911553373744976,-1.0368242616061851,-0.04104087317574285,1.2211248631435017,0.004987541511039074,1.285644952969961,6.124144952745768
mp-778793,li4fe3(sio4)3,p1,-2.524,0.099,0.976,22,3.031,258.368,TRUE,triclinic,2.958256,Low Band Gap,0.47379239465570394,0.2552968872613131,0.41529235382308854,0.09724988522985183,0.5056873185796211,-1.0185093094399502,0.1327719077910019,-0.7154623209710508,1.259596708073933,0.681074599325676,1.3940144841350288,5.558247902668974
mp-761351,li2fe(si2o5)3,p1,-2.882,0.104,0.189,24,2.624,302.599,FALSE,triclinic,0.49593600000000004,Low Band Gap,0.10585817060637182,0.04943761443892231,0.21189405297351327,0.1289278785105162,-1.4419872087913765,-1.7423256622803778,-1.0170484809642033,-0.5643354170496265,1.3563504847468186,0.17311261770864478,1.287578388180733,5.7157077517084085
mp-761343,li16fe4sio16,p1,-2.132,0.106,2.139,37,2.668,384.899,TRUE,triclinic,5.706852,Low Band Gap,0.8766700924974306,0.5595082396024065,0.23388305847076468,0.18787067534980723,2.638336521734456,0.05112019291509039,-0.8927435740717486,-0.28313571112542796,1.1416717781285568,1.1439042778598165,1.2996465543942184,5.9555756771953074
mp-762762,life2(sio4)2,p1,-2.426,0.114,0,39,2.753,547.911,FALSE,triclinic,0,Low Band Gap,0.5745118191161355,0,0.2763618190904548,0.30461895236519604,1.0388496193683292,-1.9161519528608615,-0.6526090948476887,0.27383787893672784,1.2313933999019282,0,1.3225555201528838,6.307936315435204
mp-761348,li7fe7sio16,p1,-2.087,0.118,1.492,31,3.233,371.607,TRUE,triclinic,4.8236360000000005,Low Band Gap,0.922918807810894,0.39026942191995817,0.5162418790604699,0.178351019753357,2.8831559455660054,-0.5439359446805341,0.7034444348881798,-0.3285513428525779,1.1271997455200222,0.9130856009252067,1.4429109615387867,5.920524244893861
mp-763462,li2co3(sio4)2,p1,-2.343,0.024,2.47,45,3.408,547.959,TRUE,triclinic,8.417760000000001,Low Band Gap,0.6598150051387461,0.6460894585404133,0.6036981509245378,0.30465332969506587,1.4904054455465223,0.3555461303867318,1.1978389509377148,0.2740018836254807,1.2068686074379615,1.244154593958768,1.4834210718506133,6.3080237574821325
mp-762851,li3co2(sio4)2,p1,-2.441,0.055,0.376,15,3.088,173.602,TRUE,triclinic,1.1610880000000001,Low Band Gap,0.5590955806783147,0.09835207951870259,0.4437781109445278,0.03654095306849898,0.9572431447578142,-1.5703388033462482,0.2938032644471361,-1.0050877677799281,1.2357621268153434,0.31918073951115195,1.4080558529014033,5.1625090980936195
mp-764452,li3co2(sio4)2,p1,-2.439,0.057,0.23,15,3.024,177.312,TRUE,triclinic,0.69552,Low Band Gap,0.5611510791366905,0.06016217630133403,0.41179410294852575,0.03919803418968695,0.9681240080392153,-1.7046173135301141,0.11299612714902015,-0.9924115720450706,1.235180731450129,0.20701416938432612,1.3922764327974382,5.183534824903892
mp-770682,li2co(si2o5)2,p1,-2.862,0.07,3.06,34,2.74,418.368,TRUE,triclinic,8.384400000000001,High Band Gap,0.1264131551901334,0.8004185194873137,0.269865067466267,0.21184098479590965,-1.3331785759773542,0.898178466061258,-0.6893355446113683,-0.1687800251281376,1.3511851840063227,1.4011829736136412,1.3190856114264407,6.0387488160814256
mp-764961,li6co(sio4)2,p1,-2.545,0.071,2.685,17,2.753,171.772,TRUE,triclinic,7.391805000000001,High Band Gap,0.4522096608427544,0.7023280146481821,0.2763618190904548,0.03523031736721218,0.39143825412489835,0.5532850323698217,-0.6526090948476887,-1.0113404465386315,1.2655381599840907,1.3042705256412999,1.3225555201528838,5.151972806203499
mp-849520,lico3(sio4)2,p1,-2.25,0.076,0.005,42,3.318,552.402,TRUE,triclinic,0.01659,Low Band Gap,0.7553956834532374,0.0013078733978550876,0.5587206396801601,0.3078353812911409,1.9963655881317253,-1.911553373744976,0.9435789141122397,0.2891825676281689,1.1786549963416462,0.004987541511039074,1.4627923320926157,6.316084681368702
mp-849656,li5co4(si3o10)2,p1,-2.529,0.082,0.176,35,2.94,428.648,TRUE,triclinic,0.51744,Low Band Gap,0.46865364850976365,0.046037143604499085,0.3698150924537731,0.2192034629430289,0.4784851603761162,-1.754281967981681,-0.12431324055475707,-0.13365568762023036,1.261014544693133,0.16211884947643518,1.3711807233098425,6.062966268796693
mp-763557,licosio4,p1,-2.348,0.087,1.333,14,2.451,214.044,TRUE,triclinic,3.267183,Low Band Gap,0.6546762589928059,0.34867904786816634,0.1254372813593203,0.06550528587256467,1.4632032873430174,-0.690170760565703,-1.505792773973173,-0.8669069839769338,1.208363152627229,0.8471549930392929,1.2386640441158663,5.370842658352261
mp-767320,li3co2(sio4)2,p1,-2.406,0.09,0.323,15,3.043,176.207,FALSE,triclinic,0.9828890000000001,Low Band Gap,0.5950668036998971,0.08448862150143867,0.4212893553223389,0.03840663940830885,1.1476582521823515,-1.619083741974638,0.16667324603439862,-0.9961870966507357,1.2255385822404965,0.27990188513281866,1.3969869906586339,5.177318540776747
