materials_id,formula,spacegroup,formation_energy_ev,e_above_hull_ev,band_gap_ev,nsites,density_gm_cc,volume,has_bandstructure,crystal_system,stability_category,density_volume_index,formation_energy_ev_normalized,e_above_hull_ev_normalized,band_gap_ev_normalized,nsites_normalized,density_gm_cc_normalized,volume_normalized,formation_energy_ev_standardized,e_above_hull_ev_standardized,band_gap_ev_standardized,nsites_standardized,density_gm_cc_standardized,volume_standardized,e_above_hull_ev_log,band_gap_ev_log,nsites_log,density_gm_cc_log,volume_log,Cluster
mp-849394,Li2MnSiO4,Pc,-2.699,0.006,3.462,16,2.993,178.513,True,Monoclinic,Low,0.0167662859287558,0.2939362795477906,0.031578947368421,0.9055715406748628,0.0491803278688524,0.3963018490754624,0.0400581836308046,-0.4470480684502561,-1.7188568913872304,1.2697784397191745,-0.9886904794556272,0.0254552423541618,-0.9897689524411208,0.0059820716775474,1.4955970960103406,2.833213344056216,1.3845428280810843,5.190247628704214,0
mp-783909,Li2MnSiO4,P21/c,-2.696,0.008,2.879,32,2.926,365.272,True,Monoclinic,Low,0.008010468910839,0.2970195272353546,0.0421052631578947,0.7530735024849595,0.180327868852459,0.3628185907046479,0.1738139284049134,-0.4307026474323212,-1.652949502925644,0.7327915137461323,-0.2960197018054953,-0.1641070263639026,-0.3507142046283873,0.0079681696491768,1.3555773884578302,3.49650756146648,1.3676210958542694,5.903376226786637,0
mp-761311,Li4MnSi2O7,Cc,-2.775,0.012,3.653,28,2.761,301.775,True,Monoclinic,Low,0.0091492005633336,0.2158273381294964,0.0631578947368421,0.9555323044729273,0.1475409836065573,0.2803598200899551,0.128337734347751,-0.8611320675713204,-1.5211347260024712,1.445703830561114,-0.4691873962180282,-0.6309394791770486,-0.5679891917608154,0.0119285708652738,1.5375121728625116,3.367295829986474,1.3246848794881994,5.712989955407114,0
mp-761598,Li4Mn2Si3O10,C2/c,-2.783,0.013,3.015,38,2.908,436.183,True,Monoclinic,Low,0.0066669264964475,0.2076053442959917,0.0684210526315789,0.7886476589066179,0.2295081967213114,0.3538230884557722,0.2245999875382179,-0.9047198569524852,-1.4881810317716782,0.8580577606283514,-0.0362681601866958,-0.2150342030344283,-0.1080698810769186,0.0129162252665463,1.390037347398725,3.6635616461296463,1.3630257341805363,6.08035187174035,0
mp-767709,Li2Mn3Si3O10,C2/c,-2.747,0.016,2.578,36,3.334,421.286,True,Monoclinic,Low,0.0079138637410215,0.2446043165467628,0.0842105263157894,0.6743395239340831,0.2131147540983606,0.5667166416791607,0.2139308399742456,-0.7085748047372441,-1.3893199490792985,0.4555478349847502,-0.1228520073929623,0.9902423115013306,-0.1590446591500839,0.0158733491562901,1.2748039850865274,3.610917912644224,1.4664909031141673,6.045682809602536,0
mp-761517,Li4MnSi2O7,C2,-2.763,0.024,3.293,14,2.792,149.207,True,Monoclinic,Low,0.0187122588082328,0.2281603288797535,0.1263157894736842,0.8613654198273608,0.0327868852459016,0.2958520739630184,0.0190693913565365,-0.7957503834995734,-1.1256903952329531,1.1141167064611226,-1.0752743266618936,-0.5432315638000342,-1.0900486628668564,0.023716526617316,1.4569857892424236,2.70805020110221,1.3328935843927754,5.012014342771374,0
mp-850949,LiMnSiO4,P21,-2.65,0.027,1.052,28,3.507,291.575,False,Monoclinic,Low,0.0120277801594786,0.3442959917780062,0.1421052631578947,0.2751765629087104,0.1475409836065573,0.6531734132933535,0.1210325517504148,-0.1800728584906231,-1.0268293125405734,-0.9500131410613248,-0.4691873962180282,1.4797090650569322,-0.6028917047732533,0.0266419309464211,0.7188149273085231,3.367295829986474,1.5056317437085112,5.67872104406083,0
mp-853204,Li2MnSiO4,P21/c,-2.676,0.029,3.384,32,2.927,365.179,False,Monoclinic,Low,0.0080152473170691,0.317574511819116,0.1526315789473684,0.8851687156683233,0.180327868852459,0.3633183408295852,0.1737473223282906,-0.3217331739794095,-0.9609219240789872,1.1979345628308424,-0.2960197018054953,-0.161277738771096,-0.3510324334235008,0.0285874568519125,1.4779615496457146,3.49650756146648,1.3678757755958726,5.903122284883357,0
mp-767360,LiMn(SiO3)2,C2/c,-2.822,0.038,0.612,20,3.255,218.36,True,Monoclinic,Low,0.0149065762960249,0.1675231243576567,0.2,0.1600837038974627,0.0819672131147541,0.5272363818090955,0.068596380783359,-1.1172103301856635,-0.6643386760018485,-1.3552862927390923,-0.8155227850430942,0.7667285916695814,-0.8534198900875313,0.0372957847436968,0.4774756440844365,3.044522437723423,1.4480947620253375,5.390714215814004,0
mp-764791,Li2Mn(SiO3)2,Cc,-2.823,0.04,3.447,22,2.7,271.853,True,Monoclinic,Low,0.0099318381625363,0.1664953751284685,0.2105263157894737,0.9016479204812976,0.0983606557377049,0.2498750624687657,0.1069077663401536,-1.1226588038583083,-0.5984312875402621,1.2559623095483412,-0.7289389378368277,-0.8035260223382721,-0.6703767402273021,0.0392207131532812,1.4922297115285594,3.1354942159291497,1.308332819650179,5.608933188624023,0
mp-782667,Li2MnSiO4,P21/c,-2.66,0.044,2.785,32,2.977,358.984,True,Monoclinic,Low,0.008292848706349,0.3340184994861253,0.231578947368421,0.7284854826052839,0.180327868852459,0.3883058470764617,0.1693104981919673,-0.2345575952170802,-0.4666165106170894,0.6462104313422457,-0.2960197018054953,-0.0198133591307492,-0.3722305773560549,0.0430594894604469,1.3310458868894122,3.49650756146648,1.3805277662255535,5.886059586018027,0
mp-767686,Li2Mn(SiO3)2,C2/c,-2.818,0.045,3.397,22,2.702,271.581,True,Monoclinic,Low,0.0099491496091405,0.1716341212744092,0.2368421052631579,0.8885691865027465,0.0983606557377049,0.2508745627186406,0.1067129614708913,-1.095416435495081,-0.4336628163862962,1.209908542312231,-0.7289389378368277,-0.7978674471526589,-0.6713074739076338,0.0440168854167743,1.480922490198673,3.1354942159291497,1.3088732141513058,5.607935817640374,0
mp-772591,Li2Mn2Si2O7,P21/c,-2.697,0.049,2.461,52,3.047,636.288,True,Monoclinic,Low,0.0047887120297726,0.2959917780061665,0.2578947368421053,0.6437352864242741,0.3442622950819672,0.4232883558220892,0.3679140624048804,-0.4361511211049662,-0.3018480394631233,0.347782019652253,0.5698187702571695,0.1782367723657376,0.5766524097420889,0.0478373294141601,1.241557564653207,3.970291913552122,1.397975865893729,6.457221672706287,0
mp-849242,Li10Mn(SiO5)2,C2/m,-2.496,0.052,0.988,46,2.4,471.249,True,Monoclinic,Medium,0.0050928490033931,0.5025693730729701,0.2736842105263158,0.2584357834161653,0.2950819672131147,0.0999500249875062,0.249714059396864,0.6589920870967955,-0.2029869567707439,-1.0089619631235456,0.3100672286383701,-1.6523123001803564,0.0119194837558408,0.0506931143155181,0.6871291082343823,3.8501476017100575,1.2237754316221157,6.157506388856878,0
mp-780126,Li3MnSi2O7,P21,-2.721,0.058,0.921,78,2.89,840.856,False,Monoclinic,Medium,0.0034369737505589,0.2713257965056526,0.3052631578947369,0.2409102798849071,0.5573770491803279,0.3448275862068968,0.5144245127550637,-0.5669144892484601,-0.0052647913859846,-1.0706740112199329,1.6954087839386338,-0.2659613797049527,1.2766462609115383,0.0563803334361076,0.6528458837864196,4.3694478524670215,1.358409157630355,6.735608978238831,0
mp-868532,Li5Mn(SiO4)2,C2,-2.649,0.067,0.584,16,2.588,175.701,False,Monoclinic,Medium,0.0147295689836711,0.3453237410071943,0.3526315789473684,0.1527596128694742,0.0491803278688524,0.1939030484757622,0.0380442450559311,-0.1746243848179781,0.2913184566911541,-1.3810764023913138,-0.9886904794556272,-1.1204062327326505,-0.9993910962245498,0.0648509723196163,0.4599532933922341,2.833213344056216,1.2775949441965495,5.174459038619201,0
mp-850142,Li2Mn(Si2O5)2,P21/c,-2.942,0.069,3.823,68,2.31,980.879,False,Monoclinic,Medium,0.0023550305389349,0.0441932168550871,0.3631578947368422,1.0,0.4754098360655738,0.0549725137431285,0.614708197345927,-1.771027170903133,0.3572258451527405,1.602286639163888,1.2624895479073015,-1.906948183532981,1.755779062827282,0.0667236320429081,1.573396141086835,4.23410650459726,1.1969481893889715,6.889468082839907,0
mp-767853,Li2Mn2Si3O10,Cc,-2.712,0.073,1.262,34,2.847,429.302,True,Monoclinic,Medium,0.0066316951702996,0.2805755395683453,0.3842105263157895,0.3301072456186241,0.1967213114754098,0.3233383308345827,0.2196718540625051,-0.5178782261946505,0.4890406220759129,-0.7565873186696632,-0.2094358545992288,-0.3876207461956518,-0.1316153901003092,0.0704584636485614,0.8162493776939287,3.555348061489413,1.347293623770158,6.064487287753808,0
mp-849428,Li2Mn2(SiO3)3,P21/c,-2.769,0.077,3.188,64,2.517,929.064,False,Monoclinic,Medium,0.0027091782697424,0.2219938335046247,0.4052631578947369,0.833900078472404,0.4426229508196722,0.1584207896051974,0.5775985859458312,-0.8284412255354482,0.6208553989990858,1.017403795265292,1.0893218534947684,-1.3212856518219438,1.578477718539099,0.0741793981742515,1.4322232930082903,4.174387269895637,1.2576083534918454,6.835253400983808,0
mp-761329,LiMn(SiO3)2,C2/c,-2.782,0.078,1.497,20,3.104,228.983,True,Monoclinic,Medium,0.0135555914631217,0.2086330935251799,0.4105263157894737,0.3915772953178132,0.0819672131147541,0.4517741129435284,0.076204513600173,-0.8992713832798401,0.653809093229879,-0.5401346126599463,-0.8155227850430942,0.3395061651557333,-0.8170699493295777,0.0751074724868054,0.9150900112976362,3.044522437723423,1.4119621078684683,5.438005393148013,0
mp-761653,Li2MnSi3O8,P21,-2.871,0.082,2.736,28,2.672,349.386,True,Monoclinic,Medium,0.0076477019685963,0.1171634121274407,0.4315789473684211,0.715668323306304,0.1475409836065573,0.2358820589705148,0.1624364646067484,-1.3841855401452965,0.7856238701530519,0.601077739450858,-0.4691873962180282,-0.8827460749368666,-0.4050731577377585,0.0788111804242897,1.3180155203665962,3.367295829986474,1.300736472758244,5.859035403926141,0
mp-769543,Li3Mn2(SiO4)2,P21,-2.612,0.083,0.0,30,2.887,362.254,True,Monoclinic,Medium,0.0079695462299933,0.3833504624871531,0.436842105263158,0.0,0.1639344262295082,0.343328335832084,0.1716524537893486,0.0269691410699078,0.8185775643838451,-1.918984403709078,-0.3826035490117618,-0.2744492424833739,-0.3610412423020673,0.0797349680188535,0.0,3.4339872044851463,1.357637651870086,5.895102314089695,0
mp-849217,Li4Mn(SiO3)3,C2,-2.794,0.083,2.862,34,2.649,389.814,True,Monoclinic,Medium,0.0067955486462774,0.1963001027749231,0.436842105263158,0.7486267329322522,0.1967213114754098,0.2243878060969515,0.191390770689602,-0.9646530673515872,0.8185775643838451,0.717133232885855,-0.2094358545992288,-0.9478196895714268,-0.2667360208684607,0.0797349680188535,1.3511851840063227,3.555348061489413,1.2944531574543106,5.968231743477835,0
mp-767695,Li2MnSi3O8,P21,-2.868,0.085,3.261,28,2.628,355.18,True,Monoclinic,Medium,0.0073990652626837,0.1202466598150051,0.4473684210526316,0.8529950300810882,0.1475409836065573,0.2138930534732634,0.1665860947997842,-1.367840119127359,0.8844849528454315,1.0846422954300123,-0.4691873962180282,-1.0072347290203725,-0.3852471616206934,0.0815799869924228,1.449503874517775,3.367295829986474,1.2886815322528902,5.87543622104786,0
mp-767303,Li2Mn(SiO3)2,C2,-2.778,0.085,3.169,22,2.92,251.377,True,Unknown,Medium,0.0116160189675268,0.2127440904419324,0.4473684210526316,0.8289301595605546,0.0983606557377049,0.3598200899550225,0.0922429703731874,-0.8774774885892578,0.8844849528454315,0.99990336371557,-0.7289389378368277,-0.1810827519207449,-0.7404418241922704,0.0815799869924228,1.42767619889866,3.1354942159291497,1.366091653802371,5.530924001316807,0
mp-780037,LiMn2Si2O7,Cc,-2.653,0.085,0.716,24,3.281,288.498,True,Monoclinic,Medium,0.0113726958245811,0.3412127440904422,0.4473684210526316,0.1872874705728485,0.1147540983606557,0.5402298850574714,0.1188288216668851,-0.1964182795085605,0.8844849528454315,-1.2594944568879838,-0.6423550906305613,0.8402900690825627,-0.6134206295320054,0.0815799869924228,0.5399960010657705,3.218875824868201,1.4541866271628092,5.668148388526319,0
mp-774171,Li3Mn2(SiO4)2,Pc,-2.608,0.087,0.0,30,2.892,361.543,True,Monoclinic,Medium,0.0079990485225823,0.3874614594039056,0.4578947368421052,0.0,0.1639344262295082,0.3458270864567716,0.1711432395906519,0.0487630357604901,0.9503923413070174,-1.918984403709078,-0.3826035490117618,-0.2603028045193395,-0.3634741527679344,0.0834216081390723,0.0,3.4339872044851463,1.3589231643237587,5.893143087949507,0
mp-778631,Li3Mn2(SiO4)2,Pc,-2.607,0.087,0.37,30,2.911,359.241,True,Monoclinic,Medium,0.0081031953479697,0.3884892086330933,0.4578947368421052,0.0967826314412765,0.1639344262295082,0.3553223388305848,0.1694945601456453,0.0542115094331351,0.9503923413070174,-1.5781865261618644,-0.3826035490117618,-0.2065463402560071,-0.3713511709007415,0.0834216081390723,0.3148107398400335,3.4339872044851463,1.363793095773377,5.886773251916623,0
mp-780872,LiMnSiO4,P21/c,-2.589,0.088,0.982,56,3.361,608.454,True,Monoclinic,Medium,0.0055238358199633,0.4069886947584789,0.4631578947368421,0.2568663353387392,0.3770491803278688,0.5802098950524739,0.34797950824662,0.1522840355407568,0.9833460355378107,-1.014488415191879,0.7429864646697025,1.0666330765071184,0.4814096109981479,0.0843411484337508,0.6841064359077962,4.04305126783455,1.4727013888606295,6.412563474375081,0
mp-761765,Li3Mn3SiO8,P2/m,-2.329,0.088,0.915,15,3.853,147.276,True,Monoclinic,Medium,0.0261617643064722,0.6742034943473794,0.4631578947368421,0.239340831807481,0.040983606557377,0.8260869565217395,0.0176864200236487,1.568887190428606,0.9833460355378107,-1.0762004632882662,-1.0319824030587603,2.4586425721681358,-1.096656187634211,0.0843411484337508,0.6497176226326093,2.772588722239781,1.579597070423079,4.999075401927305,0
mp-780287,Li3Mn2(SiO4)2,P21,-2.605,0.089,0.0,30,2.898,360.853,True,Monoclinic,Medium,0.0080309710602378,0.3905447070914696,0.4684210526315789,0.0,0.1639344262295082,0.348825587206397,0.1706490654737733,0.0651084567784274,1.0162997297686038,-1.918984403709078,-0.3826035490117618,-0.2433270789624972,-0.3658352051187757,0.0852598439508234,0.0,3.4339872044851463,1.360463601085369,5.891238052005972,0
mp-774356,Li3Mn2(SiO4)2,Pc,-2.604,0.09,0.0,30,2.91,359.343,True,Monoclinic,Medium,0.0080981123884422,0.3915724563206577,0.4736842105263158,0.0,0.1639344262295082,0.3548225887056473,0.1695676119716186,0.0705569304510724,1.0492534239993971,-1.918984403709078,-0.3826035490117618,-0.2093756278488138,-0.371002145770617,0.0861776962410523,0.0,3.4339872044851463,1.3635373739972745,5.887056355623287,0
mp-850760,Li2MnSi4O11,C2/c,-2.832,0.091,1.37,36,2.868,413.524,True,Monoclinic,Medium,0.0069355103935926,0.1572456320657762,0.4789473684210527,0.358357311012294,0.2131147540983606,0.3338330834582708,0.2083717392565472,-1.171695066912118,1.0822071182301904,-0.6571111814396656,-0.1228520073929623,-0.3282057067467062,-0.1856047871895489,0.0870947068509337,0.8628899551470398,3.610917912644224,1.352737577591048,6.027130873984792,0
mp-775353,Li5Mn(SiO3)4,C2,-2.79,0.091,1.342,132,2.584,1518.85,False,Monoclinic,Medium,0.0017012871580472,0.2004110996916752,0.4789473684210527,0.3510332199843056,1.0,0.1919040479760121,1.0,-0.9428591726610048,1.0822071182301904,-0.6829012910918872,4.033172658507828,-1.131723383103878,3.5966163008482823,0.0870947068509337,0.8510052651755257,4.890349128221754,1.276479495112684,7.326366924760189,0
mp-769538,Li3Mn2(SiO4)2,P21,-2.601,0.093,0.0,30,3.001,348.469,True,Monoclinic,Medium,0.0086119568742126,0.3946557040082221,0.4894736842105263,0.0,0.1639344262295082,0.4002998500749626,0.1617797143673604,0.0869023514690098,1.1481145066917768,-1.918984403709078,-0.3826035490117618,0.0480895430966174,-0.4082109620938768,0.0889262091944015,0.0,3.4339872044851463,1.386544329875098,5.856414859599752,0
mp-767011,Li7Mn3(SiO6)2,C2/m,-2.439,0.095,1.291,24,3.671,208.787,True,Monoclinic,Medium,0.0175825123211694,0.5611510791366907,0.5,0.3376929113261836,0.1147540983606557,0.7351324337831084,0.0617402520574473,0.9695550864375932,1.2140218951533632,-0.7298761336727195,-0.6423550906305613,1.9437122302772705,-0.8861769250942048,0.0907543632684641,0.8289884034713584,3.218875824868201,1.541373181519971,5.346092730267339,0
mp-510708,LiFe(SiO3)2,C2/c,-2.82,0.0,2.703,20,3.287,217.186,True,Monoclinic,Low,0.0151344930152035,0.1695786228160329,0.0,0.7070363588804603,0.0819672131147541,0.5432283858070965,0.0677555685902931,-1.106313382840371,-1.9165790567719896,0.5706822530750251,-0.8155227850430942,0.8572657946394038,-0.857437100898963,0.0,1.3091433019314755,3.044522437723423,1.45558718761584,5.385347910020655,0
mp-19061,LiFe(SiO3)2,P21/c,-2.82,0.001,2.755,40,3.309,431.516,True,Monoclinic,Low,0.0076683135735407,0.1695786228160329,0.0052631578947368,0.7206382422181533,0.2459016393442623,0.5542228885557223,0.2212575084027505,-1.106313382840371,-1.8836253625411965,0.6185781710005794,0.0503156870195706,0.9195101216811572,-0.1240394916876095,0.0009995003330835,1.323088285216098,3.713572066704308,1.460705858633701,6.069619319907318,0
mp-646320,Li2FeSiO4,P21/c,-2.625,0.001,3.443,32,3.067,350.466,False,Monoclinic,Low,0.0087512055377697,0.3699897225077082,0.0052631578947368,0.9006016217630134,0.180327868852459,0.4332833583208397,0.1632099545288193,-0.0438610166744841,-1.8836253625411965,1.2522780081694525,-0.2960197018054953,0.2348225242218766,-0.4013775975364416,0.0009995003330835,1.4913298239537711,3.49650756146648,1.4029056269250877,5.862112978264981,0
mp-763629,Li2FeSiO4,Pc,-2.621,0.005,3.027,16,3.073,174.862,True,Monoclinic,Low,0.0175738582424998,0.3741007194244603,0.0263157894736842,0.7917865550614701,0.0491803278688524,0.4362818590704649,0.0374433579775816,-0.0220671219839018,-1.7518105856180235,0.8691106647650177,-0.9886904794556272,0.2517982497787176,-1.0022619990105726,0.004987541511039,1.393021681869317,2.833213344056216,1.4043798286662756,5.169699596569004,0
mp-763264,Li2FeSiO4,P21,-2.619,0.007,3.401,32,3.005,357.648,True,Monoclinic,Low,0.008402116047063,0.3761562178828366,0.0368421052631579,0.8896154852210306,0.180327868852459,0.4022988505747127,0.1683536625105907,-0.0111701746386118,-1.685903197156437,1.21359284369112,-0.2960197018054953,0.0594066934678452,-0.3768021221976839,0.0069756137364252,1.4818317878289544,3.49650756146648,1.3875435805203225,5.882341406089587,0
mp-868123,LiFe(Si2O5)2,P2/c,-2.985,0.009,3.362,32,2.43,457.962,False,Monoclinic,Low,0.0053061171014188,0.0,0.0473684210526315,0.879414072717761,0.180327868852459,0.1149425287356322,0.2401979847722752,-2.005311538826892,-1.619995808694851,1.1776709052469545,-0.2960197018054953,-1.5674336723961473,-0.0335461721653614,0.0089597413714719,1.4729306677794374,3.49650756146648,1.2325602611778486,6.12896741796235,0
mp-761968,Li4FeSi2O7,Cc,-2.731,0.011,3.415,28,2.81,297.609,True,Monoclinic,Low,0.0094419187591773,0.2610483042137721,0.0578947368421052,0.8932775307350249,0.1475409836065573,0.304847576211894,0.1253540685927998,-0.6213992259749148,-1.5540884202332643,1.2264878985172307,-0.4691873962180282,-0.4923043871295085,-0.5822444730558954,0.0109399400383343,1.4850078340559234,3.367295829986474,1.3376291891386096,5.699135025307266,0
mp-762639,LiFeSiO4,Pc,-2.61,0.012,3.026,28,2.852,360.726,True,Monoclinic,Low,0.0079062778951337,0.3854059609455293,0.0631578947368421,0.791524980381899,0.1475409836065573,0.3258370814592704,0.1705581087884927,0.0378660884152001,-1.5211347260024712,0.8681895894202952,-0.4691873962180282,-0.3734743082316173,-0.3662697756239307,0.0119285708652738,1.3927733272175995,3.367295829986474,1.348592493935879,5.890887019150391,0
mp-762893,LiFeSiO4,Cc,-2.608,0.014,2.967,112,2.849,1444.106,False,Monoclinic,Low,0.0019728468685816,0.3874614594039056,0.0736842105263158,0.776092074287209,0.8360655737704918,0.324337831084458,0.9464687678377162,0.0487630357604901,-1.455227337540885,0.8138461440816858,3.167334186445164,-0.3819621710100372,3.34085616039714,0.0139029051689914,1.378010141532193,4.727387818712341,1.3478133743016092,7.275937954257468,0
mp-762925,LiFeSiO4,Cc,-2.608,0.014,2.969,112,2.848,1444.706,False,Monoclinic,Low,0.0019713353443537,0.3874614594039056,0.0736842105263158,0.776615223646351,0.8360655737704918,0.3238380809595202,0.9468984844610888,0.0487630357604901,-1.455227337540885,0.81568829477113,3.167334186445164,-0.3847914586028452,3.342909249397872,0.0139029051689914,1.3785141738009283,4.727387818712341,1.34755353280346,7.276353062544423,0
mp-767077,Li5Fe(SiO4)2,C2,-2.677,0.014,2.466,16,2.616,174.413,True,Monoclinic,Low,0.0149988819640737,0.3165467625899283,0.0736842105263158,0.6450431598221293,0.0491803278688524,0.2078960519740131,0.0371217867044244,-0.3271816476520545,-1.455227337540885,0.3523873963758643,-0.9886904794556272,-1.0411861801340556,-1.00379839394612,0.0139029051689914,1.2430011912934145,2.833213344056216,1.28536844252993,5.167143193497192,0
mp-767027,Li4FeSi2O7,C2,-2.722,0.02,3.442,14,2.824,148.024,True,Monoclinic,Low,0.0190779873534021,0.2702980472764644,0.1052631578947368,0.9003400470834424,0.0327868852459016,0.3118440779610194,0.01822213341412,-0.5723629629211051,-1.257505172156126,1.2513569328247305,-1.0752743266618936,-0.4526943608302119,-1.0940966700132988,0.0198026272961797,1.4911047254722358,2.70805020110221,1.341296995189155,5.004107366799967,0
mp-764348,LiFeSiO4,P21/c,-2.601,0.02,2.904,28,2.873,358.057,True,Monoclinic,Low,0.0080238621225112,0.3946557040082221,0.1052631578947368,0.7596128694742349,0.1475409836065573,0.3363318340829586,0.1686465860088564,0.0869023514690098,-1.257505172156126,0.7558183973641871,-0.4691873962180282,-0.3140592687826705,-0.3754025998621852,0.0198026272961797,1.362001668550846,3.367295829986474,1.3540294005326152,5.883481150258222,0
mp-761394,Li4Fe2Si3O10,C2/c,-2.71,0.021,3.159,38,2.978,427.934,True,Monoclinic,Low,0.0069590170446844,0.2826310380267216,0.1105263157894737,0.8263144127648444,0.2295081967213114,0.3888055972013995,0.2186921001612153,-0.5069812788493582,-1.2245514779253328,0.9906926102683477,-0.0362681601866958,-0.0169840715379414,-0.1362964330219773,0.0207825391825285,1.4252746607607745,3.6635616461296463,1.3807791804317806,6.061303060938638,0
mp-775228,LiFeSiO4,Pc,-2.599,0.023,0.401,14,2.87,179.222,True,Monoclinic,Low,0.0160136590373949,0.3967112024665979,0.1210526315789473,0.104891446507978,0.0327868852459016,0.334832583708146,0.0405659654407567,0.0977992988142997,-1.1586440894637462,-1.5496331904754763,-1.0752743266618936,-0.3225471315610917,-0.987342885605256,0.0227394869694894,0.3371862673548699,2.70805020110221,1.3532545070416904,5.194189424292756,0
mp-762554,Li2FeSiO4,P21/c,-2.603,0.023,3.448,32,3.028,354.961,False,Monoclinic,Low,0.0085305146199159,0.3926002055498458,0.1210526315789473,0.9019094951608684,0.180327868852459,0.413793103448276,0.1664292482322532,0.0760054041237174,-1.1586440894637462,1.2568833848930632,-0.2960197018054953,0.1244803081024053,-0.3859965391059604,0.0227394869694894,1.4924545569482814,3.49650756146648,1.393269974856316,5.874821174289131,0
mp-761644,Li2Fe3Si3O10,C2/c,-2.635,0.024,3.028,36,3.463,408.228,True,Monoclinic,Low,0.0084830045954711,0.3597122302158277,0.1263157894736842,0.7920481297410411,0.2131147540983606,0.6311844077961022,0.2045787738609107,-0.0983457534009387,-1.1256903952329531,0.8700317401097398,-0.1228520073929623,1.3552204109734265,-0.2037267194360068,0.023716526617316,1.393269974856316,3.610917912644224,1.4958211856471328,6.014272457933965,0
mp-764344,Li2FeSiO4,P21,-2.603,0.024,2.931,16,3.06,175.643,True,Monoclinic,Low,0.0174217019750288,0.3926002055498458,0.1263157894736842,0.7666753858226524,0.0491803278688524,0.429785107446277,0.0380027057823385,0.0760054041237174,-1.1256903952329531,0.7806874316716866,-0.9886904794556272,0.2150175110722276,-0.9995895614946204,0.023716526617316,1.3688938464397231,2.833213344056216,1.4011829736136414,5.174130746640161,0
mp-778685,LiFe(SiO3)2,Cc,-2.793,0.028,3.273,20,2.602,274.334,False,Monoclinic,Low,0.0094847886153375,0.1973278520041108,0.1473684210526316,0.8561339262359404,0.0819672131147541,0.2008995502248876,0.1086846445777998,-0.9592045936789422,-0.9938756183097804,1.0956951995666786,-0.8155227850430942,-1.0807962064333536,-0.6618872172092768,0.0276151670329733,1.4523161566618878,3.044522437723423,1.2814892467537642,5.617984906157443,0
mp-762645,LiFeSiO4,Pc,-2.59,0.032,2.839,28,2.843,361.8,True,Monoclinic,Low,0.007857932559425,0.4059609455292912,0.1684210526315789,0.7426105153021187,0.1475409836065573,0.3213393303348326,0.1713273015443299,0.1468355618681118,-0.8620608413866075,0.6959484999572443,-0.4691873962180282,-0.3989378965668796,-0.362594746312621,0.0314986670593709,1.3452119160186606,3.367295829986474,1.346253311582707,5.893851718240982,0
mp-762786,Li3Fe2(SiO4)2,P21,-2.586,0.038,1.378,30,2.921,360.017,True,Monoclinic,Low,0.0081135057511173,0.4100719424460433,0.2,0.3604499084488621,0.1639344262295082,0.3603198400799601,0.1700503269785406,0.1686294565586941,-0.6643386760018485,-0.6497425786818882,-0.3826035490117618,-0.1782534643279383,-0.3686958424597952,0.0372957847436968,0.86625979826859,3.4339872044851463,1.3663467233101945,5.888925048636858,0
mp-765961,LiFeSi3O8,P21/c,-2.887,0.04,3.144,52,2.69,679.101,True,Monoclinic,Low,0.0039611191855114,0.1007194244604319,0.2105263157894737,0.8223907925712792,0.3442622950819672,0.2448775612193903,0.3985764920656406,-1.4713611189076257,-0.5984312875402621,0.976876480097515,0.5698187702571695,-0.8318188982663423,0.7231505753892948,0.0392207131532812,1.421661504957182,3.970291913552122,1.3056264580524355,6.522241316552516,0
mp-764784,LiFeSiO4,Cc,-2.577,0.045,3.01,14,2.366,217.361,True,Monoclinic,Low,0.0108851173853635,0.419321685508736,0.2368421052631579,0.7873397855087627,0.0327868852459016,0.0829585207396301,0.0678809026054435,0.2176657196125038,-0.4336628163862962,0.8534523839047401,-1.0752743266618936,-1.7485080783357918,-0.8568382832737496,0.0440168854167743,1.3887912413184778,2.70805020110221,1.2137250957686143,5.386149656496403,0
mp-765881,LiFeSi3O8,C2/c,-2.879,0.049,3.186,52,2.656,687.841,True,Monoclinic,Low,0.0038613574939557,0.1089414182939365,0.2578947368421053,0.8333769291132619,0.3442622950819672,0.2278860569715144,0.4048360308794365,-1.4277733295264612,-0.3018480394631233,1.0155616445758473,0.5698187702571695,-0.9280146764217778,0.7530572384999524,0.0478373294141601,1.431745624023808,3.970291913552122,1.2963696535919036,6.535010475151573,0
mp-762861,LiFeSiO4,P21/c,-2.572,0.05,3.028,84,2.857,1080.318,False,Monoclinic,Low,0.0026445916850408,0.4244604316546763,0.2631578947368421,0.7920481297410411,0.6065573770491803,0.3283358320839582,0.6859258495318594,0.2449080879757311,-0.2688943452323301,0.8700317401097398,1.9551603255574328,-0.3593278702675817,2.0960409247335376,0.048790164169432,1.393269974856316,4.442651256490317,1.3498896792260908,6.9859359464419954,0
mp-762613,Li2Fe2Si2O7,P21/c,-2.598,0.051,3.159,52,3.149,619.645,True,Monoclinic,Medium,0.0050819420797392,0.3977389516957865,0.2684210526315789,0.8263144127648444,0.3442622950819672,0.4742628685657173,0.3559944394668935,0.1032477724869471,-0.2359406510015371,0.9906926102683477,0.5698187702571695,0.4668241068320456,0.5197031426767943,0.049742091894814,1.4252746607607745,3.970291913552122,1.422867341350731,6.430759259859258,0
mp-780866,LiFe2Si2O7,P21/c,-2.598,0.051,2.01,48,2.911,654.481,True,Monoclinic,Medium,0.004447799095772,0.3977389516957865,0.2684210526315789,0.5257651059377452,0.3114754098360656,0.3553223388305848,0.3809437866199134,0.1032477724869471,-0.2359406510015371,-0.0676229608174587,0.3966510758446366,-0.2065463402560071,0.6389054900592733,0.049742091894814,1.1019400787607845,3.8918202981106265,1.363793095773377,6.485369317276421,0
mp-762862,LiFeSiO4,P21/c,-2.571,0.051,3.042,84,2.872,1074.67,False,Monoclinic,Medium,0.0026724482864507,0.4254881808838644,0.2684210526315789,0.7957101752550353,0.6065573770491803,0.3358320839580211,0.6818807837171776,0.2503565616483761,-0.2359406510015371,0.8829267949358505,1.9551603255574328,-0.3168885563754784,2.076714513606651,0.049742091894814,1.3967396189814292,4.442651256490317,1.3537711694143306,6.980699002232475,0
mp-767973,Li2Fe(SiO3)2,C2/c,-2.754,0.051,3.222,22,2.758,267.162,True,Monoclinic,Medium,0.0103233244248807,0.2374100719424463,0.2684210526315789,0.8427936175778186,0.0983606557377049,0.2788605697151425,0.1035480985397512,-0.7467141204457638,-0.2359406510015371,1.0487203569858463,-0.7289389378368277,-0.6394273419554698,-0.6864284743980225,0.049742091894814,1.4403089494261287,3.1354942159291497,1.3238869009912737,5.591591275499796,0
mp-762796,LiFeSiO4,Cc,-2.57,0.052,2.899,14,2.719,189.186,True,Monoclinic,Medium,0.0143720994153901,0.4265159301130525,0.2736842105263158,0.7583049960763799,0.0327868852459016,0.2593703148425788,0.047702126166233,0.2558050353210235,-0.2029869567707439,0.7512130206405763,-1.0752743266618936,-0.7497695580749411,-0.9532479209331062,0.0506931143155181,1.3607201100004602,2.70805020110221,1.313454814942933,5.248002540672424,0
mp-762565,Li10Fe(SiO5)2,C2/m,-2.476,0.055,1.715,46,2.399,472.581,True,Monoclinic,Medium,0.0050763784409445,0.5231243576567319,0.2894736842105263,0.4486005754642951,0.2950819672131147,0.0994502748625687,0.2506680303007515,0.7679615605497071,-0.1041258740783642,-0.3393401875105071,0.3100672286383701,-1.655141587773163,0.016477341337465,0.0535407669280298,0.9987919533858988,3.8501476017100575,1.223481270713979,6.160322964521795,0
mp-764355,LiFeSiO4,Pc,-2.566,0.055,2.955,14,2.644,194.528,True,Monoclinic,Medium,0.0135918736634314,0.4306269270298051,0.2894736842105263,0.7729531781323569,0.0327868852459016,0.2218890554722639,0.0515280365029947,0.2775989300116058,-0.1041258740783642,0.8027932399450194,-1.0752743266618936,-0.9619661275354612,-0.9349685851965922,0.0535407669280298,1.3749806012196173,2.70805020110221,1.293081979397712,5.27570359167645,0
mp-763619,Li2Fe(SiO3)2,P21,-2.748,0.058,3.392,22,2.878,256.015,True,Monoclinic,Medium,0.0112415288166709,0.2435765673175742,0.3052631578947369,0.8872613131048915,0.0983606557377049,0.3388305847076462,0.0955646798718584,-0.7140232784098915,-0.0052647913859846,1.2053031655886202,-0.7289389378368277,-0.2999128308186361,-0.7245714462166151,0.0563803334361076,1.4797847042072294,3.1354942159291497,1.35531955682046,5.54913444895076,0
mp-761624,LiFeSi3O8,C2,-2.868,0.059,3.215,26,2.59,352.651,True,Monoclinic,Medium,0.0073443716308758,0.1202466598150051,0.3105263157894737,0.8409625948208214,0.1311475409836065,0.194902548725637,0.1647748392322682,-1.367840119127359,0.0276889028448083,1.0422728295727908,-0.5557712434242947,-1.114747657547037,-0.3939009317587773,0.0573250666192694,1.4386495914538189,3.295836866004329,1.2781522025001877,5.868310551132462,0
mp-767938,LiFeSiO4,P21/c,-2.562,0.059,2.871,28,2.843,361.839,True,Monoclinic,Medium,0.0078570856098983,0.4347379239465572,0.3105263157894737,0.7509809050483913,0.1475409836065573,0.3213393303348326,0.1713552331248491,0.2993928247021882,0.0276889028448083,0.7254229109883547,-0.4691873962180282,-0.3989378965668796,-0.3624612955275735,0.0573250666192694,1.3535128715955111,3.367295829986474,1.346253311582707,5.893959209707227,0
mp-762650,Li3Fe2(SiO4)2,P21,-2.564,0.06,1.331,30,3.026,347.513,True,Monoclinic,Medium,0.0087075879175743,0.4326824254881809,0.3157894736842105,0.3481558985090243,0.1639344262295082,0.4127936031984007,0.1610950325474532,0.2884958773568958,0.0606425970756015,-0.6930331198838315,-0.3826035490117618,0.1188217329167908,-0.4114822172350426,0.0582689081239757,0.8462973600536201,3.4339872044851463,1.3927733272175995,5.853675532230818,0
mp-763781,Li3Fe2(SiO4)2,Pc,-2.564,0.06,1.684,30,2.741,383.694,True,Monoclinic,Medium,0.0071437134800127,0.4326824254881809,0.3157894736842105,0.4404917603975935,0.1639344262295082,0.2703648175912045,0.1870076611312003,0.2884958773568958,0.0606425970756015,-0.3678935231968954,-0.3826035490117618,-0.6875252310331876,-0.2876775286759235,0.0582689081239757,0.9873082191094352,3.4339872044851463,1.319352955366009,5.952448213067867,0
mp-767668,Li9Fe5(SiO8)2,P2/m,-2.324,0.06,1.646,32,3.782,287.056,True,Monoclinic,Medium,0.0131751295914386,0.67934224049332,0.3157894736842105,0.4305519225738948,0.180327868852459,0.7906046976511747,0.1177960693820459,1.5961295587918358,0.0606425970756015,-0.4028943862963389,-0.2960197018054953,2.257763153078842,-0.6183548867637637,0.0582689081239757,0.973049065692764,3.49650756146648,1.564858869036133,5.663154905678519,0
mp-762656,LiFeSiO4,Pc,-2.561,0.061,2.724,28,2.895,355.354,True,Monoclinic,Medium,0.0081468057204928,0.4357656731757453,0.3210526315789473,0.7125294271514518,0.1475409836065573,0.3473263368315842,0.1667107126205623,0.3048412983748331,0.0935962913063947,0.5900248353141916,-0.4691873962180282,-0.2518149417409183,-0.3846517658104813,0.059211859631846,1.3147983594148207,3.367295829986474,1.3596936793227117,5.875924618804202,0
mp-767283,LiFeSiO4,Pc,-2.56,0.062,2.587,14,2.947,174.534,True,Monoclinic,Medium,0.0168849622423138,0.4367934224049334,0.3263157894736842,0.6766936960502224,0.0327868852459016,0.373313343328336,0.0372084462234712,0.3102897720474781,0.126549985537188,0.4638375130872503,-1.0752743266618936,-0.104691986914957,-1.0033843543309726,0.060153922819747,1.2773161985501456,2.70805020110221,1.37295579668071,5.1678327563359945,0
mp-774106,Li3Fe2(SiO4)2,Pc,-2.562,0.062,1.511,30,2.991,351.593,True,Monoclinic,Medium,0.0085069953042296,0.4347379239465572,0.3263157894736842,0.3952393408318075,0.1639344262295082,0.3953023488255873,0.1640171055863877,0.2993928247021882,0.126549985537188,-0.5272395578338358,-0.3826035490117618,0.0197966671685486,-0.3975212120300673,0.060153922819747,0.920681080175448,3.4339872044851463,1.3840418260665968,5.865314417242599,0
mp-767838,LiFeSiO4,P21,-2.56,0.062,2.727,28,2.889,356.057,True,Monoclinic,Medium,0.0081138694085497,0.4367934224049334,0.3263157894736842,0.7133141511901648,0.1475409836065573,0.344327836081959,0.1672141972642807,0.3102897720474781,0.126549985537188,0.5927880613483579,-0.4691873962180282,-0.2687906672977606,-0.382246229864624,0.060153922819747,1.315603620497121,3.367295829986474,1.3581520551736102,5.877895432900267,0
mp-762571,Li2Fe(Si2O5)2,P21/c,-2.913,0.062,3.661,68,2.417,940.148,False,Monoclinic,Medium,0.0025708718201815,0.0739979445015417,0.3263157894736842,0.9576249019094952,0.4754098360655738,0.1084457771114442,0.58553688436827,-1.6130214343964098,0.126549985537188,1.4530724333188916,1.2624895479073015,-1.6042144111026386,1.616405116012615,0.060153922819747,1.5392300173906035,4.23410650459726,1.2287629731331546,6.847100406708162,0
mp-765416,Unknown,C2,-2.955,0.063,3.031,31,2.711,400.68,True,Monoclinic,Medium,0.0067659978037336,0.0308324768756422,0.3315789473684211,0.7928328537797542,0.1721311475409836,0.2553723138430783,0.1991729387388819,-1.8418573286475253,0.1595036797679812,0.8727949661439066,-0.3393116254086285,-0.7724038588173966,-0.2295545790652108,0.0610950993598108,1.3940144841350288,3.4657359027997265,1.3113013820784605,5.99565575172645,0
mp-762723,Li3Fe2(SiO4)2,P21,-2.561,0.063,2.5055,30,2.943,357.383,False,Monoclinic,Medium,0.0082348628782006,0.4357656731757453,0.3315789473684211,0.6553753596651845,0.1639344262295082,0.3713143428285859,0.1681638710019344,0.3048412983748331,0.1595036797679812,0.388769872492391,-0.3826035490117618,-0.1160091372861848,-0.3777089031730072,0.0610950993598108,1.2543331636648851,3.4339872044851463,1.37194185489549,5.881602246940079,0
mp-762586,LiFeSiO4,P21,-2.555,0.066,2.576,28,3.068,335.324,True,Monoclinic,Medium,0.0091493600219489,0.4419321685508737,0.3473684210526316,0.6738163745749413,0.1475409836065573,0.4337831084457773,0.1523653393436365,0.3375321404107054,0.2583647624603609,0.453705684295306,-0.4691873962180282,0.2376518118146832,-0.4531907202849057,0.0639133257436528,1.2742448573112677,3.367295829986474,1.4031514781863137,5.818074981052684,0
mp-761546,LiFeSiO4,P2,-2.553,0.068,2.736,84,2.499,1234.971,False,Monoclinic,Medium,0.002023529297449,0.4439876670092499,0.3578947368421053,0.715668323306304,0.6065573770491803,0.149425287356322,0.7966874577892942,0.3484290877559978,0.3242721509219473,0.601077739450858,1.9551603255574328,-1.3722128284924682,2.6252348801171213,0.0657877405380031,1.3180155203665962,4.442651256490317,1.252477213385551,7.119612174959209,0
mp-778622,Li3Fe2(SiO4)2,Pc,-2.556,0.069,1.923,30,2.891,363.781,True,Monoclinic,Medium,0.0079470890453322,0.4409044193216855,0.3631578947368422,0.5030081088150667,0.1639344262295082,0.3453273363318341,0.1727460825958321,0.3320836667380604,0.3572258451527405,-0.1477565158082897,-0.3826035490117618,-0.2631320921121461,-0.3558161307952054,0.0667236320429081,1.0726104861291088,3.4339872044851463,1.3586661940024165,5.899297173510459,0
mp-762646,LiFeSiO4,P21/c,-2.553,0.069,2.164,56,3.289,625.575,True,Monoclinic,Medium,0.0052575630420013,0.4439876670092499,0.3631578947368422,0.566047606591682,0.3770491803278688,0.5442278860569718,0.3602414720945606,0.3484290877559978,0.3572258451527405,0.0742226422697602,0.7429864646697025,0.8629243698250183,0.5399945056340256,0.0667236320429081,1.1518370499054076,4.04305126783455,1.4560536055347433,6.440268479860676,0
mp-767963,Li2FeSi3O8,P21,-2.84,0.069,3.081,28,2.665,351.384,True,Monoclinic,Medium,0.0075842952439496,0.1490236382322716,0.3631578947368422,0.8059115877583051,0.1475409836065573,0.2323838080959521,0.1638674209625795,-1.2152828562932827,0.3572258451527405,0.9188487333800164,-0.4691873962180282,-0.9025510880865156,-0.3982363713653222,0.0667236320429081,1.4063420564236686,3.367295829986474,1.2988283353386147,5.864721490080087,0
mp-762535,Li2Fe2(SiO3)3,P21/c,-2.696,0.072,3.017,64,2.611,899.949,False,Monoclinic,Medium,0.0029012755167237,0.2970195272353546,0.3789473684210526,0.7891708082657599,0.4426229508196722,0.2053973013493255,0.5567465867966703,-0.4307026474323212,0.4560869278451197,0.8598999113177955,1.0893218534947684,-1.0553326180980902,1.4788515747785962,0.0695260626486102,1.3905353553771451,4.174387269895637,1.2839847422953208,6.803448652232699,0
mp-762539,Li2FeSiO4,P21/c,-2.553,0.073,2.649,32,2.877,373.622,True,Monoclinic,Medium,0.0077002960211122,0.4439876670092499,0.3842105263157895,0.6929113261836255,0.180327868852459,0.3383308345827085,0.179794151413517,0.3484290877559978,0.4890406220759129,0.5209441844600265,-0.2960197018054953,-0.302742118411444,-0.3221420493682053,0.0704584636485614,1.2944531574543106,3.49650756146648,1.355061658688792,5.925917517596755,0
mp-761782,Li7Fe3(SiO6)2,C2/m,-2.409,0.078,1.658,24,3.692,208.83,True,?,Medium,0.0176794521859886,0.5919835560123334,0.4105263157894737,0.433690818728747,0.1147540983606557,0.7456271864067969,0.0617710484154557,1.1330092966169618,0.653809093229879,-0.3918414821596725,-0.6423550906305613,2.003127269726217,-0.8860297870491523,0.0751074724868054,0.9775739602910536,3.218875824868201,1.5458589307912292,5.346297679066604,0
mp-767149,Li2FeSi3O8,P21,-2.827,0.081,2.614,28,2.719,344.39,True,Monoclinic,Medium,0.0078951189058915,0.1623843782117164,0.4263157894736842,0.6837562123986398,0.1475409836065573,0.2593703148425788,0.1588583575227982,-1.1444526985488908,0.7526701759222586,0.4887065473947494,-0.4691873962180282,-0.7497695580749411,-0.4221685454838508,0.0778865386570712,1.2848151921700368,3.367295829986474,1.313454814942933,5.844674213353683,0
mp-762541,Li4Fe(SiO3)3,C2,-2.758,0.082,3.073,34,2.702,383.352,True,Monoclinic,Medium,0.0070483524280556,0.2332990750256938,0.4315789473684211,0.8038189903217369,0.1967213114754098,0.2508745627186406,0.1867627226558779,-0.7685080151363461,0.7856238701530519,0.9114801306222388,-0.2094358545992288,-0.7978674471526589,-0.2888477894063407,0.0788111804242897,1.4043798286662756,3.555348061489413,1.3088732141513058,5.95155879937208,0
mp-761991,Li3Fe3SiO8,P2/m,-2.257,0.083,1.476,15,3.942,145.111,True,Monoclinic,Medium,0.0271654113058279,0.7482014388489211,0.436842105263158,0.3860842270468219,0.040983606557377,0.8705647176411797,0.0161358592076455,1.961177294859088,0.8185775643838451,-0.5594771948991126,-1.0319824030587603,2.710449167927953,-1.104064417111851,0.0797349680188535,0.9066443548223496,2.772588722239781,1.5977701075664184,4.984366606819083,0
mp-762585,LiFeSiO4,P21/c,-2.528,0.094,2.351,28,3.058,336.427,True,Monoclinic,Medium,0.0090896390598852,0.469681397738952,0.4947368421052632,0.6149620716714622,0.1475409836065573,0.4287856071964018,0.15315530173627,0.4846409295721368,1.18106820092257,0.2464637317328112,-0.4691873962180282,0.2093589358866131,-0.4494164583385607,0.0898407039997894,1.2092588087551734,3.367295829986474,1.4006902414036229,5.821349190620871,0
mp-766984,Li2Fe(Si2O5)3,P21,-2.89,0.095,0.332,48,2.555,621.599,True,Monoclinic,Medium,0.0041103669729198,0.0976361767728675,0.5,0.0868427936175778,0.3114754098360656,0.1774112943528236,0.357393883270344,-1.4877065399255631,1.2140218951533632,-1.613187389261308,0.3966510758446366,-1.213772723295279,0.5263893691891772,0.0907543632684641,0.2866815721181974,3.8918202981106265,1.2683550632552043,6.433902651838534,0
mp-762714,Li2FeSi4O11,C2/c,-2.785,0.098,0.03,36,2.788,426.538,False,Monoclinic,Medium,0.0065363461168758,0.2055498458376154,0.5157894736842106,0.0078472403871305,0.2131147540983606,0.2938530734632683,0.2176922928175015,-0.9156168042977776,1.312882977845743,-1.8913521433674123,-0.1228520073929623,-0.5545487141712621,-0.1410732867636796,0.0934903430873389,0.0295588022415444,3.610917912644224,1.3318381753238318,6.058043173315321,0
mp-761452,Li2Fe(Si2O5)3,Cc,-2.876,0.109,0.264,48,2.309,687.797,True,Monoclinic,Medium,0.0033570951894236,0.1120246659815005,0.5736842105263158,0.0690557154067486,0.3114754098360656,0.0544727636181909,0.4048045183270559,-1.4114279085085235,1.6753736143844675,-1.6758205127024175,0.3966510758446366,-1.909777471125788,0.7529066786398988,0.1034587083682299,0.2342812957246657,3.8918202981106265,1.1966460289394751,6.53494659770334,0
mp-780871,LiFe2(SiO4)2,P2,-2.423,0.117,2.528,78,2.474,1219.453,False,Monoclinic,Medium,0.0020287784769072,0.5775950668037,0.6157894736842106,0.6612607899555324,0.5573770491803279,0.1369315342328836,0.7855735535201311,1.0567306651999224,1.939003168230813,0.4094940677486405,1.6954087839386338,-1.4429450183126415,2.5721351549281986,0.1106465200870636,1.260731138144545,4.3694478524670215,1.2453066678189133,7.1069773802836655,0
mp-763301,Li2CoSiO4,Pc,-2.537,0.0,2.957,16,3.216,170.265,True,Monoclinic,Low,0.0188882036824949,0.4604316546762592,0.0,0.7734763274914989,0.0491803278688524,0.507746126936532,0.0341510124481743,0.4356046665183271,-1.9165790567719896,0.8046353906344635,-0.9886904794556272,0.6563863755501115,-1.0179920825711783,0.0,1.3754861624032872,2.833213344056216,1.4388868112390611,5.143212064547321,0
mp-764958,Li2CoSiO4,P21,-2.523,0.014,2.934,16,3.201,171.08,True,Monoclinic,Low,0.0187105447743745,0.4748201438848922,0.0736842105263158,0.7674601098613655,0.0491803278688524,0.5002498750624689,0.034734710861589,0.5118832979353641,-1.455227337540885,0.7834506577058533,-0.9886904794556272,0.6139470616580069,-1.0152033033451846,0.0139029051689914,1.3696567199668674,2.833213344056216,1.4353225921872452,5.1479594849594745,0
mp-763512,Li2CoSiO4,P21/c,-2.516,0.02,2.769,32,3.15,347.706,True,Monoclinic,Low,0.0090593777501682,0.4820143884892087,0.1052631578947368,0.7243002877321476,0.180327868852459,0.4747626186906548,0.1612332580613048,0.5500226136438838,-1.257505172156126,0.6314732258266905,-0.2960197018054953,0.4696533944248522,-0.4108218069398072,0.0198026272961797,1.3268097142849984,3.49650756146648,1.423108334242607,5.854229160301566,0
mp-763470,Li2CoSiO4,P21/c,-2.515,0.021,2.827,32,3.108,352.365,True,Monoclinic,Low,0.0088203993018602,0.4830421377183969,0.1105263157894737,0.7394716191472666,0.180327868852459,0.4537731134432785,0.1645700076417939,0.5554710873165287,-1.2245514779253328,0.6848955958205778,-0.2960197018054953,0.3508233155269611,-0.394879570849126,0.0207825391825285,1.3420812064435652,3.49650756146648,1.412936292066312,5.867501517063643,0
mp-764634,Li2CoSiO4,C2/m,-2.51,0.027,2.457,16,3.088,177.349,True,Monoclinic,Low,0.0174119955567835,0.4881808838643375,0.1421052631578947,0.64268898770599,0.0491803278688524,0.4437781109445278,0.0392245333814615,0.5827134556797585,-1.0268293125405734,0.3440977182733642,-0.9886904794556272,0.2942375636708221,-0.99375194510254,0.0266419309464211,1.2404011609394874,2.833213344056216,1.4080558529014031,5.18374230483656,0
mp-763396,Li4Co2Si3O10,C2/c,-2.617,0.038,2.876,38,3.078,420.615,True,Monoclinic,Low,0.0073178559965764,0.3782117163412128,0.2,0.7522887784462464,0.2295081967213114,0.4387806096951525,0.2134502735504405,-0.0002732272933195,-0.6643386760018485,0.7300282877119655,-0.0362681601866958,0.2659446877427521,-0.1613406970159021,0.0372957847436968,1.3548036940285195,3.6635616461296463,1.405606672152263,6.044092575341872,0
mp-763465,Li2CoSiO4,P21/c,-2.495,0.042,2.684,32,3.13,349.97,True,Monoclinic,Low,0.0089436237391776,0.5035971223021583,0.2210526315789474,0.7020664399686112,0.180327868852459,0.4647676161919041,0.1628547221201645,0.6644405607694405,-0.5325238990786756,0.5531818215253036,-0.2960197018054953,0.4130676425687133,-0.4030748177770464,0.0411419433311751,1.3039991183930604,3.49650756146648,1.4182774069729414,5.86070074972762,0
mp-781591,Li3Co2(SiO4)2,Pc,-2.452,0.043,0.0,30,3.115,344.253,True,Monoclinic,Low,0.0090485776449297,0.5477903391572458,0.2263157894736842,0.0,0.1639344262295082,0.4572713643178412,0.1587602388937948,0.8987249286932011,-0.4995702048478826,-1.918984403709078,-0.3826035490117618,0.37062832867661,-0.4226373341390179,0.0421011760186353,0.0,3.4339872044851463,1.4146388341290332,5.844277481607189,0
mp-763382,Li2Co2Si2O7,P21/c,-2.478,0.047,2.825,52,3.322,599.601,True,Monoclinic,Low,0.0055403510000817,0.5210688591983557,0.2473684210526316,0.7389484697881246,0.3442622950819672,0.5607196401799102,0.3416390394687556,0.7570646132044148,-0.3677554279247098,0.6830534451311336,0.5698187702571695,0.9562908603876472,0.4511162827923528,0.0459289318883998,1.3415584672784993,3.970291913552122,1.4637182580846944,6.397930820549509,0
mp-763575,Li10Co(SiO5)2,C2/m,-2.444,0.048,1.941,46,2.409,474.87,True,Monoclinic,Low,0.0050729673384294,0.5560123329907505,0.2526315789473684,0.507716453047345,0.2950819672131147,0.104447776111944,0.2523073992189184,0.9423127180743658,-0.3348017336939166,-0.1311771596032901,0.3100672286383701,-1.626848711845094,0.0243098758752562,0.0468835858988504,1.078749659571858,3.8501476017100575,1.226418993155766,6.1651447076866015,0
mp-773761,LiCo(SiO3)2,Cc,-2.638,0.052,1.711,20,2.745,263.753,True,Monoclinic,Medium,0.0104074645596448,0.3566289825282633,0.2736842105263158,0.447554276746011,0.0819672131147541,0.2723638180909546,0.1011065919246219,-0.1146911744188761,-0.2029869567707439,-0.3430244888893958,-0.8155227850430942,-0.6762080806619598,-0.6980934417371794,0.0506931143155181,0.9973175705165284,3.044522437723423,1.320421616969183,5.578797315862075,0
mp-763389,Li2Co(SiO3)2,C2/c,-2.687,0.053,3.233,22,2.861,261.142,True,Monoclinic,Medium,0.0109557252376101,0.3062692702980474,0.2789473684210526,0.8456709390530998,0.0983606557377049,0.3303348325837083,0.0992366084185783,-0.3816663843785091,-0.1700332625399507,1.0588521857777906,-0.7289389378368277,-0.3480107198963539,-0.7070278007053631,0.0516432331518384,1.4429109615387867,3.1354942159291497,1.3509262172820993,5.568886341673244,0
mp-762751,Li3Co2(SiO4)2,Pc,-2.438,0.057,0.315,30,3.035,353.345,False,Monoclinic,Medium,0.0085893390312584,0.5621788283658788,0.3,0.0823960240648705,0.1639344262295082,0.4172913543228387,0.165271878126636,0.975003560110238,-0.0382184856167778,-1.6288456701215854,-0.3826035490117618,0.1442853212520543,-0.3915261921479309,0.0554347068881005,0.2738366656297279,3.4339872044851463,1.395006301721912,5.870271014813832,0
mp-767356,LiCo(SiO3)2,C2/c,-2.632,0.058,1.238,20,3.405,212.692,True,Monoclinic,Medium,0.0160090647509074,0.3627954779033917,0.3052631578947369,0.3238294533089197,0.0819672131147541,0.6021989005497252,0.0645369910812314,-0.0820003323830038,-0.0052647913859846,-0.778693126942996,-0.8155227850430942,1.191121730590623,-0.8728147375144429,0.0563803334361076,0.8055826098897335,3.044522437723423,1.4827402593881427,5.364535725966906,0
mp-762812,Li3Co2(SiO4)2,Pc,-2.436,0.059,0.35,30,3.052,351.323,False,Monoclinic,Medium,0.008687162525653,0.5642343268242551,0.3105263157894737,0.0915511378498561,0.1639344262295082,0.4257871064467766,0.1638237331058699,0.9859005074555304,0.0276889028448083,-1.5966080330563084,-0.3826035490117618,0.192383210329772,-0.3984451020803967,0.0573250666192694,0.3001045924503381,3.4339872044851463,1.3992105863864368,5.864548368484439,0
mp-762978,LiCoSiO4,Cc,-2.376,0.06,1.281,112,2.998,1399.85,False,Monoclinic,Medium,0.0021416580347894,0.6258992805755397,0.3157894736842105,0.3350771645304734,0.8360655737704918,0.39880059970015,0.9147728696977444,1.3128089278142654,0.0606425970756015,-0.7390868871199415,3.167334186445164,0.0396016803181975,3.189420315703174,0.0582689081239757,0.8246139433022509,4.727387818712341,1.3857942360782085,7.244834474223836,0
mp-774355,Li3Co2(SiO4)2,Pc,-2.433,0.063,0.541,30,3.092,346.722,True,Monoclinic,Medium,0.0089178073499806,0.5673175745118195,0.3315789473684211,0.1415119016479205,0.1639344262295082,0.4457771114442779,0.1605285227989735,1.0022459284734675,0.1595036797679812,-1.4206826422143686,-0.3826035490117618,0.30555471404205,-0.4141888729010072,0.0610950993598108,0.4324315563379787,3.4339872044851463,1.4090338480893805,5.851403309948608,0
mp-763592,LiCoSiO4,Pc,-2.372,0.063,1.468,28,2.961,354.341,True,Monoclinic,Medium,0.0083563572942448,0.6300102774922922,0.3315789473684211,0.3839916296102537,0.1475409836065573,0.3803098450774613,0.1659852077214347,1.334602822504848,0.1595036797679812,-0.5668457976568902,-0.4691873962180282,-0.0650819606156604,-0.3881180644067165,0.0610950993598108,0.9034081060431414,3.367295829986474,1.3764965186397795,5.8730778918099125,0
mp-763255,LiCoSiO4,Pc,-2.372,0.064,1.373,14,2.964,176.961,True,Monoclinic,Medium,0.0167494532693644,0.6300102774922922,0.3368421052631579,0.3591420350510071,0.0327868852459016,0.3818090954522739,0.0389466499650139,1.334602822504848,0.1924573739987744,-0.6543479554054992,-1.0752743266618936,-0.0565940978372392,-0.9950796093230132,0.0620353909194526,0.8641549774536265,2.70805020110221,1.3772536164677416,5.181564425162332,0
mp-779186,Li3Co2(SiO4)2,P21,-2.431,0.064,0.022,30,3.032,353.617,True,Monoclinic,Medium,0.0085742484100029,0.5693730729701953,0.3368421052631579,0.0057546429505623,0.1639344262295082,0.4157921039480261,0.1654666829958983,1.0131428758187575,0.1924573739987744,-1.8987207461251896,-0.3826035490117618,0.1357974584736331,-0.3905954584675993,0.0620353909194526,0.0217614917815126,3.4339872044851463,1.3942625307690677,5.871038333833316,0
mp-762886,LiCoSiO4,P21/c,-2.369,0.066,1.374,28,3.015,347.967,True,Monoclinic,Medium,0.0086646147479502,0.6330935251798562,0.3473684210526316,0.3594036097305781,0.1475409836065573,0.4072963518240882,0.1614201847924719,1.3509482435227826,0.2583647624603609,-0.6534268800607769,-0.4691873962180282,0.0876995693959153,-0.409928713224489,0.0639133257436528,0.8645762961874763,3.367295829986474,1.390037347398725,5.854977361857813,0
mp-763256,LiCoSiO4,Pc,-2.369,0.067,1.59,14,2.998,174.957,True,Monoclinic,Medium,0.0171356390427362,0.6330935251798562,0.3526315789473684,0.4159037405179179,0.0327868852459016,0.39880059970015,0.037511396442949,1.3509482435227826,0.2913184566911541,-0.4544746056007819,-1.0752743266618936,0.0396016803181975,-1.001936926585457,0.0648509723196163,0.9516578757114464,2.70805020110221,1.3857942360782085,5.1702396470057845,0
mp-763399,Li2Co2(SiO3)3,P21/c,-2.598,0.069,2.727,64,2.739,872.856,True,Monoclinic,Medium,0.0031379746487393,0.3977389516957865,0.3631578947368422,0.7133141511901648,0.4426229508196722,0.2693653173413293,0.5373427326682751,0.1032477724869471,0.3572258451527405,0.5927880613483579,1.0893218534947684,-0.6931838062188022,1.3861443409505592,0.0667236320429081,1.315603620497121,4.174387269895637,1.3188181959949767,6.77291560235576,0
mp-765005,Li2Co(SiO3)2,P21,-2.669,0.072,2.883,22,2.947,253.565,True,Monoclinic,Medium,0.0116222664799952,0.3247687564234329,0.3789473684210526,0.7541198012032436,0.0983606557377049,0.373313343328336,0.0938100036597532,-0.2835938582708898,0.4560869278451197,0.736475815125021,-0.7289389378368277,-0.104691986914957,-0.7329548929696025,0.0695260626486102,1.3566080507495302,3.1354942159291497,1.37295579668071,5.539556206131339,0
mp-763385,Li2Co(Si2O5)2,P21/c,-2.858,0.075,3.254,68,2.429,943.786,False,Monoclinic,Medium,0.0025736766597512,0.130524152106886,0.3947368421052631,0.851164007324091,0.4754098360655738,0.1144427786106945,0.5881423994946533,-1.3133553824009043,0.5549480105374993,1.0781947680169568,1.2624895479073015,-1.570262959988955,1.628853678987051,0.0723206615796261,1.4478597167780454,4.23410650459726,1.2322686734807833,6.850958446822476,0
mp-779222,Li3Co2(SiO4)2,Pc,-2.418,0.078,0.147,30,3.003,357.078,True,Monoclinic,Medium,0.0084099272427872,0.5827338129496402,0.4105263157894737,0.0384514778969395,0.1639344262295082,0.4012993503248376,0.1679454317183866,1.0839730335631497,0.653809093229879,-1.783586328034915,-0.3826035490117618,0.0537481182822319,-0.3787525567483791,0.0751074724868054,0.1371498381472336,3.4339872044851463,1.3870440800104369,5.8807508397639054,0
mp-763313,LiCoSiO4,P21,-2.357,0.079,1.434,14,2.952,177.732,True,Monoclinic,Medium,0.0166092768887988,0.6454265159301129,0.4157894736842105,0.3750980905048391,0.0327868852459016,0.3758120939530236,0.0394988358260478,1.4163299275945298,0.6867627874606722,-0.5981623593774451,-1.0752743266618936,-0.0905455489509226,-0.992441389957073,0.0760346862759976,0.8895359945653354,2.70805020110221,1.374221779885621,5.185887477202903,0
mp-762976,LiCoSiO4,P21/c,-2.352,0.083,1.403,84,3.017,1043.295,False,Monoclinic,Medium,0.0028917995389606,0.6505652620760536,0.436842105263158,0.3669892754381376,0.6065573770491803,0.408295852073963,0.6594101852866461,1.4435722959577597,0.8185775643838451,-0.6267156950638332,1.9551603255574328,0.0933581445815286,1.9693550679433924,0.0797349680188535,0.8767179567543318,4.442651256490317,1.3905353553771451,6.951097295577843,0
mp-764963,Li2CoSi3O8,P21,-2.772,0.085,3.159,28,2.771,341.661,True,Monoclinic,Medium,0.0081103784160322,0.2189105858170608,0.4473684210526316,0.8263144127648444,0.1475409836065573,0.2853573213393303,0.1569038630808246,-0.8447866465533831,0.8844849528454315,0.9906926102683477,-0.4691873962180282,-0.6026466032489798,-0.4315066786221785,0.0815799869924228,1.4252746607607745,3.367295829986474,1.32734021827622,5.836741620245283,0
mp-763253,LiCoSiO4,Pc,-2.349,0.086,1.474,14,3.096,169.421,True,Monoclinic,Medium,0.0182740038129865,0.6536485097636175,0.4526315789473684,0.3855610776876798,0.0327868852459016,0.4477761119440282,0.0335465443979634,1.4599177169756945,0.9174386470762242,-0.5613193455885571,-1.0752743266618936,0.3168718644132777,-1.0208800944322074,0.0825012215117436,0.905836273970296,2.70805020110221,1.4100108877372066,5.13827184623848,0
mp-764463,Li3Co2Si3O10,Cc,-2.539,0.089,0.724,36,2.914,436.508,True,Monoclinic,Medium,0.006675708119897,0.4583761562178829,0.4684210526315789,0.1893800680094167,0.2131147540983606,0.3568215892053974,0.2248327507092114,0.4247077191730348,1.0162997297686038,-1.252125854130206,-0.1228520073929623,-0.198058477477586,-0.1069577912015223,0.0852598439508234,0.5446471722415014,3.610917912644224,1.3645598689738845,6.081094991344773,0
mp-762974,LiCoSiO4,P21/c,-2.347,0.089,1.494,84,2.999,1049.613,False,Monoclinic,Medium,0.0028572435745365,0.6557040082219938,0.4684210526315789,0.3907925712791002,0.6065573770491803,0.3993003498250875,0.6639351013307608,1.4708146643209867,1.0162997297686038,-0.5428978386941131,1.9551603255574328,0.0424309679110041,1.9909740951210968,0.0852598439508234,0.9138878472578448,4.442651256490317,1.3860443298646814,6.957129082324897,0
mp-763384,Li2Co(Si2O5)2,P21/m,-2.842,0.091,2.499,68,2.564,894.099,False,Monoclinic,Medium,0.0028676913854058,0.1469681397738953,0.4789473684210527,0.6536751242479729,0.4754098360655738,0.1819090454772614,0.5525568497187863,-1.2261798036385751,1.0822071182301904,0.3827828827516968,1.2624895479073015,-1.188309134960017,1.458833957021463,0.0870947068509337,1.252477213385551,4.23410650459726,1.270883509608563,6.79693432668266,0
mp-763364,Li4Co(SiO3)3,C2,-2.706,0.092,2.938,34,2.754,379.735,True,Monoclinic,Medium,0.0072524260339447,0.2867420349434737,0.4842105263157895,0.7685064085796496,0.1967213114754098,0.2768615692153924,0.1841722476113127,-0.4851873841587758,1.1151608124609835,0.7871349590847421,-0.2094358545992288,-0.6507444923266976,-0.3012244942657511,0.0880108773227133,1.3706729802169335,3.555348061489413,1.3228219381643171,5.942103595070144,0
mp-763500,LiCoSiO4,P21/c,-2.341,0.095,0.892,28,3.84,273.243,True,Monoclinic,Medium,0.0140534249733753,0.6618705035971222,0.5,0.2333246141773476,0.1475409836065573,0.8195902048975514,0.1079032765176337,1.503505506356859,1.2140218951533632,-1.0973851962168768,-0.4691873962180282,2.421861833461644,-0.6656204173756072,0.0907543632684641,0.6376344706296866,3.367295829986474,1.5769147207285403,5.614014574672802,0
mp-850488,LiCoSiO4,Pc,-2.338,0.098,1.255,28,3.019,347.495,False,Monoclinic,Medium,0.008687894789853,0.6649537512846866,0.5157894736842106,0.328276222861627,0.1475409836065573,0.4092953523238383,0.161082141048752,1.5198509273747964,1.312882977845743,-0.7630348460827187,-0.4691873962180282,0.0990167197671431,-0.4115438099050645,0.0934903430873389,0.8131499729546416,3.367295829986474,1.391033115467064,5.853623882895361,0
mp-763246,LiCoSiO4,Pc,-2.338,0.098,1.386,14,2.841,184.681,True,Monoclinic,Medium,0.0153832825250025,0.6649537512846866,0.5157894736842106,0.3625425058854303,0.0327868852459016,0.3203398300849576,0.0444756705190761,1.5198509273747964,1.312882977845743,-0.6423739759241106,-1.0752743266618936,-0.4045964717524928,-0.9686631975135996,0.0934903430873389,0.8696183236757243,2.70805020110221,1.345732749363768,5.22403014756133,0
mp-767301,Li3Co2(SiO4)2,C2,-2.396,0.099,0.637,15,2.931,182.928,True,Monoclinic,Medium,0.0160226974547362,0.6053442959917783,0.5210526315789474,0.1666230708867381,0.040983606557377,0.3653173413293353,0.0432201817844555,1.2038394543613538,1.345836672076536,-1.3322594091210374,-1.0319824030587603,-0.1499605883998682,-0.974661639210737,0.0944006754214843,0.4928652983889978,2.772588722239781,1.3688938464397231,5.214544376681635,0
mp-762293,LiCoSiO4,Cc,-2.333,0.102,1.266,14,2.884,181.921,True,Monoclinic,Medium,0.015853035108646,0.6700924974306268,0.5368421052631579,0.3311535443369082,0.0327868852459016,0.3418290854572714,0.0424989740515616,1.5470932957380237,1.4446977547689153,-0.7529030172907744,-1.0752743266618936,-0.282937105261795,-0.978107406916965,0.0971267107307227,0.8180161626058146,2.70805020110221,1.3568655504290783,5.209054365645675,0
mp-849671,Li5Co2(SiO5)2,Pc,-2.301,0.103,0.235,38,2.838,431.503,True,Monoclinic,Medium,0.0065770110520668,0.7029804727646454,0.5421052631578948,0.0614700496991891,0.2295081967213114,0.318840579710145,0.2212481978759107,1.7214444532626825,1.4776514489997086,-1.7025316976993614,-0.0362681601866958,-0.413084334530914,-0.1240839752826254,0.0980337402713654,0.2110709700799405,3.6635616461296463,1.344951397585508,6.069589262764062,0
mp-765142,LiCoSiO4,Cc,-2.332,0.104,1.552,14,2.724,192.593,True,Monoclinic,Medium,0.0141438162342348,0.6711202466598154,0.5473684210526316,0.4059639026942192,0.0327868852459016,0.2618690654672666,0.0501422003926177,1.5525417694106711,1.5106051432305017,-0.4894754687002255,-1.0752743266618936,-0.7356231201109054,-0.9415897972239516,0.0989399478549035,0.9368773654825434,2.70805020110221,1.3147983594148207,5.265758017164003,0
mp-566680,Li2MnSiO4,P21nm,-2.705,0.0,3.052,16,3.039,175.842,True,Orthorhombic,Low,0.0172825604804312,0.2877697841726618,0.0,0.7983259220507456,0.0491803278688524,0.4192903548225888,0.0381452284624238,-0.4797389104861308,-1.9165790567719896,0.8921375483830727,-0.9886904794556272,0.155602471623282,-0.9989086203093775,0.0,1.3992105863864368,2.833213344056216,1.3959971365812758,5.175256678552537,0
mp-763876,Li2MnSiO4,Pcmn,-2.705,0.0,3.07,32,3.013,354.747,True,Orthorhombic,Low,0.0084933769700659,0.2877697841726618,0.0,0.8030342662830238,0.180327868852459,0.4062968515742129,0.1662759826365836,-0.4797389104861308,-1.9165790567719896,0.908716904588072,-0.2960197018054953,0.0820409942103008,-0.3867288075162214,0.0,1.4036429994545037,3.49650756146648,1.3895390912847796,5.874219804046141,0
mp-849238,Li2MnSiO4,Pmnb,-2.695,0.01,2.882,32,2.97,359.824,True,Orthorhombic,Low,0.0082540353061496,0.2980472764645427,0.0526315789473684,0.7538582265236726,0.180327868852459,0.3848075962018993,0.1699121014646891,-0.4252541737596738,-1.5870421144640576,0.735554739780299,-0.2960197018054953,-0.0396183722803969,-0.3693562527550305,0.009950330853168,1.3563504847468186,3.49650756146648,1.3787660946990992,5.8883903048231945,0
mp-775454,Li2MnSiO4,Pna21,-2.694,0.011,2.88,32,2.957,361.437,True,Orthorhombic,Low,0.0081812321372742,0.2990750256937309,0.0578947368421052,0.7533350771645305,0.180327868852459,0.3783108445777112,0.1710673229871894,-0.4198057000870288,-1.5540884202332643,0.7337125890908544,-0.2960197018054953,-0.0763991109868882,-0.3638368651580636,0.0109399400383343,1.355835153635182,3.49650756146648,1.3754861624032872,5.89285066608751,0
mp-780918,Li2MnSiO4,Pna21,-2.694,0.011,2.965,32,2.926,365.204,True,Orthorhombic,Low,0.0080119604385494,0.2990750256937309,0.0578947368421052,0.775568924928067,0.180327868852459,0.3628185907046479,0.1737652271875978,-0.4198057000870288,-1.5540884202332643,0.8120039933922412,-0.2960197018054953,-0.1641070263639026,-0.3509468880484702,0.0109399400383343,1.3775058550868111,3.49650756146648,1.3676210958542694,5.903190555173655,0
mp-780833,Li2MnSiO4,C2221,-2.691,0.014,2.962,16,2.882,185.391,True,Orthorhombic,Low,0.0155455227060644,0.3021582733812953,0.0736842105263158,0.774784200889354,0.0491803278688524,0.3408295852073963,0.0449841685234005,-0.4034602790690914,-1.455227337540885,0.8092407673580749,-0.9886904794556272,-0.2885956804474083,-0.9662337088627336,0.0139029051689914,1.3767489482763593,2.833213344056216,1.3563504847468186,5.227846617824014,0
mp-850110,Li2Mn(SiO3)2,Fdd2,-2.849,0.014,3.487,22,2.74,267.86,True,Orthorhombic,Low,0.0102292242216083,0.1397738951695784,0.0736842105263158,0.9121109076641382,0.0983606557377049,0.269865067466267,0.1040480022116082,-1.2643191193470948,-1.455227337540885,1.2928053233372292,-0.7289389378368277,-0.6903545186259943,-0.6840400475271712,0.0139029051689914,1.5011843269938463,3.1354942159291497,1.3190856114264409,5.594190798026107,0
mp-768020,Li2MnSiO4,Pbn21,-2.685,0.019,2.823,32,2.997,356.585,True,Orthorhombic,Low,0.0084047281854256,0.3083247687564237,0.1,0.7384253204289826,0.180327868852459,0.3983008495752125,0.1675923478928487,-0.3707694370332192,-1.2904588663869192,0.681211294441689,-0.2960197018054953,0.0367723927253896,-0.3804395115439802,0.0188217542405877,1.3410354547142758,3.49650756146648,1.3855440797291865,5.879373096110864,0
mp-868361,Li2Mn2Si2O7,C2cm,-2.712,0.033,2.869,26,3.3,293.746,True,Orthorhombic,Low,0.011234195529471,0.2805755395683453,0.1736842105263158,0.7504577556892494,0.1311475409836065,0.5497251374312844,0.1225874097326517,-0.5178782261946505,-0.8291071471558144,0.7235807602989104,-0.5557712434242947,0.8940465333458938,-0.595462944405606,0.0324671901375014,1.352996075718376,3.295836866004329,1.4586150226995167,5.6861139685026645,0
mp-761776,LiMn(SiO3)2,Pbca,-2.824,0.036,0.037,80,3.343,850.626,False,Orthorhombic,Low,0.0039300468125827,0.1654676258992808,0.1894736842105263,0.0096782631441276,0.5737704918032788,0.5712143928035984,0.521421731772316,-1.1281072775309533,-0.7302460644634349,-1.8849046159543568,1.7819926311449004,1.0157058998365929,1.310077393473452,0.0353671438372913,0.0363319292473902,4.394449154672439,1.4685653535526848,6.747147463318887,0
mp-780533,LiMnSiO4,Pmnb,-2.632,0.046,0.99,28,3.598,284.227,True,Orthorhombic,Low,0.0126588958825164,0.3627954779033917,0.2421052631578947,0.2589589327753073,0.1475409836065573,0.6986506746626688,0.1157699555028436,-0.0820003323830038,-0.400709122155503,-1.0071198124341012,-0.4691873962180282,1.7371742360023634,-0.6280352014022135,0.0449733656427311,0.688134638736401,3.367295829986474,1.5256214263409895,5.653285354465913,0
mp-762836,Li3Mn(Si2O5)3,Cmce,-2.972,0.051,1.369,100,2.603,1235.941,False,Orthorhombic,Medium,0.0021060875883233,0.0133607399794448,0.2684210526315789,0.358095736332723,0.7377049180327869,0.2013993003498253,0.7973821663304135,-1.9344813810825,-0.2359406510015371,-0.6580322567843879,2.647831103207565,-1.0779669188405456,2.628554040668304,0.049742091894814,0.8624679251766484,4.61512051684126,1.2817668317659563,7.120396675216192,0
mp-780325,LiMnSiO4,Cmcm,-2.626,0.052,0.0,14,3.609,141.676,True,Orthorhombic,Medium,0.0254736158558965,0.3689619732785201,0.2736842105263158,0.0,0.0327868852459016,0.7041479260369816,0.0136757315388366,-0.0493094903471291,-0.2029869567707439,-1.918984403709078,-1.0752743266618936,1.76829639952324,-1.1158183516410396,0.0506931143155181,0.0,2.70805020110221,1.5280109137383713,4.960576325334603,0
mp-762828,LiMnSiO4,Pna21,-2.623,0.054,0.11,84,3.55,864.216,False,Orthorhombic,Medium,0.0041077693539578,0.372045220966084,0.2842105263157894,0.0287732147528119,0.6065573770491803,0.6746626686656672,0.5311548132917081,-0.0329640693291942,-0.1370795683091575,-1.817666115789636,1.9551603255574328,1.60136843154763,1.3565798593400236,0.0525924501191705,0.1043600153242427,4.442651256490317,1.5151272329628591,6.76297918674194,0
mp-850152,Li2MnSiO4,Pca21,-2.65,0.054,2.852,64,2.8,763.324,True,Orthorhombic,Medium,0.003668167121694,0.3442959917780062,0.2842105263157894,0.746010986136542,0.4426229508196722,0.2998500749625188,0.4588965306828411,-0.1800728584906231,-0.1370795683091575,0.7079224794386327,1.0893218534947684,-0.5205972630575787,1.011346100236996,0.0525924501191705,1.348592493935879,4.174387269895637,1.33500106673234,6.638991783038048,0
mp-761523,Li2Mn2(Si2O5)3,Cmce,-2.95,0.055,3.376,100,2.634,1342.122,False,Orthorhombic,Medium,0.0019625637609695,0.0359712230215825,0.2894736842105263,0.8830761182317552,0.7377049180327869,0.2168915542228886,0.873428400974311,-1.814614960284298,-0.1041258740783642,1.190565960073065,2.647831103207565,-0.9902590034635312,2.9918857793127813,0.0535407669280298,1.4761350651196798,4.61512051684126,1.290333969973979,7.202752033797259,0
mp-761666,Li3Mn(Si2O5)3,Pcmn,-2.968,0.055,1.154,100,2.76,1165.318,False,Orthorhombic,Medium,0.0023684522164765,0.0174717368961974,0.2894736842105263,0.3018571802249542,0.7377049180327869,0.2798600699650175,0.7468023711763276,-1.9126874863919172,-0.1041258740783642,-0.8560634558996607,2.647831103207565,-0.6337687667698565,2.386895199837187,0.0535407669280298,0.7673265787341967,4.61512051684126,1.324418957401803,7.061607056999843,0
mp-762845,Li4Mn2Si4O13,Pna21,-2.757,0.059,1.363,92,3.047,998.5,False,Orthorhombic,Medium,0.003051577366049,0.2343268242548819,0.3105263157894737,0.3565262882552969,0.6721311475409837,0.4232883558220892,0.6273282583800113,-0.7630595414637011,0.0276889028448083,-0.6635587088527212,2.3014957143824994,0.1782367723657376,1.8160748649637688,0.0573250666192694,0.8599319982047707,4.532599493153256,1.397975865893729,6.907255153940455,0
mp-775449,Li2Mn(SiO3)2,Fdd2,-2.802,0.061,3.072,66,2.661,827.376,True,Orthorhombic,Medium,0.0032161919127458,0.1880781089414185,0.3210526315789473,0.8035574156421659,0.459016393442623,0.230384807596202,0.5047702126166234,-1.008240856732752,0.0935962913063947,0.9105590552775168,1.175905700701035,-0.9138682384577432,1.230520194695101,0.059211859631846,1.4041342792482217,4.204692619390966,1.2977363341380992,6.719467157590399,0
mp-850153,Li2Mn2(SiO3)3,Pnma,-2.779,0.067,3.077,64,3.034,770.62,True,Orthorhombic,Medium,0.0039370896161532,0.2117163412127443,0.3526315789473684,0.804865289040021,0.4426229508196722,0.4167916041979009,0.4641218848230534,-0.8829259622619028,0.2913184566911541,0.9151644320011276,1.0893218534947684,0.1414560336592464,1.0363116624858928,0.0648509723196163,1.4053614238371164,4.174387269895637,1.39475843953202,6.648492200861542,0
mp-780089,Li3MnSi2O7,Pbnm,-2.709,0.069,1.472,52,2.895,559.694,True,Orthorhombic,Medium,0.0051724692421215,0.2836587872559097,0.3631578947368422,0.3850379283285378,0.3442622950819672,0.3473263368315842,0.3130578706538639,-0.5015328051767132,0.3572258451527405,-0.5631614962780015,0.5698187702571695,-0.2518149417409183,0.3145619115386902,0.0667236320429081,0.9050275395954444,3.970291913552122,1.3596936793227117,6.329175302162795,0
mp-761485,Li2Mn(SiO3)2,Pmn21,-2.791,0.072,2.607,66,2.933,750.79,True,Orthorhombic,Medium,0.0039065517654737,0.1993833504624871,0.3789473684210526,0.6819251896416428,0.459016393442623,0.3663168415792104,0.4499197504205851,-0.9483076463336496,0.4560869278451197,0.4822590199816943,1.175905700701035,-0.1443020132142549,0.968457071011712,0.0695260626486102,1.282876401921402,4.204692619390966,1.3694024934496725,6.622457029631663,0
mp-849442,Li2Mn(Si2O5)2,P212121,-2.939,0.073,3.783,68,2.29,989.646,False,Orthorhombic,Medium,0.0023139587286767,0.0472764645426515,0.3842105263157895,0.9895370128171592,0.4754098360655738,0.0449775112443777,0.6209870734077745,-1.754681749885196,0.4890406220759129,1.565443625375,1.2624895479073015,-1.96353393538912,1.7857781149429726,0.0704584636485614,1.5650679646981598,4.23410650459726,1.1908875647772803,6.898357255579126,0
mp-780825,LiMnSiO4,Pcmn,-2.603,0.074,1.059,28,3.325,307.52,True,Orthorhombic,Medium,0.0108123048907388,0.3926002055498458,0.3894736842105263,0.2770075856657075,0.1475409836065573,0.562218890554723,0.1324522710165447,0.0760054041237174,0.5219943163067061,-0.9435656136482696,-0.4691873962180282,0.9647787231660684,-0.54833086457881,0.0713899960866729,0.7222204280456523,3.367295829986474,1.4644121403838426,5.731786671065798,0
mp-774444,Li2Mn3(SiO3)4,Pnma,-2.762,0.076,1.527,84,2.856,1123.305,False,Orthorhombic,Medium,0.0025424973626931,0.2291880781089417,0.4,0.3994245357049437,0.6065573770491803,0.3278360819590205,0.7167128970133978,-0.7903019098269285,0.5879017047682926,-0.5125023523182806,1.9551603255574328,-0.3621571578603896,2.2431344861909563,0.0732504617395926,0.9270328284060572,4.442651256490317,1.349630376748299,7.024920345957423,0
mp-780637,Li3MnSiO5,P21nb,-2.529,0.077,0.235,40,2.798,436.412,True,Orthorhombic,Medium,0.0064113727395213,0.4686536485097639,0.4052631578947369,0.0614700496991891,0.2459016393442623,0.2988505747126437,0.2247639960494718,0.4791924558994918,0.6208553989990858,-1.7025316976993614,0.0503156870195706,-0.5262558382431919,-0.1072862854416394,0.0741793981742515,0.2110709700799405,3.713572066704308,1.334474612390094,6.080875542708589,0
mp-763718,Li2Mn(SiO3)2,Pm21n,-2.784,0.079,2.76,66,2.933,750.671,True,Orthorhombic,Medium,0.0039071710509664,0.206577595066804,0.4157894736842105,0.7219461156160084,0.459016393442623,0.3663168415792104,0.4498345232902829,-0.91016833062513,0.6867627874606722,0.6231835477241904,1.175905700701035,-0.1443020132142549,0.9680498750265673,0.0760346862759976,1.324418957401803,4.204692619390966,1.3694024934496725,6.622298728218793,0
mp-767364,Li2Mn2Si2O7,C2cm,-2.666,0.079,2.696,26,2.944,329.286,True,Orthorhombic,Medium,0.0089405562337906,0.3278520041109969,0.4157894736842105,0.7052053361234634,0.1311475409836065,0.3718140929535232,0.1480409577237623,-0.2672484372529525,0.6867627874606722,0.56423472566197,-0.5557712434242947,-0.1131798496933782,-0.4738516392622685,0.0760346862759976,1.3072511537794378,3.295836866004329,1.372195436740389,5.799958945788484,0
mp-761619,LiMn(SiO3)2,Pbca,-2.78,0.08,1.2,80,3.306,860.04,True,Orthorhombic,Medium,0.0038440072554764,0.2106885919835561,0.4210526315789474,0.313889615485221,0.5737704918032788,0.5527236381809097,0.528163985593034,-0.8883744359345478,0.7197164816914654,-0.8136939900424396,1.7819926311449004,0.911022258902736,1.3422903598949312,0.0769610411361283,0.7884573603642702,4.394449154672439,1.4600093989421714,6.758140960956043,0
mp-775156,LiMnSiO4,Pbca,-2.595,0.082,1.267,56,2.994,683.102,True,Orthorhombic,Medium,0.0043829472026139,0.4008221993833505,0.4315789473684211,0.3314151190164792,0.3770491803278688,0.3968015992003999,0.4014419857491643,0.1195931935048821,0.7856238701530519,-0.7519819419460523,0.7429864646697025,0.0282845299469697,0.7368412572091736,0.0788111804242897,0.8184573715253919,4.04305126783455,1.3847932349936236,6.528107029311867,0
mp-849469,Li2Mn2(SiO3)3,Pnma,-2.764,0.083,3.248,64,2.436,959.619,False,Orthorhombic,Medium,0.0025385074701522,0.2271325796505654,0.436842105263158,0.849594559246665,0.4426229508196722,0.1179410294852574,0.5994819049910869,-0.8011988571722184,0.8185775643838451,1.0726683159486237,1.0893218534947684,-1.5504579468393065,1.6830312759013577,0.0797349680188535,1.4464482839396378,4.174387269895637,1.234308004122009,6.867577868339717,0
mp-850969,LiMnSiO4,Pna21,-2.591,0.087,1.569,28,2.988,342.286,True,Orthorhombic,Medium,0.008729541961985,0.4049331963001026,0.4578947368421052,0.4104106722469265,0.1475409836065573,0.3938030984507747,0.1573514845635046,0.1413870881954644,0.9503923413070174,-0.4738171878399482,-0.4691873962180282,0.0113088043901274,-0.4293680442464163,0.0834216081390723,0.9435167181277464,3.367295829986474,1.383289852099592,5.838563918973777,0
mp-780790,Li2Mn2Si2O9,Pnca,-2.481,0.088,0.889,60,3.573,602.169,True,Orthorhombic,Medium,0.0059335502159692,0.5179856115107917,0.4631578947368421,0.2325398901386346,0.4098360655737705,0.6861569215392305,0.3434782266167908,0.7407191921864799,0.9833460355378107,-1.1001484222510434,0.9161541590822356,1.66644204618219,0.4599035037154841,0.0843411484337508,0.6360475885193725,4.110873864173311,1.5201694446759182,6.402197422800159,0
mp-780750,LiMnSiO4,Ibmm,-2.584,0.093,0.0,14,3.855,132.65,True,Orthorhombic,Medium,0.0290614398793818,0.4121274409044195,0.4894736842105263,0.0,0.0327868852459016,0.8270864567716143,0.0072113611345664,0.1795264039039841,1.1481145066917768,-1.918984403709078,-1.0752743266618936,2.4643011473537486,-1.146703653842046,0.0889262091944015,0.0,2.70805020110221,1.5800091017432882,4.895224442584928,0
mp-761352,LiMnSiO4,Imma,-2.581,0.097,0.903,14,3.739,136.74,True,Orthorhombic,Medium,0.0273438642679537,0.4152106885919835,0.5105263157894737,0.2362019356526288,0.0327868852459016,0.7691154422788606,0.0101405961172238,0.1958718249219214,1.2799292836149496,-1.0872533674249325,-1.0752743266618936,2.1361037865881425,-1.1327084304870585,0.0925791812930932,0.6434315883140125,2.70805020110221,1.5558261429854512,4.925367850116552,0
mp-764790,Li2FeSiO4,Pcmn,-2.626,0.0,3.121,32,3.094,347.336,True,Orthorhombic,Low,0.0089078010917382,0.3689619732785201,0.0,0.8163745749411457,0.180327868852459,0.4467766116941529,0.1609682661435583,-0.0493094903471291,-1.9165790567719896,0.9556917471689044,-0.2960197018054953,0.3112132892276632,-0.4120878784902583,0.0,1.4160958523566805,3.49650756146648,1.4095224872390977,5.853167531203891,0
mp-18968,Li2FeSiO4,P21nm,-2.626,0.001,3.124,16,3.123,172.094,True,Orthorhombic,Low,0.0181470591653398,0.3689619732785201,0.0052631578947368,0.8171592989798588,0.0491803278688524,0.4612693653173416,0.0354609319550888,-0.0493094903471291,-1.8836253625411965,0.958454973203071,-0.9886904794556272,0.3932626294190656,-1.011733582933948,0.0009995003330835,1.4168235661547135,2.833213344056216,1.416581053724763,5.1538347995363605,0
mp-761416,LiFe(SiO3)2,Pbca,-2.818,0.003,2.745,80,3.333,856.726,True,Orthorhombic,Low,0.0038903920273226,0.1716341212744092,0.0157894736842105,0.7180224954224432,0.5737704918032788,0.5662168915542232,0.525790517443272,-1.095416435495081,-1.8177179740796097,0.6093674175533577,1.7819926311449004,0.987413023908524,1.3309504649808903,0.0029955089797984,1.320421616969183,4.394449154672439,1.4662601427577724,6.754284701166402,0
mp-764346,Li2FeSiO4,P21cn,-2.621,0.005,2.993,32,3.065,350.604,True,Orthorhombic,Low,0.0087420565652416,0.3741007194244603,0.0263157894736842,0.7828930159560554,0.180327868852459,0.4322838580709647,0.163308789352195,-0.0220671219839018,-1.7518105856180235,0.8377941030444628,-0.2960197018054953,0.229163949036262,-0.4009053870662735,0.004987541511039,1.3845428280810843,3.49650756146648,1.4024137429997738,5.862505542310587,0
mp-763645,Li2FeSiO4,Pmnb,-2.621,0.005,3.089,32,3.049,352.518,True,Orthorhombic,Low,0.0086492037286039,0.3741007194244603,0.0263157894736842,0.8080041851948732,0.180327868852459,0.424287856071964,0.1646795853807539,-0.0220671219839018,-1.7518105856180235,0.926217336137794,-0.2960197018054953,0.1838953475513509,-0.3943560331539396,0.004987541511039,1.408300441382505,3.49650756146648,1.398469937050024,5.867934403417932,0
mp-764341,Li3FeSiO5,P21nb,-2.56,0.008,2.314,40,2.831,433.391,True,Orthorhombic,Low,0.0065322076369836,0.4367934224049334,0.0421052631578947,0.6052838085273347,0.2459016393442623,0.3153423288355823,0.2226003728507902,0.3102897720474781,-1.652949502925644,0.2123839439780899,0.0503156870195706,-0.432889347680563,-0.1176235885603231,0.0079681696491768,1.1981559190043711,3.713572066704308,1.343125865718512,6.073945050173056,0
mp-762557,Li2FeSiO4,Pna21,-2.618,0.009,2.946,32,3.01,357.063,True,Orthorhombic,Low,0.0084298849222686,0.3771839671120247,0.0473684210526315,0.7705990060162178,0.180327868852459,0.4047976011994003,0.1679346888028023,-0.0057217009659644,-1.619995808694851,0.7945035618425197,-0.2960197018054953,0.0735531314318796,-0.3788038839733973,0.0089597413714719,1.3727024076004235,3.49650756146648,1.3887912413184778,5.880708948572081,0
mp-863851,LiFeSiO4,Pbnm,-2.611,0.01,2.3,28,3.563,288.72,True,Orthorhombic,Low,0.0123406760875588,0.3843782117163412,0.0526315789473684,0.6016217630133402,0.1475409836065573,0.6811594202898552,0.118987816817533,0.0324176147425527,-1.5870421144640576,0.1994888891519789,-0.4691873962180282,1.638149170254121,-0.6126609866017345,0.009950330853168,1.1939224684724346,3.367295829986474,1.5179803019452656,5.668914939327125,0
mp-765849,LiFe(SiO3)2,C222,-2.81,0.011,3.023,10,2.523,141.451,True,Orthorhombic,Low,0.0178365653123696,0.1798561151079138,0.0578947368421052,0.7907402563431861,0.0,0.1614192903548226,0.0135145878050719,-1.0518286461139164,-1.5540884202332643,0.865426363386129,-1.2484420210744267,-1.3043099262651014,-1.1165882600163142,0.0109399400383343,1.392027892967651,2.3978952727983707,1.2593128993591003,4.958998080926297,0
mp-762566,Li2FeSiO4,C2221,-2.615,0.011,2.965,16,2.948,182.303,True,Orthorhombic,Low,0.0161708803475532,0.3802672147995887,0.0578947368421052,0.775568924928067,0.0491803278688524,0.3738130934532735,0.0427725603017756,0.0106237200519704,-1.5540884202332643,0.8120039933922412,-0.9886904794556272,-0.1018626993221504,-0.9768002735864992,0.0109399400383343,1.3775058550868111,2.833213344056216,1.3732091215712352,5.211140521323839,0
mp-762540,Li2FeSiO4,Pbn21,-2.613,0.014,2.924,32,3.07,350.111,True,Orthorhombic,Low,0.0087686476574572,0.3823227132579649,0.0736842105263158,0.7648443630656553,0.180327868852459,0.4347826086956521,0.1629557055266571,0.0215206673972628,-1.455227337540885,0.7742399042586311,-0.2960197018054953,0.2433103870002965,-0.4025923418618746,0.0139029051689914,1.3671115417031166,3.49650756146648,1.4036429994545037,5.861102412788992,0
mp-767964,Li2Fe(SiO3)2,Fdd2,-2.791,0.015,3.314,22,2.807,262.576,True,Orthorhombic,Low,0.010690238254829,0.1993833504624871,0.0789473684210526,0.8668584880983522,0.0983606557377049,0.3033483258370815,0.1002636311484391,-0.9483076463336496,-1.4222736433100918,1.1334592887002888,-0.7289389378368277,-0.5007922499079297,-0.7021209179936144,0.0148886124937506,1.4618655479669649,3.1354942159291497,1.3368414774003603,5.574341751442348,0
mp-762581,LiFeSiO4,Pn21a,-2.604,0.018,2.961,28,2.89,355.979,True,Orthorhombic,Low,0.0081184564258004,0.3915724563206577,0.0947368421052631,0.774522626209783,0.1475409836065573,0.3448275862068968,0.1671583341032422,0.0705569304510724,-1.3234125606177125,0.8083196920133524,-0.4691873962180282,-0.2659613797049527,-0.3825131314347192,0.017839918128331,1.3764965186397795,3.367295829986474,1.358409157630355,5.877676956520055,0
mp-764340,Li2FeSiO4,Pc21n,-2.607,0.02,2.957,32,2.986,359.989,True,Orthorhombic,Low,0.0082946978935467,0.3884892086330933,0.1052631578947368,0.7734763274914989,0.180327868852459,0.3928035982008997,0.1700302735361166,0.0542115094331351,-1.257505172156126,0.8046353906344635,-0.2960197018054953,0.0056502292045141,-0.3687916532798294,0.0198026272961797,1.3754861624032872,3.49650756146648,1.3827882217906031,5.888847486954505,0
mp-763641,LiFeSiO4,Pb21a,-2.598,0.023,2.959,56,2.881,714.127,True,Orthorhombic,Low,0.0040342964206646,0.3977389516957865,0.1210526315789473,0.773999476850641,0.3770491803278688,0.3403298350824588,0.4236619161493952,0.1032477724869471,-1.1586440894637462,0.8064775413239081,0.7429864646697025,-0.2914249680402162,0.8430030676220053,0.0227394869694894,1.3759914681239935,4.04305126783455,1.3560928523867692,6.572460149298643,0
mp-762799,LiFeSiO4,Pb21a,-2.598,0.024,2.979,56,2.875,715.629,True,Orthorhombic,Low,0.0040174447933216,0.3977389516957865,0.1263157894736842,0.7792309704420612,0.3770491803278688,0.3373313343328337,0.4247376400965716,0.1032477724869471,-1.1256903952329531,0.8248990482183521,0.7429864646697025,-0.3084006935970573,0.848142633753837,0.023716526617316,1.3810305314447917,4.04305126783455,1.3545456628053103,6.574558272932837,0
mp-763635,LiFeSiO4,Pna21,-2.597,0.025,2.963,28,2.866,358.902,True,Orthorhombic,Low,0.0079854667848047,0.3987667009249742,0.131578947368421,0.775045775568925,0.1475409836065573,0.3328335832083959,0.1692517702534396,0.1086962461595921,-1.0927367010021598,0.810161842702797,-0.4691873962180282,-0.3338642819323195,-0.3725111661861549,0.0246926125903715,1.377001314208298,3.367295829986474,1.3522203807861393,5.885831772168738,0
mp-767253,LiFeSiO4,C2221,-2.597,0.025,2.874,14,2.863,179.638,True,Orthorhombic,Low,0.0159376078557988,0.3987667009249742,0.131578947368421,0.7517656290871044,0.0327868852459016,0.3313343328335834,0.0408639022996284,0.1086962461595921,-1.0927367010021598,0.7281861370225213,-1.0752743266618936,-0.3423521447107406,-0.985919410564749,0.0246926125903715,1.354287564984804,2.70805020110221,1.351444083684144,5.1964950285951526,0
mp-766714,Li3Fe(Si2O5)3,Cmce,-2.976,0.032,3.386,100,2.592,1243.201,False,Orthorhombic,Low,0.0020849404078664,0.0092497430626927,0.1684210526315789,0.8856918650274654,0.7377049180327869,0.1959020489755123,0.8025817374732234,-1.956275275773082,-0.8620608413866075,1.199776713520287,2.647831103207565,-1.1090890823614223,2.653396417577157,0.0314986670593709,1.4784176499956965,4.61512051684126,1.2787091504399533,7.126248835809901,0
mp-762643,LiFeSiO4,Cmcm,-2.588,0.034,1.657,14,3.628,141.773,True,Orthorhombic,Low,0.0255902040586007,0.408016443987667,0.1789473684210526,0.4334292440491761,0.0327868852459016,0.7136431784107948,0.0137452023929486,0.1577325092134018,-0.7961534529250212,-0.3927625575043946,-1.0752743266618936,1.8220528637865725,-1.1154864355859215,0.0334347760862373,0.9771976667776764,2.70805020110221,1.53212480933143,4.9612559563981815,0
mp-766664,LiFeSiO4,Pna21,-2.587,0.035,1.675,84,3.644,846.947,True,Orthorhombic,Low,0.004302512435843,0.4090441932168551,0.1842105263157895,0.4381375882814544,0.6065573770491803,0.7216391804097952,0.518786852676669,0.1631809828860467,-0.763199758694228,-0.376183201299395,1.9551603255574328,1.867321465271484,1.297488536083966,0.0344014267173324,0.98394938034797,4.442651256490317,1.535576063835645,6.742818133838696,0
mp-761764,Li3Fe(Si2O5)3,Pcmn,-2.971,0.037,3.262,100,2.735,1178.251,False,Orthorhombic,Low,0.0023212371557503,0.014388489208633,0.1947368421052631,0.8532566047606592,0.7377049180327869,0.2673663168415792,0.7560649129931267,-1.929032907409855,-0.6972923702326417,1.0855633707747343,2.647831103207565,-0.7045009565900299,2.431149533247957,0.0363319292473902,1.4497385336764257,4.61512051684126,1.3177478185847806,7.07263477016062,0
mp-762844,Li4Fe2Si4O13,Pna21,-2.743,0.038,2.78,92,3.104,983.89,False,Orthorhombic,Low,0.0031548242181544,0.2487153134635149,0.2,0.7271776092074287,0.6721311475409837,0.4517741129435284,0.6168646586008857,-0.6867809100466618,-0.6643386760018485,0.6416050546186344,2.3014957143824994,0.3395061651557333,1.7660821477959534,0.0372957847436968,1.3297240096314962,4.532599493153256,1.4119621078684683,6.892529959809054,0
mp-868323,LiFeSiO4,Pbnm,-2.582,0.04,1.989,28,3.634,283.063,True,Orthorhombic,Low,0.012838131440704,0.4141829393627958,0.2105263157894737,0.5202720376667539,0.1475409836065573,0.71664167916042,0.1149363052535005,0.1904233512492765,-0.5984312875402621,-0.0869655430566245,-0.4691873962180282,1.8390285893434133,-0.6320181940636328,0.0392207131532812,1.0949388833018008,3.367295829986474,1.5334204260101845,5.649196044546266,0
mp-767850,LiFeSiO4,Pc21n,-2.58,0.042,2.87,28,2.914,353.0,True,Orthorhombic,Low,0.0082549575070821,0.4162384378211716,0.2210526315789474,0.7507193303688203,0.1475409836065573,0.3568215892053974,0.1650247910681967,0.2013202985945664,-0.5325238990786756,0.7245018356436326,-0.4691873962180282,-0.198058477477586,-0.3927067183233517,0.0411419433311751,1.3532545070416904,3.367295829986474,1.3645598689738845,5.869296913133774,0
mp-766989,LiFe(Si2O5)2,Pnc2,-2.952,0.043,3.053,32,2.798,397.806,True,Orthorhombic,Low,0.0070335791818122,0.0339157245632066,0.2263157894736842,0.7985874967303166,0.180327868852459,0.2988505747126437,0.1971145961129266,-1.825511907629588,-0.4995702048478826,0.8930586237277948,-0.2960197018054953,-0.5262558382431919,-0.2393888753787155,0.0421011760186353,1.3994573476461716,3.49650756146648,1.334474612390094,5.988475083109913,0
mp-761405,Li2Fe2Si2O7,C2cm,-2.603,0.046,3.129,26,3.414,285.751,True,Orthorhombic,Low,0.0119474647507795,0.3926002055498458,0.2421052631578947,0.8184671723777139,0.1311475409836065,0.6066966516741632,0.1168614357262103,0.0760054041237174,-0.400709122155503,0.963060349926682,-0.5557712434242947,1.2165853189258864,-0.6228203553403551,0.0449733656427311,1.418035246903953,3.295836866004329,1.4847813078345449,5.6586142433617255,0
mp-773415,Li2Fe2(Si2O5)3,Cmce,-2.904,0.05,3.152,100,2.651,1338.234,False,Orthorhombic,Low,0.0019809689486293,0.0832476875642345,0.2631578947368421,0.8244833900078473,0.7377049180327869,0.2253873063468265,0.8706438372548555,-1.5639851713426,-0.2688943452323301,0.9842450828552926,2.647831103207565,-0.9421611143858136,2.9785817625880395,0.048790164169432,1.4235901458635876,4.61512051684126,1.2950011026734998,7.199853087704451,0
mp-761767,LiFe(SiO3)2,Pbca,-2.77,0.051,2.981,80,3.098,921.698,False,Orthorhombic,Medium,0.0033611877209237,0.220966084275437,0.2684210526315789,0.7797541198012032,0.5737704918032788,0.448775612193903,0.5723230981995588,-0.8338896992080931,-0.2359406510015371,0.8267411989077964,1.7819926311449004,0.322530439598891,1.5532726292401169,0.049742091894814,1.38153304401818,4.394449154672439,1.410499049816708,6.827301987030411,0
mp-767743,LiFeSiO4,Pbn21,-2.569,0.052,2.833,28,2.869,358.537,True,Orthorhombic,Medium,0.0080019635351442,0.4275436793422407,0.2736842105263158,0.7410410672246928,0.1475409836065573,0.3343328335832085,0.1689903593075546,0.2612535089936685,-0.2029869567707439,0.6904220478889113,-0.4691873962180282,-0.3253764191538983,-0.3737601286616,0.0506931143155181,1.343647786398418,3.367295829986474,1.352996075718376,5.884817092588354,0
mp-762703,LiFeSiO4,P21nb,-2.566,0.055,2.63,28,2.882,356.872,True,Orthorhombic,Medium,0.008075724629559,0.4306269270298051,0.2894736842105263,0.6879414072717761,0.1475409836065573,0.3408295852073963,0.1677978956776953,0.2775989300116058,-0.1041258740783642,0.5034437529103046,-0.4691873962180282,-0.2885956804474083,-0.3794574506386302,0.0535407669280298,1.289232648276759,3.367295829986474,1.3563504847468186,5.880175380567914,0
mp-762545,Li2FeSiO4,Pca21,-2.571,0.056,2.78,64,2.875,747.562,True,Orthorhombic,Medium,0.0038458348605199,0.4254881808838644,0.2947368421052632,0.7271776092074287,0.4426229508196722,0.3373313343328337,0.4476078749868399,0.2503565616483761,-0.071172179847571,0.6416050546186344,1.0893218534947684,-0.3084006935970573,0.957411452187776,0.0544881852840697,1.3297240096314962,4.174387269895637,1.3545456628053103,6.6181540327606045,0
mp-762587,LiFeSiO4,Pb21a,-2.565,0.057,2.855,56,2.874,715.92,True,Orthorhombic,Medium,0.0040144150184378,0.4316546762589928,0.3,0.746795710175255,0.3770491803278688,0.3368315842078961,0.4249460526589073,0.2830474036842508,-0.0382184856167778,0.7106857054727994,0.7429864646697025,-0.3112299811898639,0.8491383819191917,0.0554347068881005,1.349371007015293,4.04305126783455,1.354287564984804,6.574964258363397,0
mp-762570,Li3FeSi2O7,Pbnm,-2.691,0.057,2.512,52,2.89,562.749,True,Orthorhombic,Medium,0.0051355044611363,0.3021582733812953,0.3,0.6570755950823961,0.3442622950819672,0.3448275862068968,0.3152458444612034,-0.4034602790690914,-0.0382184856167778,0.3947568622330852,0.5698187702571695,-0.2659613797049527,0.3250155563674156,0.0554347068881005,1.2561856757728702,3.970291913552122,1.358409157630355,6.3346091169793945,0
mp-851283,LiFeSiO4,Pc21n,-2.564,0.058,2.73,28,2.856,360.121,True,Orthorhombic,Medium,0.0079306677477847,0.4326824254881809,0.3052631578947369,0.7140988752288779,0.1475409836065573,0.3278360819590205,0.1701248111932585,0.2884958773568958,-0.0052647913859846,0.5955512873825246,-0.4691873962180282,-0.3621571578603896,-0.3683399736996685,0.0563803334361076,1.316408233655724,3.367295829986474,1.349630376748299,5.889213082227997,0
mp-863911,Li2Fe(SiO3)2,Fdd2,-2.748,0.058,2.917,66,2.723,811.767,True,Orthorhombic,Medium,0.0033544108099984,0.2435765673175742,0.3052631578947369,0.7630133403086581,0.459016393442623,0.2613693153423289,0.4935911346595821,-0.7140232784098915,-0.0052647913859846,0.7677923768455756,1.175905700701035,-0.7384524077037132,1.1771090843410676,0.0563803334361076,1.3653260546836945,4.204692619390966,1.31452979489058,6.700444475606298,0
mp-762804,LiFeSiO4,P21nb,-2.563,0.059,2.551,28,2.966,346.859,True,Orthorhombic,Medium,0.0085510250562908,0.433710174717369,0.3105263157894737,0.6672770075856658,0.1475409836065573,0.3828085957021492,0.1606266414279769,0.2939443510295407,0.0276889028448083,0.4306788006772512,-0.4691873962180282,-0.0509355226516247,-0.4137200842458401,0.0573250666192694,1.2672292539609509,3.367295829986474,1.3777580300976042,5.851797225256161,0
mp-766752,Li7Fe7SiO16,C222,-2.142,0.062,1.438,31,4.186,287.012,True,Orthorhombic,Medium,0.014584756038075,0.86639260020555,0.3263157894736842,0.3761443892231232,0.1721311475409836,0.9925037481259372,0.1177645568296653,2.5877517672133306,0.126549985537188,-0.5944780579985562,-0.3393116254086285,3.4007953405728477,-0.6185054466238173,0.060153922819747,0.8911780310590798,3.4657359027997265,1.6459626871164723,5.663002145934581,0
mp-863885,LiFe(SiO3)2,C2221,-2.757,0.064,3.23,40,2.375,601.224,True,Orthorhombic,Medium,0.0039502747727968,0.2343268242548819,0.3368421052631579,0.8448862150143867,0.2459016393442623,0.0874562718640679,0.3428014229349789,-0.7630595414637011,0.1924573739987744,1.056088959743624,0.0503156870195706,-1.7230444900005295,0.456669888539332,0.0620353909194526,1.4422019930581866,3.713572066704308,1.2163953243244932,6.400629469122635,0
mp-775303,Li2Fe(Si2O5)3,Cmce,-2.918,0.067,3.155,96,2.527,1257.084,False,Orthorhombic,Medium,0.0020102077506355,0.068859198355601,0.3526315789473684,0.8252681140465603,0.7049180327868853,0.1634182908545727,0.8125246639436956,-1.6402638027596397,0.2913184566911541,0.9870083088894588,2.474663408795032,-1.2929927758938735,2.700901475239086,0.0648509723196163,1.4243124283074111,4.574710978503383,1.260447651253915,7.1373452076862,0
mp-761559,LiFeSiO4,Pna21,-2.554,0.068,2.603,28,2.934,350.638,True,Orthorhombic,Medium,0.0083676041957802,0.4429599177800618,0.3578947368421053,0.6808788909233587,0.1475409836065573,0.3668165917041481,0.1633331399608528,0.3429806140833528,0.3242721509219473,0.4785747186028055,-0.4691873962180282,-0.141472725621447,-0.400789045356232,0.0657877405380031,1.2817668317659563,3.367295829986474,1.3696567199668674,5.862602237331722,0
mp-761450,LiFeSi3O8,P212121,-2.858,0.069,3.182,52,2.676,682.572,True,Orthorhombic,Medium,0.0039204655333063,0.130524152106886,0.3631578947368422,0.8323306303949778,0.3442622950819672,0.2378810594702649,0.4010624027318518,-1.3133553824009043,0.3572258451527405,1.0118773431969583,0.5698187702571695,-0.8714289245656388,0.7350276952585274,0.0667236320429081,1.430789601006442,3.970291913552122,1.3018252044934406,6.527331990777055,0
mp-868349,LiFeSiO4,Pna21,-2.551,0.07,2.631,28,2.984,344.706,True,Orthorhombic,Medium,0.0086566523356135,0.4460431654676258,0.368421052631579,0.6882029819513471,0.1475409836065573,0.3918040979510246,0.1590846749444412,0.3593260351012878,0.3901795393835337,0.5043648282550267,-0.4691873962180282,-8.34598110034725e-06,-0.4210872519434653,0.0676586484738148,1.2895080924321989,3.367295829986474,1.3822863397223517,5.845588702866058,0
mp-766964,Li2Fe2SiO6,C222,-2.365,0.072,2.493,11,2.625,157.939,True,Orthorhombic,Medium,0.0166203407644723,0.6372045220966083,0.3789473684210526,0.6521056761705467,0.0081967213114754,0.2123938030984509,0.0253232006153541,1.372742138213365,0.4560869278451197,0.3772564306833634,-1.2051500974712934,-1.0157225917987935,-1.0601693742762084,0.0695260626486102,1.250760965824695,2.4849066497880004,1.2878542883066382,5.068520480809845,0
mp-762620,Li2Fe(Si2O5)2,P212121,-2.899,0.076,3.435,68,2.323,977.912,False,Orthorhombic,Medium,0.0023754693673868,0.0883864337101747,0.4,0.8985090243264453,0.4754098360655738,0.0614692653673163,0.6125832486433489,-1.5367428029793728,0.5879017047682926,1.2449094054116747,1.2624895479073015,-1.8701674448264909,1.7456265377186642,0.0732504617395926,1.489527615761543,4.23410650459726,1.2008679893724572,6.886441750849925,0
mp-773468,LiFeSiO4,Imma,-2.546,0.076,1.311,14,3.898,131.954,True,Orthorhombic,Medium,0.0295405974809403,0.4511819116135664,0.4,0.342924404917604,0.0327868852459016,0.8485757121439284,0.0067128898514541,0.3865684034645175,0.5879017047682926,-0.7114546267782755,-1.0752743266618936,2.5859605138444475,-1.1490852370828946,0.0732504617395926,0.8376803312922436,2.70805020110221,1.588826958529976,4.890003203735123,0
mp-863888,Li2Fe(SiO3)2,Pmn21,-2.73,0.076,2.624,66,3.023,731.236,True,Orthorhombic,Medium,0.0041340962425263,0.2620760534429598,0.4,0.68637195919435,0.459016393442623,0.4112943528235884,0.4359152856648683,-0.6159507523022698,0.5879017047682926,0.4979173008419716,1.175905700701035,0.1103338701383709,0.901546900477868,0.0732504617395926,1.287578388180733,4.204692619390966,1.392027892967651,6.596102866371775,0
mp-762576,Li2Fe2Si2O7,C2cm,-2.573,0.076,2.7,26,3.039,320.953,True,Orthorhombic,Medium,0.0094686760989926,0.4234326824254881,0.4,0.7062516348417475,0.1311475409836065,0.4192903548225888,0.1420729100194876,0.2394596143030861,0.5879017047682926,0.5679190270408588,-0.5557712434242947,0.155602471623282,-0.5023656236674299,0.0732504617395926,1.308332819650179,3.295836866004329,1.3959971365812758,5.774405572157892,0
mp-762534,Li2Fe2(SiO3)3,Pnma,-2.69,0.077,3.087,64,3.128,751.301,True,Orthorhombic,Medium,0.0041634444783116,0.303186022610483,0.4052631578947369,0.8074810358357312,0.4426229508196722,0.463768115942029,0.4502857257448242,-0.3980118053964465,0.6208553989990858,0.9243751854483496,1.0893218534947684,0.4074090673831,0.9702056184773356,0.0741793981742515,1.4078112045821405,4.174387269895637,1.4177930281792617,6.623136509822237,0
mp-762648,LiFeSiO4,P212121,-2.544,0.078,1.873,28,3.34,307.957,True,Orthorhombic,Medium,0.0108456700123718,0.4532374100719427,0.4105263157894737,0.4899293748365159,0.1475409836065573,0.5697151424287856,0.1327652479572346,0.3974653508098074,0.653809093229879,-0.1938102830443997,-0.4691873962180282,1.0072180370581716,-0.5468355314232771,0.0751074724868054,1.0553567799971526,3.367295829986474,1.4678743481123135,5.733202108638241,0
mp-762533,Li2Fe2(SiO3)3,Pnma,-2.69,0.078,3.114,64,2.573,913.228,False,Orthorhombic,Medium,0.0028174782201158,0.303186022610483,0.4105263157894737,0.8145435521841486,0.4426229508196722,0.1864067966016991,0.5662569318662807,-0.3980118053964465,0.653809093229879,0.9492442197558488,1.0893218534947684,-1.1628455466247547,1.5242898561797884,0.0751074724868054,1.4143957912307654,4.174387269895637,1.2734055790412728,6.818079993299984,0
mp-762686,LiFeSiO4,Pna21,-2.544,0.078,2.38,28,2.872,358.225,True,Orthorhombic,Medium,0.0080173075580989,0.4532374100719427,0.4105263157894737,0.6225477373790217,0.1475409836065573,0.3358320839580211,0.1687669066634008,0.3974653508098074,0.653809093229879,0.2731749167297549,-0.4691873962180282,-0.3168885563754784,-0.3748277349419803,0.0751074724868054,1.2178757094949273,3.367295829986474,1.3537711694143306,5.883948933115271,0
mp-763624,Li2Fe(SiO3)2,Pm21n,-2.726,0.08,2.88,66,3.017,732.676,True,Orthorhombic,Medium,0.0041177819390835,0.2661870503597123,0.4210526315789474,0.7533350771645305,0.459016393442623,0.408295852073963,0.4369466055609628,-0.5941568576116875,0.7197164816914654,0.7337125890908544,1.175905700701035,0.0933581445815286,0.9064743140796242,0.0769610411361283,1.355835153635182,4.204692619390966,1.3905353553771451,6.598067514267666,0
mp-762696,LiFeSiO4,Pbca,-2.539,0.083,1.791,56,2.96,694.96,True,Orthorhombic,Medium,0.004259237941752,0.4583761562178829,0.436842105263158,0.4684802511116924,0.3770491803278688,0.3798100949525238,0.4099346186157538,0.4247077191730348,0.8185775643838451,-0.2693384613116201,0.7429864646697025,-0.067911248208467,0.7774171394936334,0.0797349680188535,1.026399954554185,4.04305126783455,1.3762440252663892,6.545292187418515,0
mp-762746,Li2Fe2SiO6,Fdd2,-2.348,0.089,2.223,66,2.98,834.696,True,Orthorhombic,Medium,0.0035701620709815,0.6546762589928061,0.4684210526315789,0.5814805126863719,0.459016393442623,0.3898050974512743,0.5100127554217704,1.4653661906483415,1.0162997297686038,0.1285660876083697,1.175905700701035,-0.0113254963523281,1.2555678805040271,0.0852598439508234,1.1703126028333009,4.204692619390966,1.3812818192963463,6.72826491058933,0
mp-868335,Li2Fe2Si3O10,F2dd,-2.647,0.092,3.04,34,2.286,537.355,True,Orthorhombic,Medium,0.0042541708926128,0.3473792394655706,0.4842105263157895,0.7951870258958933,0.1967213114754098,0.0429785107446276,0.2970588045713254,-0.1637274374726857,1.1151608124609835,0.8810846442464062,-0.2094358545992288,-1.974851085760348,0.2381219862264502,0.0880108773227133,1.396244691973059,3.555348061489413,1.1896710196150764,6.28851819385675,0
mp-865154,LiFe(Si3O7)2,Icma,-2.981,0.093,2.647,88,2.807,1077.384,False,Orthorhombic,Medium,0.0026053848952648,0.0041109969167525,0.4894736842105263,0.6923881768244834,0.639344262295082,0.3033483258370815,0.683824535243567,-1.9835176441363092,1.1481145066917768,0.519102033770582,2.1283280199699663,-0.5007922499079297,2.0860013195199603,0.0889262091944015,1.293904911826543,4.48863636973214,1.3368414774003603,6.983218903252724,0
mp-762827,Li5Fe(SiO4)2,Pnma,-2.598,0.094,2.082,128,2.655,1374.684,False,Orthorhombic,Medium,0.0019313529509327,0.3977389516957865,0.4947368421052632,0.5445984828668585,0.9672131147540984,0.2273863068465766,0.8967491221247481,0.1032477724869471,1.18106820092257,-0.0013055359974603,3.860004964095296,-0.9308439640145856,3.103306919382487,0.0898407039997894,1.125578736897924,4.859812404361672,1.2960960932017418,7.226706340956632,0
mp-762638,LiFeSiO4,P21nb,-2.527,0.095,2.128,56,2.635,780.749,True,Orthorhombic,Medium,0.0033749642971044,0.4707091469681397,0.5,0.5566309181271254,0.3770491803278688,0.2173913043478259,0.4713762176199572,0.4900894032447818,1.2140218951533632,0.041063929859761,0.7429864646697025,-0.9874297158707246,1.0709712266332445,0.0907543632684641,1.1403938226830648,4.04305126783455,1.2906091109854827,6.661533717155809,0
mp-762775,Li2Fe2Si2O9,Pnca,-2.339,0.111,0.033,60,3.442,628.652,False,Orthorhombic,Medium,0.0054752072688864,0.6639260020554985,0.5842105263157895,0.0086319644258435,0.4098360655737705,0.6206896551724139,0.3624452021780903,1.5144024537021514,1.741281002846054,-1.8885889173332453,0.9161541590822356,1.2958053715244808,0.5505234303927776,0.1052605106574929,0.0324671901375014,4.110873864173311,1.4911047254722358,6.445167285814634,0
mp-763746,Li2FeSiO5,Pmc21,-2.342,0.112,0.0,36,3.125,377.974,True,Orthorhombic,Medium,0.0082677644494065,0.6608427543679345,0.5894736842105264,0.0,0.2131147540983606,0.4622688655672164,0.1829110293217137,1.498057032684214,1.7742346970768474,-1.918984403709078,-0.1228520073929623,0.3989212046046789,-0.3072503104828986,0.1061601958283906,0.0,3.610917912644224,1.4170660197866445,5.937467601146117,0
mp-775750,LiFe(Si2O5)3,Cmce,-2.836,0.122,2.611,92,2.508,1248.278,False,Orthorhombic,Medium,0.002009167829602,0.1531346351490237,0.6421052631578947,0.6829714883599268,0.6721311475409837,0.1539230384807597,0.8062178563013287,-1.1934889616027005,2.103771639384779,0.4859433213605831,2.3014957143824994,-1.346749240157206,2.670768972338348,0.1151128071005045,1.2839847422953208,4.532599493153256,1.2550460745099363,7.1303210634212055,0
mp-767128,Li2CoSiO4,P21nm,-2.532,0.005,2.72,16,3.249,168.54,True,Orthorhombic,Low,0.0192773228907084,0.4655704008221994,0.0263157894736842,0.7114831284331677,0.0491803278688524,0.5242378810594703,0.0329155771559778,0.4628470348815544,-1.7518105856180235,0.5863405339353028,-0.9886904794556272,0.7497528661127404,-1.0238947134482816,0.004987541511039,1.3137236682850553,2.833213344056216,1.4466836611326743,5.13308888718026,0
mp-764641,Li2CoSiO4,Pc21n,-2.532,0.005,2.918,32,3.181,344.33,True,Orthorhombic,Low,0.0092382307669967,0.4655704008221994,0.0263157894736842,0.7632749149882292,0.180327868852459,0.4902548725637183,0.1588153858604609,0.4628470348815544,-1.7518105856180235,0.7687134521902981,-0.2960197018054953,0.5573613098018679,-0.422373854383924,0.004987541511039,1.365581319522349,3.49650756146648,1.430550452374428,5.84450048159508,0
mp-763304,Li2CoSiO4,Pc21n,-2.532,0.005,2.994,32,3.148,347.939,True,Orthorhombic,Low,0.0090475629348822,0.4655704008221994,0.0263157894736842,0.7831545906356265,0.180327868852459,0.4737631184407798,0.1614001313500478,0.4628470348815544,-1.7518105856180235,0.8387151783891853,-0.2960197018054953,0.463994819239239,-0.410024524044523,0.004987541511039,1.3847932349936236,3.49650756146648,1.4226262903672808,5.854897121825445,0
mp-763309,Li2CoSiO4,Pcmn,-2.531,0.006,2.841,32,3.231,338.972,True,Orthorhombic,Low,0.0095317607353999,0.4665981500513876,0.031578947368421,0.7431336646612609,0.180327868852459,0.5152423788105946,0.1549780164137426,0.4682955085541994,-1.7188568913872304,0.6977906506466889,-0.2960197018054953,0.6988256894422147,-0.4407079391604575,0.0059820716775474,1.345732749363768,3.49650756146648,1.4424383717379303,5.828863261277841,0
mp-764956,Li2CoSiO4,C2221,-2.527,0.01,2.8,16,3.104,176.442,True,Orthorhombic,Low,0.0175921832670225,0.4707091469681397,0.0526315789473684,0.7324091027988491,0.0491803278688524,0.4517741129435284,0.0385749450857965,0.4900894032447818,-1.5870421144640576,0.6600265615130784,-0.9886904794556272,0.3395061651557333,-0.996855531308646,0.009950330853168,1.33500106673234,2.833213344056216,1.4119621078684683,5.178643794954225,0
mp-763391,Li2Co(SiO3)2,F2dd,-2.729,0.012,2.973,22,2.888,258.73,True,Orthorhombic,Low,0.0111622154369419,0.2631038026721479,0.0631578947368421,0.7776615223646351,0.0983606557377049,0.3438280859570215,0.09750914759262,-0.6105022786296248,-1.5211347260024712,0.8193725961500188,-0.7289389378368277,-0.2716199548905673,-0.7152812184883043,0.0119285708652738,1.379521476832462,3.1354942159291497,1.3578948865981926,5.5596426299022985,0
mp-763485,Li2CoSiO4,Pmnb,-2.523,0.014,2.693,32,3.159,346.674,True,Orthorhombic,Low,0.0091123072396545,0.4748201438848922,0.0736842105263158,0.7044206120847503,0.180327868852459,0.4792603698150925,0.1604941454691037,0.5118832979353641,-1.455227337540885,0.5614714996278033,-0.2960197018054953,0.4951169827601145,-0.4143531200210657,0.0139029051689914,1.306439135870426,3.49650756146648,1.4252746607607745,5.851265259111167,0
mp-764957,Li2CoSiO4,Pbn21,-2.522,0.015,2.757,32,3.226,339.508,True,Orthorhombic,Low,0.0095019852256795,0.4758478931140804,0.0789473684210526,0.7211613915772954,0.180327868852459,0.5127436281859072,0.1553618965972888,0.5173317716080115,-1.4222736433100918,0.620420321690024,-0.2960197018054953,0.6846792514781803,-0.4388738463198039,0.0148886124937506,1.3236207665918318,3.49650756146648,1.441255919193865,5.830438620174067,0
mp-763492,Li3CoSiO5,P21nb,-2.418,0.033,1.176,40,2.941,424.186,True,Orthorhombic,Low,0.0069332792689999,0.5827338129496402,0.1736842105263158,0.3076118231755166,0.2459016393442623,0.3703148425787106,0.2160078036538804,1.0839730335631497,-0.8291071471558144,-0.8357997983157723,0.0503156870195706,-0.1216677124717993,-0.1491213956465478,0.0324671901375014,0.7774883289936961,3.713572066704308,1.3714344982128666,6.052526720243699,0
mp-762880,LiCoSiO4,Pn21a,-2.376,0.06,1.422,28,3.033,345.946,True,Orthorhombic,Medium,0.0087672642551149,0.6258992805755397,0.3157894736842105,0.3719591943499869,0.1475409836065573,0.4162918540729636,0.1599727559660781,1.3128089278142654,0.0606425970756015,-0.6092152635141115,-0.4691873962180282,0.1386267460664397,-0.4168442013419532,0.0582689081239757,0.8845936451309006,3.367295829986474,1.394510515891231,5.849169148240332,0
mp-763240,LiCoSiO4,C2221,-2.374,0.062,1.265,14,2.98,176.01,True,Orthorhombic,Medium,0.0169308562013521,0.6279547790339159,0.3263157894736842,0.3308919696573372,0.0327868852459016,0.3898050974512743,0.0382655491169681,1.3237058751595554,0.126549985537188,-0.7538240926354967,-1.0752743266618936,-0.0113254963523281,-0.9983337553891728,0.060153922819747,0.8175747589349973,2.70805020110221,1.3812818192963463,5.176206228153065,0
mp-543100,LiCoSiO4,Pbn21,-2.371,0.065,1.398,28,2.985,351.446,True,Orthorhombic,Medium,0.0084934812175981,0.6310380267214799,0.3421052631578947,0.3656814020402825,0.1475409836065573,0.3923038480759619,0.1639118250136614,1.3400512961774926,0.2254110682295676,-0.6313210717874442,-0.4691873962180282,0.0028209416117062,-0.3980242188352466,0.0629747991613884,0.8746350566053225,3.367295829986474,1.3825373122421782,5.864897419027947,0
mp-763443,Li2Co(SiO3)2,Fdd2,-2.675,0.065,2.969,66,2.861,783.351,True,Orthorhombic,Medium,0.0036522580554566,0.3186022610483046,0.3421052631578947,0.776615223646351,0.459016393442623,0.3303348325837083,0.4732397553766501,-0.3162847003067621,0.2254110682295676,0.81568829477113,1.175905700701035,-0.3480107198963539,1.0798747892664171,0.0629747991613884,1.3785141738009283,4.204692619390966,1.3509262172820993,6.664856624242471,0
mp-763589,LiCoSiO4,Pb21a,-2.37,0.066,1.194,56,3.014,696.129,True,Orthorhombic,Medium,0.0043296572905309,0.632065775950668,0.3473684210526316,0.3123201674077949,0.3770491803278688,0.4067966016991504,0.4107718498369583,1.3454997698501376,0.2583647624603609,-0.8192204421107727,0.7429864646697025,0.0848702818031074,0.7814172412300588,0.0639133257436528,0.7857263618530385,4.04305126783455,1.3897882503741463,6.546970472545148,0
mp-763584,LiCoSiO4,Pb21a,-2.369,0.067,1.31,56,3.029,692.711,True,Orthorhombic,Medium,0.0043726748961688,0.6330935251798562,0.3526315789473684,0.342662830238033,0.3770491803278688,0.4142928535732135,0.4083238974724784,1.3509482435227826,0.2913184566911541,-0.7123757021229976,0.7429864646697025,0.1273095956952119,0.7697214775558909,0.0648509723196163,0.8372475245337022,4.04305126783455,1.3935182062092102,6.542055447264238,0
mp-772320,Li2CoSiO4,Pca21,-2.467,0.07,2.916,64,3.046,719.179,True,Orthorhombic,Medium,0.0042353850710323,0.5323741007194247,0.368421052631579,0.7627517656290871,0.4426229508196722,0.4227886056971515,0.4272801301181935,0.8169978236035168,0.3901795393835337,0.7668713015008535,1.0893218534947684,0.1754074847729297,0.8602900770081657,0.0676586484738148,1.3650707246682638,4.174387269895637,1.3977287387455537,6.579499792222591,0
mp-763369,Li2Co2Si2O7,C2cm,-2.455,0.07,2.344,26,3.213,309.993,True,Orthorhombic,Medium,0.010364750171778,0.5447070914696814,0.368421052631579,0.6131310489144651,0.1311475409836065,0.5062468765617194,0.1342234196992126,0.8823795076752637,0.3901795393835337,0.2400162043197557,-0.5557712434242947,0.6478985127716903,-0.5398687160807943,0.0676586484738148,1.207167695222455,3.295836866004329,1.4381749829968795,5.73977040388734,0
mp-779191,LiCoSiO4,Pbn21,-2.365,0.07,1.527,28,3.029,346.421,False,Orthorhombic,Medium,0.0087436962539799,0.6372045220966083,0.368421052631579,0.3994245357049437,0.1475409836065573,0.4142928535732135,0.1603129482929149,1.372742138213365,0.3901795393835337,-0.5125023523182806,-0.4691873962180282,0.1273095956952119,-0.4152188392163742,0.0676586484738148,0.9270328284060572,3.367295829986474,1.3935182062092102,5.850537301030121,0
mp-763386,Li2Co2Si2O7,C2cm,-2.453,0.072,2.84,26,3.579,278.304,True,Orthorhombic,Medium,0.0128600379441186,0.5467625899280577,0.3789473684210526,0.7428720899816897,0.1311475409836065,0.6891554222888558,0.1115279362357826,0.8932764550205561,0.4560869278451197,0.6968695753019664,-0.5557712434242947,1.6834177717390324,-0.6483026116544359,0.0695260626486102,1.3454723665996355,3.295836866004329,1.5214806336749584,5.63230079436666,0
mp-763376,Li2Co(Si2O5)2,P212121,-2.858,0.075,3.273,68,2.37,967.213,True,Orthorhombic,Medium,0.002450339273769,0.130524152106886,0.3947368421052631,0.8561339262359404,0.4754098360655738,0.0849575212393802,0.604920685054241,-1.3133553824009043,0.5549480105374993,1.0956951995666786,1.2624895479073015,-1.737190927964564,1.7090165390206178,0.0723206615796261,1.4523161566618878,4.23410650459726,1.2149127443642704,6.87545210439335,0
mp-763406,Li2Co2(SiO3)3,Pnma,-2.591,0.076,2.744,64,2.658,899.635,True,Orthorhombic,Medium,0.0029545315600215,0.4049331963001026,0.4,0.7177609207428722,0.4426229508196722,0.2288855572213892,0.5565217017637718,0.1413870881954644,0.5879017047682926,0.6084463422086356,1.0893218534947684,-0.9223561012361644,1.4777771248682134,0.0732504617395926,1.3201545586153456,4.174387269895637,1.296916549968674,6.803100070092561,0
mp-762722,LiCoSiO4,P21nb,-2.353,0.082,1.411,28,3.112,337.098,True,Orthorhombic,Medium,0.0092317367649763,0.6495375128468655,0.4315789473684211,0.3690818728747058,0.1475409836065573,0.4557721139430286,0.1536358681600751,1.438123822285112,0.7856238701530519,-0.6193470923060556,-0.4691873962180282,0.3621404658981889,-0.4471204204727425,0.0788111804242897,0.880041599199034,3.367295829986474,1.413909528152864,5.823335794286702,0
mp-762892,LiCoSiO4,Pcmn,-2.352,0.083,0.77,28,3.736,280.858,True,Orthorhombic,Medium,0.0133020957209693,0.6505652620760536,0.436842105263158,0.2014125032696835,0.1475409836065573,0.7676161919040483,0.1133570966626058,1.4435722959577597,0.8185775643838451,-1.209756388272985,-0.4691873962180282,2.127615923809723,-0.6395632961413215,0.0797349680188535,0.5709795465857378,3.367295829986474,1.5551928975817046,5.641403398016911,0
mp-763260,LiCoSiO4,Pc21n,-2.352,0.083,1.367,28,2.935,357.496,True,Orthorhombic,Medium,0.0082098820686105,0.6505652620760536,0.436842105263158,0.3575725869735809,0.1475409836065573,0.3673163418290854,0.1682448009660029,1.4435722959577597,0.8185775643838451,-0.6598744074738323,-0.4691873962180282,-0.1386434380286404,-0.3773222380778694,0.0797349680188535,0.8616233305318469,3.367295829986474,1.3699108818693666,5.881917502376313,0
mp-762888,LiCoSiO4,Cmcm,-2.351,0.084,0.871,14,3.762,139.432,True,Orthorhombic,Medium,0.0269808939124447,0.6515930113052417,0.4421052631578948,0.2278315459063563,0.0327868852459016,0.780609695152424,0.0120685913674227,1.4490207696304045,0.8515312586146383,-1.116727778456043,-1.0752743266618936,2.2011774012227026,-1.1234969045037762,0.0806579030174544,0.6264730472919525,2.70805020110221,1.5606677480646711,4.944723385849762,0
mp-779192,LiCoSiO4,P21nb,-2.351,0.084,1.323,28,3.0,349.762,True,Orthorhombic,Medium,0.0085772611089826,0.6515930113052417,0.4421052631578948,0.3460633010724562,0.1475409836065573,0.3998000999500251,0.1627057536907286,1.4490207696304045,0.8515312586146383,-0.7004017226416092,-0.4691873962180282,0.0452602555038108,-0.4037865552973002,0.0806579030174544,0.8428594537882721,3.367295829986474,1.3862943611198906,5.860107930799336,0
mp-763360,Li2Co2(SiO3)3,Pnma,-2.574,0.094,2.842,64,3.249,735.894,True,Orthorhombic,Medium,0.0044150380353692,0.4224049331963004,0.4947368421052632,0.7433952393408318,0.4426229508196722,0.5242378810594703,0.4392513190509852,0.2340111406304411,1.18106820092257,0.698711725991411,1.0893218534947684,0.7497528661127404,0.917485714753548,0.0898407039997894,1.345993064346365,4.174387269895637,1.4466836611326743,6.602444055522408,0
mp-762860,LiCoSiO4,Pcmn,-2.339,0.097,0.736,28,3.605,291.06,True,Orthorhombic,Medium,0.0123857623857623,0.6639260020554985,0.5105263157894737,0.1925189641642689,0.1475409836065573,0.7021489255372315,0.1206637116486866,1.5144024537021514,1.2799292836149496,-1.2410729499935398,-0.4691873962180282,1.7569792491520124,-0.6046539394988812,0.0925791812930932,0.5515836162381584,3.367295829986474,1.5271426697072703,5.676959260612326,0
mp-762247,LiCoSiO4,P212121,-2.327,0.109,0.702,28,3.203,327.583,True,Orthorhombic,Medium,0.0097776746656572,0.6762589928057556,0.5736842105263158,0.1836254250588543,0.1475409836065573,0.5012493753123439,0.1468212787077562,1.5797841377738984,1.6753736143844675,-1.2723895117140946,-0.4691873962180282,0.6196056368436201,-0.479678990209345,0.1034587083682299,0.5318040301511824,3.367295829986474,1.4357985560229796,5.794789469633114,0
mp-762883,LiCoSiO4,Imcm,-2.291,0.144,0.511,14,4.15,126.395,True,Orthorhombic,Medium,0.0328335772775821,0.7132579650565263,0.7578947368421053,0.1336646612607899,0.0327868852459016,0.9745127436281862,0.0027315653359058,1.7759291899891394,2.8287529124622286,-1.4483149025560345,-1.0752743266618936,3.2989409872317985,-1.168107106674673,0.1345308929576061,0.4127716832906025,2.70805020110221,1.6389967146756448,4.847292495900082,0
mp-763534,Li2Co2SiO6,Ccme,-2.012,0.19,0.717,22,3.927,216.338,True,Orthorhombic,High,0.0181521508010613,1.0000000000000004,1.0,0.1875490452524195,0.0983606557377049,0.8630684657671166,0.067148235762593,3.2960533446572557,4.344622847078716,-1.2585733815432614,-0.7289389378368277,2.668009854035849,-0.860338800019997,0.173953307123438,0.5405785819153384,3.1354942159291497,1.594730283561826,5.381453745420653,1
mp-767711,Li2Mn2Si4O11,P1,-2.904,0.012,0.904,38,3.098,441.742,True,Triclinic,Low,0.0070131434185565,0.0832476875642345,0.0631578947368421,0.2364635103321998,0.2295081967213114,0.448775612193903,0.2285813120537661,-1.5639851713426,-1.5211347260024712,-1.0863322920802103,-0.0362681601866958,0.322530439598891,-0.0890480114851399,0.0119285708652738,0.6439569363691736,3.6635616461296463,1.410499049816708,6.092987207612064,0
mp-868265,Li2Mn4Si4O13,P1,-2.755,0.019,2.346,46,3.481,528.536,True,Triclinic,Low,0.0065861171235261,0.2363823227132582,0.1,0.6136541982736072,0.2950819672131147,0.6401799100449777,0.2907426864021187,-0.7521625941184088,-1.2904588663869192,0.2418583550092003,0.3100672286383701,1.4061475876439509,0.2079449997306961,0.0188217542405877,1.2077656025646322,3.8501476017100575,1.499846235804006,6.272001151398891,0
mp-761470,Li2Mn2Si5O13,P1,-2.946,0.02,3.286,44,3.009,521.131,True,Triclinic,Low,0.005773980054919,0.040082219938335,0.1052631578947368,0.8595343970703636,0.2786885245901639,0.4042978510744628,0.2854392670753271,-1.7928210655937158,-1.257505172156126,1.107669179048067,0.2234833814321036,0.070723843839073,0.1826064596466666,0.0198026272961797,1.455353897051385,3.80666248977032,1.38854183366037,6.25791851425239,0
mp-868673,Li15Mn15SiO32,P1,-2.194,0.028,0.311,63,4.093,595.723,False,Triclinic,Low,0.0068706428994683,0.8129496402877701,0.1473684210526316,0.0813497253465864,0.4344262295081967,0.946026986506747,0.3388616376930233,2.304431136235761,-0.9938756183097804,-1.6325299715004742,1.0460299298916351,3.137671594441801,0.4378464842176238,0.0276151670329733,0.2707902047815628,4.158883083359672,1.6278670479024675,6.391453019117847,0
mp-761381,Li2Mn5(Si2O7)2,P1,-2.69,0.031,0.0,25,3.434,302.156,True,Triclinic,Low,0.0113649902699267,0.303186022610483,0.1631578947368421,0.0,0.1229508196721311,0.6166916541729137,0.1286106044035927,-0.3980118053964465,-0.8950145356174007,-1.918984403709078,-0.599063167027428,1.2731710707820254,-0.5666854802453507,0.0305292050348228,0.0,3.258096538021482,1.4893021111941198,5.714247524503965,0
mp-766967,Li2Mn3(Si3O8)2,P1,-2.894,0.043,2.865,54,3.012,665.118,True,Triclinic,Low,0.0045285197513824,0.0935251798561149,0.2263157894736842,0.7494114569709653,0.3606557377049181,0.4057971014492754,0.3885619461579395,-1.5095004346161454,-0.4995702048478826,0.7198964589200216,0.6564026174634361,0.0792117066174941,0.6753033362272443,0.0421011760186353,1.3519616820393854,4.007333185232471,1.3892898700996892,6.501466832023544,0
mp-767443,Li2Mn5Si5O16,P1,-2.736,0.045,2.164,28,2.985,381.117,True,Triclinic,Low,0.0078322404930769,0.2559095580678314,0.2368421052631579,0.566047606591682,0.1475409836065573,0.3923038480759619,0.1851620282338145,-0.6486415943381445,-0.4336628163862962,0.0742226422697602,-0.4691873962180282,0.0028209416117062,-0.2964955459340659,0.0440168854167743,1.1518370499054076,3.367295829986474,1.3825373122421782,5.945726844434111,0
mp-850240,Li2Mn3(SiO4)2,P1,-2.61,0.05,2.045,45,3.062,590.331,True,Triclinic,Low,0.0051869205581275,0.3854059609455293,0.2631578947368421,0.5349202197227308,0.2868852459016393,0.4307846076961519,0.3349999176376472,0.0378660884152001,-0.2688943452323301,-0.0353853237521816,0.2667753050352368,0.2206760862578409,0.419396057731049,0.048790164169432,1.1135009011618604,3.828641396489095,1.4016754631581927,6.382375928308624,0
mp-850159,Li2Mn(Si2O5)2,P1,-2.958,0.054,3.036,34,2.633,430.361,True,Triclinic,Medium,0.0061181194392614,0.0277492291880778,0.2842105263157894,0.7941407271776093,0.1967213114754098,0.2163918040979511,0.2204303039027579,-1.8582027496654627,-0.1370795683091575,0.8774003428675174,-0.2094358545992288,-0.993088291056338,-0.127991688014018,0.0525924501191705,1.3952541024913625,3.555348061489413,1.2900587532390648,6.066945326530458,0
mp-761439,LiMn(SiO3)2,P1,-2.801,0.059,0.714,80,3.314,858.022,True,Triclinic,Medium,0.0038623718272958,0.1891058581706062,0.3105263157894737,0.1867643212137065,0.5737704918032788,0.55672163918041,0.5267187053497571,-1.0027923830601069,0.0276889028448083,-1.2613366075774282,1.7819926311449004,0.9336565596451916,1.3353851372224708,0.0573250666192694,0.538829820175588,4.394449154672439,1.4618655479669649,6.7557945328320805,0
mp-768071,Li5Mn17(SiO16)2,P1,-2.172,0.059,0.348,56,4.201,607.507,True,Triclinic,Medium,0.0069151466567463,0.8355601233299077,0.3105263157894737,0.0910279884907141,0.3770491803278688,1.0000000000000002,0.3473012721760634,2.4242975570339618,0.0276889028448083,-1.598450183745753,0.7429864646697025,3.4432346544649506,0.4781691521919932,0.0573250666192694,0.2986220124901153,4.04305126783455,1.6488509147909354,6.411008416059032,0
mp-761417,Li2Mn2Si4O11,P1,-2.847,0.069,0.0,38,2.897,472.42,True,Triclinic,Medium,0.006132255196647,0.1418293936279546,0.3631578947368422,0.0,0.2295081967213114,0.3483258370814592,0.2505527230068131,-1.2534221720018024,0.3572258451527405,-1.918984403709078,-0.0362681601866958,-0.246156366555305,0.0159264291222687,0.0667236320429081,0.0,3.6635616461296463,1.3602070263565722,6.159982943758245,0
mp-868526,Li9Mn5(SiO8)2,P1,-2.372,0.07,1.154,32,3.706,290.951,True,Triclinic,Medium,0.012737539998144,0.6300102774922922,0.368421052631579,0.3018571802249542,0.180327868852459,0.7526236881559223,0.1205856464621072,1.334602822504848,0.3901795393835337,-0.8560634558996607,-0.2960197018054953,2.0427372960255137,-0.605026917334014,0.0676586484738148,0.7673265787341967,3.49650756146648,1.5488382903051707,5.676585979967729,0
mp-767282,Li2MnSi3O8,P1,-2.872,0.082,2.655,14,2.497,186.943,True,Triclinic,Medium,0.0133570125653273,0.116135662898253,0.4315789473684211,0.6944807742610515,0.0327868852459016,0.1484257871064467,0.0460957021891913,-1.3896340138179415,0.7856238701530519,0.5264706365283596,-1.0752743266618936,-1.3778714036780828,-0.960923051980841,0.0788111804242897,1.2960960932017418,2.70805020110221,1.2519054580812388,5.236138725368756,0
mp-761967,LiMnSi3O8,P1,-2.868,0.09,1.055,26,2.963,307.264,False,Triclinic,Medium,0.0096431732972297,0.1202466598150051,0.4736842105263158,0.2759612869474235,0.1311475409836065,0.3813093453273364,0.1322689252572391,-1.367840119127359,1.0492534239993971,-0.9472499150271584,-0.5557712434242947,-0.0594233854300459,-0.5492068492191221,0.0861776962410523,0.7202758479481979,3.295836866004329,1.377001314208298,5.730956558693556,0
mp-767982,Li3Mn2(SiO4)2,P1,-2.605,0.09,0.0,15,2.938,177.985,True,Triclinic,Medium,0.0165070090176138,0.3905447070914696,0.4736842105263158,0.0,0.040983606557377,0.3688155922038982,0.0396800330022366,0.0651084567784274,1.0492534239993971,-1.918984403709078,-1.0319824030587603,-0.1301555752502192,-0.9915756707617644,0.0861776962410523,0.0,2.772588722239781,1.3706729802169335,5.187302003446751,0
mp-761430,Li7Mn11(Si3O16)2,P1,-2.439,0.092,0.361,56,3.909,566.407,False,Triclinic,Medium,0.0069013977581491,0.5611510791366907,0.4842105263157895,0.0944284593251373,0.3770491803278688,0.8540729635182409,0.3178656834750324,0.9695550864375932,1.1151608124609835,-1.5864762042643643,0.7429864646697025,2.617082677365323,0.3375325556418763,0.0880108773227133,0.308219723669329,4.04305126783455,1.5910702550759157,6.34107685927433,0
mp-780147,LiMnSiO4,P1,-2.58,0.098,0.995,28,3.294,310.44,True,Triclinic,Medium,0.0106107460378817,0.4162384378211716,0.5157894736842106,0.2602668061731624,0.1475409836065573,0.5467266366816592,0.1345435585836253,0.2013202985945664,1.312882977845743,-1.0025144357104905,-0.4691873962180282,0.8770708077890527,-0.5383391647752493,0.0934903430873389,0.6906440503418267,3.367295829986474,1.4572186994565894,5.7412067033022005,0
mp-767274,Li3MnSi2O7,P1,-2.68,0.099,1.161,13,2.709,149.499,True,Triclinic,Medium,0.0181205225453013,0.3134635149023639,0.5210526315789474,0.3036882029819513,0.0245901639344262,0.2543728135932035,0.0192785201132446,-0.3435270686699918,1.345836672076536,-0.8496159284866053,-1.1185662502650269,-0.7780624340030099,-1.0890494928865004,0.0944006754214843,0.770571077524749,2.6390573296152584,1.3107622985074538,5.013956439648583,0
mp-780196,LiMnSiO4,P1,-2.577,0.1,0.409,28,2.984,342.663,True,Triclinic,Medium,0.008708264388043,0.419321685508736,0.5263157894736843,0.1069840439445461,0.1475409836065573,0.3918040979510246,0.1576214898418571,0.2176657196125038,1.378790366307329,-1.5422645877176988,-0.4691873962180282,-8.34598110034725e-06,-0.4280780199909566,0.0953101798043248,0.3428802329165431,3.367295829986474,1.3822863397223517,5.839661526038781,0
mp-761735,Li2Fe2Si4O11,P1,-2.837,0.013,1.892,38,3.189,431.059,True,Triclinic,Low,0.0073980591983927,0.1521068859198355,0.0684210526315789,0.4948992937483651,0.2295081967213114,0.4942528735632185,0.2209302075746149,-1.198937435275348,-1.4881810317716782,-0.176309851494678,-0.0362681601866958,0.5799956105443236,-0.1256032611431667,0.0129162252665463,1.0619483042965183,3.6635616461296463,1.432462041964898,6.068562152992794,0
mp-765915,LiFe(SiO3)2,P1,-2.791,0.03,3.056,20,2.2,324.509,True,Triclinic,Low,0.0067794729884225,0.1993833504624871,0.1578947368421052,0.7993722207690296,0.0819672131147541,0.0,0.1446196972073432,-0.9483076463336496,-0.927968229848194,0.8958218497619614,-0.8155227850430942,-2.2181698187417447,-0.4901976495230935,0.0295588022415444,1.400197266288882,3.044522437723423,1.1631508098056809,5.785390111035961,0
mp-868566,LiFe(SiO3)2,P1,-2.79,0.031,2.427,30,3.193,335.392,True,Triclinic,Low,0.0095202032248831,0.2004110996916752,0.1631578947368421,0.6348417473188596,0.1639344262295082,0.4962518740629686,0.152414040560952,-0.9428591726610048,-0.8950145356174007,0.3164654579316984,-0.3826035490117618,0.5913127609155513,-0.4529580368648229,0.0305292050348228,1.2316852428924718,3.4339872044851463,1.4334164681886254,5.818277146603173,0
mp-761402,Li2Fe5(Si2O7)2,P1,-2.563,0.031,0.0,25,3.492,299.319,True,Triclinic,Low,0.0116664829162198,0.433710174717369,0.1631578947368421,0.0,0.1229508196721311,0.6456771614192904,0.126578760969412,0.2939443510295407,-0.8950145356174007,-1.918984403709078,-0.599063167027428,1.4372697511648276,-0.5763931694038101,0.0305292050348228,0.0,3.258096538021482,1.502298036876197,5.704845243051088,0
mp-761459,LiFeSi3O8,P1,-2.896,0.032,3.342,26,2.76,330.953,False,Triclinic,Low,0.0083395527461603,0.0914696813977391,0.1684210526315789,0.8741825791263407,0.1311475409836065,0.2798600699650175,0.1492348537423662,-1.5203973819614354,-0.8620608413866075,1.1592493983525105,-0.5557712434242947,-0.6337687667698565,-0.4681474736552359,0.0314986670593709,1.4683350714561003,3.295836866004329,1.324418957401803,5.804993392629979,0
mp-761705,Li2Fe4Si4O13,P1,-2.632,0.032,3.118,46,3.599,514.551,False,Triclinic,Low,0.0069944475863422,0.3627954779033917,0.1684210526315789,0.8155898509024326,0.2950819672131147,0.6991504247876064,0.2807267081056731,-0.0820003323830038,-0.8620608413866075,0.9529285211347376,0.3100672286383701,1.7400035235951712,0.1600909169386432,0.0314986670593709,1.4153676086055975,3.8501476017100575,1.5258388885577867,6.245236231638145,0
mp-761475,Li2Fe2Si5O13,P1,-2.875,0.034,3.394,44,3.086,510.174,True,Triclinic,Low,0.0060489166441253,0.1130524152106886,0.1789473684210526,0.8877844624640335,0.2786885245901639,0.4427786106946527,0.277591925338169,-1.4059794348358787,-0.7961534529250212,1.2071453162780648,0.2234833814321036,0.2885789884852076,0.1451136326783057,0.0334347760862373,1.4802399739624186,3.80666248977032,1.4075664963954304,6.23671004105,0
mp-773691,LiFe(SiO3)2,P1,-2.785,0.036,2.596,80,3.251,878.288,False,Triclinic,Low,0.0037015193194032,0.2055498458376154,0.1894736842105263,0.6790478681663615,0.5737704918032788,0.5252373813093454,0.5412331004985429,-0.9156168042977776,-0.7302460644634349,0.47212719118975,1.7819926311449004,0.7554114412983537,1.404731640037183,0.0353671438372913,1.279822116609374,4.394449154672439,1.447154249376653,6.779112489072453,0
mp-767996,Li3Fe2(SiO4)2,P1,-2.585,0.039,1.626,15,2.951,178.21,True,Triclinic,Low,0.0165591156500757,0.4110996916752314,0.2052631578947368,0.4253204289824745,0.040983606557377,0.3753123438280861,0.0398411767360014,0.1740779302313391,-0.6313849817710553,-0.4213158931907829,-1.0319824030587603,-0.0933748365437293,-0.9908057623864902,0.0382587121170903,0.9654617758806044,2.772588722239781,1.3739687114292538,5.188558302555298,0
mp-761820,LiFeSi3O8,P1,-2.886,0.041,3.16,26,2.703,337.873,True,Triclinic,Low,0.0080000473550712,0.1017471736896196,0.2157894736842105,0.8265759874444155,0.1311475409836065,0.2513743128435781,0.1541909187985982,-1.4659126452349809,-0.5654775933094689,0.9916136856130702,-0.5557712434242947,-0.7950381595598522,-0.4444685138467976,0.0401817896328318,1.425515074273172,3.295836866004329,1.3091433019314755,5.825625405920189,0
mp-767726,Li2Fe2Si3O10,P1,-2.694,0.044,2.325,34,2.821,435.364,True,Triclinic,Low,0.0064796354315009,0.2990750256937309,0.231578947368421,0.6081611300026158,0.1967213114754098,0.3103448275862071,0.2240134243473141,-0.4198057000870288,-0.4666165106170894,0.2225157727700342,-0.2094358545992288,-0.4611822236086318,-0.1108723475629174,0.0430594894604469,1.2014696741078177,3.555348061489413,1.340512168464763,6.078476757430598,0
mp-763810,Li17Fe6(Si2O7)6,P1,-2.691,0.046,0.0,77,2.868,846.546,False,Triclinic,Low,0.0033878844150229,0.3021582733812953,0.2421052631578947,0.0,0.5491803278688525,0.3338330834582708,0.5184996587333817,-0.4034602790690914,-0.400709122155503,-1.918984403709078,1.6521168603355003,-0.3282057067467062,1.296116388268477,0.0449733656427311,0.0,4.356708826689592,1.352737577591048,6.742345115067782,0
mp-767707,Li2Fe5Si5O16,P1,-2.62,0.049,2.117,28,3.101,369.232,True,Triclinic,Low,0.008398513671621,0.3751284686536484,0.2578947368421053,0.5537535966518441,0.1475409836065573,0.4502748625687156,0.1766500581191733,-0.0166186483112568,-0.3018480394631233,0.0309321010678167,-0.4691873962180282,0.3310183023773121,-0.3371638172235583,0.0478373294141601,1.1368710007852,3.367295829986474,1.411230846409922,5.914129836165987,0
mp-761382,Li2Fe3(Si3O8)2,P1,-2.817,0.05,2.826,54,3.088,651.656,True,Triclinic,Low,0.0047386964901727,0.1726618705035969,0.2631578947368421,0.7392100444676956,0.3606557377049181,0.4437781109445278,0.3789205375182002,-1.089967961822436,-0.2688943452323301,0.6839745204758557,0.6564026174634361,0.2942375636708221,0.6292388626808283,0.048790164169432,1.341819871018061,4.007333185232471,1.4080558529014031,6.48105019108144,0
mp-762716,Li2Fe3(SiO4)2,P1,-2.482,0.051,2.23,45,3.204,568.378,True,Triclinic,Medium,0.0056370936243133,0.5169578622816031,0.2684210526315789,0.5833115354433691,0.2868852459016393,0.5017491254372817,0.3192773025828118,0.7352707185138324,-0.2359406510015371,0.1350136150214252,0.2667753050352368,0.622434924436428,0.3442769530092797,0.049742091894814,1.172482137234565,3.828641396489095,1.436036453014705,6.344544536935578,0
mp-780681,LiFe3(SiO4)2,P1,-2.468,0.058,0.631,42,3.133,570.329,True,Triclinic,Medium,0.0054933205220144,0.5313463514902366,0.3052631578947369,0.165053622809312,0.2622950819672131,0.4662668665667167,0.3206745978031453,0.8115493499308718,-0.0052647913859846,-1.3377858611893707,0.1368995342258371,0.4215555053471345,0.3509529140766584,0.0563803334361076,0.4891933236388768,3.7612001156935615,1.4190035355295954,6.347965225863419,0
mp-763739,Li3Fe2(SiO4)2,P1,-2.565,0.059,1.14,15,3.034,173.298,True,Triclinic,Medium,0.0175074149730521,0.4316546762589928,0.3105263157894737,0.29819513471096,0.040983606557377,0.4167916041979009,0.0363232299793234,0.2830474036842508,0.0276889028448083,-0.8689585107257716,-1.0319824030587603,0.1414560336592464,-1.0076137176724798,0.0573250666192694,0.76080582903376,2.772588722239781,1.39475843953202,5.160766477990837,0
mp-761622,Li7Fe7SiO16,P1,-2.144,0.06,1.955,31,3.232,371.739,True,Triclinic,Medium,0.0086942720564697,0.8643371017471737,0.3157894736842105,0.5113784985613393,0.1721311475409836,0.5157421289355324,0.1784455574104989,2.5768548198680383,0.0606425970756015,-0.1182821047771793,-0.3393116254086285,0.7016549770350226,-0.3285853270155015,0.0582689081239757,1.0834986508580615,3.4657359027997265,1.4426746945559985,5.9208784428137,0
mp-768001,Li6Fe(SiO4)2,P1,-2.595,0.063,3.736,17,2.678,174.618,True,Triclinic,Medium,0.0153363341694441,0.4008221993833505,0.3315789473684211,0.9772430028773216,0.0573770491803278,0.23888055972014,0.0372686065507434,0.1195931935048821,0.1595036797679812,1.5221530841730568,-0.945398555852494,-0.8657703493800256,-1.0030969218708703,0.0610950993598108,1.5551928975817046,2.8903717578961645,1.3023691261821293,5.168311181642427,0
mp-772589,Li2Fe(Si2O5)2,P1,-2.911,0.064,3.079,34,2.633,431.422,False,Triclinic,Medium,0.0061030730931663,0.076053442959918,0.3368421052631579,0.8053884383991631,0.1967213114754098,0.2163918040979511,0.2211901861317554,-1.6021244870511198,0.1924573739987744,0.917006582690572,-0.2094358545992288,-0.993088291056338,-0.124361142297724,0.0620353909194526,1.4058518603354215,3.555348061489413,1.2900587532390648,6.069401963286682,0
mp-764102,Li3Fe2(SiO4)2,P1,-2.558,0.066,0.931,30,2.911,361.337,True,Triclinic,Medium,0.0080561913117117,0.4388489208633097,0.3473684210526316,0.2435260266806173,0.1639344262295082,0.3553223388305848,0.1709957035499606,0.3211867193927705,0.2583647624603609,-1.061463257772711,-0.3826035490117618,-0.2065463402560071,-0.3641790466581857,0.0639133257436528,0.6580380034463774,3.4339872044851463,1.363793095773377,5.892574717997113,0
mp-761513,LiFeSi3O8,P1,-2.859,0.068,2.413,26,2.896,315.39,False,Triclinic,Medium,0.0091822822537176,0.1294964028776979,0.3578947368421053,0.6311797018048653,0.1311475409836065,0.3478260869565217,0.1380887207264502,-1.318803856073549,0.3242721509219473,0.3035704031055874,-0.5557712434242947,-0.2489856541481117,-0.5214011805192134,0.0657877405380031,1.22759166992457,3.295836866004329,1.3599503857802886,5.756975629831453,0
mp-850922,Li3Fe2(SiO4)2,P1,-2.555,0.069,1.854,15,2.925,179.798,True,Triclinic,Medium,0.0162682565990722,0.4419321685508737,0.3631578947368422,0.4849594559246665,0.040983606557377,0.3623188405797102,0.0409784933991945,0.3375321404107054,0.3572258451527405,-0.2113107145941214,-1.0319824030587603,-0.1669363139567105,-0.9853719201645538,0.0667236320429081,1.0487215190546446,2.772588722239781,1.3673663512343717,5.19738038594999,0
mp-762655,LiFeSiO4,P1,-2.551,0.071,2.292,28,2.969,346.461,True,Triclinic,Medium,0.0085695071018094,0.4460431654676258,0.3736842105263158,0.5995291655767722,0.1475409836065573,0.3843078460769615,0.1603415960678064,0.3593260351012878,0.4231332336143265,0.1921202863942013,-0.4691873962180282,-0.0424476598732048,-0.4150819666163253,0.0685927914656117,1.1914952828148233,3.367295829986474,1.3785141738009283,5.850652428490737,0
mp-763637,Li4Fe2SiO7,P1,-2.356,0.071,1.851,14,3.787,122.581,True,Triclinic,Medium,0.0308938579388322,0.6464542651593015,0.3736842105263158,0.4841747318859534,0.0327868852459016,0.7931034482758621,0.0,1.421778401267177,0.4231332336143265,-0.2140739406282881,-1.0752743266618936,2.271909591042876,-1.181157909089324,0.0685927914656117,1.0476698099305348,2.70805020110221,1.565903910410372,4.816896811524353,0
mp-767328,Li5Fe5Si7O24,P1,-2.647,0.072,2.373,41,2.501,593.87,True,Triclinic,Medium,0.0042113593884183,0.3473792394655706,0.3789473684210526,0.6207167146220247,0.2540983606557377,0.1504247876061968,0.3375345295211739,-0.1637274374726857,0.4560869278451197,0.2667273893166998,0.0936076106227038,-1.3665542533068549,0.4315058610203645,0.0695260626486102,1.2158025560795132,3.737669618283368,1.2530486419725286,6.388342894278824,0
mp-868319,Li5Fe5Si7O24,P1,-2.646,0.072,2.598,41,2.546,583.402,True,Triclinic,Medium,0.0043640577166344,0.3484069886947587,0.3789473684210526,0.6795710175255035,0.2540983606557377,0.1729135432283857,0.3300374068320646,-0.1582789638000408,0.4560869278451197,0.4739693418791942,0.0936076106227038,-1.2392363116305427,0.3956863015875999,0.0695260626486102,1.2803781355283412,3.737669618283368,1.2658202076520162,6.370589102184172,0
mp-863852,Li5Fe5Si7O24,P1,-2.646,0.073,2.391,41,2.55,582.533,True,Triclinic,Medium,0.004377434411441,0.3484069886947587,0.3842105263157895,0.625425058854303,0.2540983606557377,0.1749125437281358,0.3294150339225464,-0.1582789638000408,0.4890406220759129,0.2833067455216992,0.0936076106227038,-1.2279191612593148,0.3927127443515402,0.0704584636485614,1.2211248631435017,3.737669618283368,1.2669476034873244,6.3691010053973445,0
mp-772382,Li2FeSi3O8,P1,-2.833,0.076,3.041,14,2.524,185.499,True,Triclinic,Medium,0.013606542353328,0.1562178828365876,0.4,0.7954486005754643,0.0327868852459016,0.1619190404797601,0.0450615175156076,-1.1771435405847654,0.5879017047682926,0.8820057195911284,-1.0752743266618936,-1.3014806386722948,-0.965864152842602,0.0732504617395926,1.3964921860963366,2.70805020110221,1.259596708073933,5.2284258771392,0
mp-766744,Li2Fe2Si4O11,P1,-2.768,0.081,0.0,38,2.958,464.73,True,Triclinic,Medium,0.0063649861209734,0.2230215827338133,0.4263157894736842,0.0,0.2295081967213114,0.3788105947026488,0.2450451882839195,-0.8229927518628007,0.7526701759222586,-1.918984403709078,-0.0362681601866958,-0.0735698233940803,-0.0103873282371084,0.0778865386570712,0.0,3.6635616461296463,1.375738847180374,6.143606067067469,0
mp-779820,Li3Fe4(Si3O10)2,P1,-2.633,0.082,0.054,33,2.777,438.109,True,Triclinic,Medium,0.0063386052329443,0.3617677286742036,0.4315789473684211,0.0141250326968349,0.1885245901639344,0.2883558220889557,0.2259793778992443,-0.0874488060556488,0.7856238701530519,-1.86924633509408,-0.252727778202362,-0.5856708776921375,-0.1014794653845701,0.0788111804242897,0.0525924501191705,3.5263605246161616,1.3289300437303198,6.084747673827675,0
mp-868418,Li2FeSi3O8,P1,-2.826,0.082,0.0,28,2.507,373.616,True,Triclinic,Medium,0.0067100980686052,0.1634121274409046,0.4315789473684211,0.0,0.1475409836065573,0.1534232883558222,0.1797898542472832,-1.1390042248762458,0.7856238701530519,-1.918984403709078,-0.4691873962180282,-1.3495785277500123,-0.3221625802582127,0.0788111804242897,0.0,3.367295829986474,1.2547609711580412,5.925901501324222,0
mp-773385,Li3FeSiO5,P1,-2.486,0.083,2.254,20,3.575,171.619,True,Triclinic,Medium,0.0208310268676545,0.512846865364851,0.436842105263158,0.5895893277530735,0.0819672131147541,0.6871564217891057,0.0351207396282521,0.7134768238232501,0.8185775643838451,0.157119423294758,-0.8155227850430942,1.6721006213678045,-1.0133589450595273,0.0797349680188535,1.179885008796846,3.044522437723423,1.5206066987274849,5.151086853703245,0
mp-767276,Li5Fe5Si7O24,P1,-2.635,0.084,1.827,41,2.433,610.604,True,Triclinic,Medium,0.0039845792035427,0.3597122302158277,0.4421052631578948,0.477896939576249,0.2540983606557377,0.1164417791104446,0.349519326147039,-0.0983457534009387,0.8515312586146383,-0.2361797489016209,0.0936076106227038,-1.558945809617727,0.48876651325077,0.0806579030174544,1.0392160787114533,3.737669618283368,1.233434514475555,6.416085014255888,0
mp-762704,Li4Fe(SiO4)2,P1,-2.543,0.089,0.232,15,2.781,159.895,False,Triclinic,Medium,0.0173926639357078,0.4542651593011304,0.4684210526315789,0.060685325660476,0.040983606557377,0.2903548225887058,0.0267240768075492,0.4029138244824524,1.0162997297686038,-1.705294923733528,-1.0319824030587603,-0.5743537273209097,-1.053476304133823,0.0852598439508234,0.208638865111328,2.772588722239781,1.329988524908796,5.080751978313505,0
mp-767753,Li2Fe2Si8O19,P1,-2.927,0.091,3.508,31,2.776,391.367,True,Triclinic,Medium,0.007093086540255,0.0596094552929087,0.4789473684210527,0.9176039759351295,0.1721311475409836,0.2878560719640179,0.1925030205497651,-1.6893000658134492,1.0822071182301904,1.3121479055763952,-0.3393116254086285,-0.5885001652849454,-0.261421942171567,0.0870947068509337,1.50585359617753,3.4657359027997265,1.3286652482832542,5.972197626295458,0
mp-762705,Li3FeSiO5,P1,-2.474,0.094,2.173,20,3.615,169.712,True,Triclinic,Medium,0.0213007919298576,0.5251798561151078,0.4947368421052632,0.5684017787078212,0.0819672131147541,0.707146426786607,0.0337549569602991,0.7788585078949971,1.18106820092257,0.0825123203722599,-0.8155227850430942,1.7852721250800825,-1.0198843462668523,0.0898407039997894,1.1546775126010584,3.044522437723423,1.5293118679548154,5.139977926099324,0
mp-762768,Li9Fe4(SiO5)4,P1,-2.391,0.094,0.005,37,2.617,455.754,False,Triclinic,Medium,0.0057421328172654,0.6104830421377185,0.4947368421052632,0.001307873397855,0.221311475409836,0.2083958020989504,0.2386166275982637,1.231081822724581,1.18106820092257,-1.9143790269854672,-0.079560083789829,-1.038356892541249,-0.0411015396880537,0.0898407039997894,0.004987541511039,3.6375861597263857,1.285644952969961,6.124144952745768,0
mp-778793,Li4Fe3(SiO4)3,P1,-2.524,0.099,0.976,22,3.031,258.368,True,Triclinic,Medium,0.0117313289571463,0.4737923946557041,0.5210526315789474,0.2552968872613131,0.0983606557377049,0.4152923538230886,0.0972498852298518,0.5064348242627191,1.345836672076536,-1.020014867260212,-0.7289389378368277,0.1329681708808265,-0.7165199155187457,0.0944006754214843,0.681074599325676,3.1354942159291497,1.3940144841350288,5.558247902668974,0
mp-761351,Li2Fe(Si2O5)3,P1,-2.882,0.104,0.189,24,2.624,302.599,False,Triclinic,Medium,0.0086715422060218,0.1058581706063721,0.5473684210526316,0.0494376144389223,0.1147540983606557,0.2118940529735133,0.1289278785105162,-1.4441187505443984,1.5106051432305017,-1.7449011635565823,-0.6423550906305613,-1.0185518793916002,-0.5651696161998107,0.0989399478549035,0.1731126177086447,3.218875824868201,1.287578388180733,5.7157077517084085,0
mp-761343,Li16Fe4SiO16,P1,-2.132,0.106,2.139,37,2.668,384.899,True,Triclinic,Medium,0.0069316885728463,0.8766700924974309,0.5578947368421053,0.5595082396024065,0.221311475409836,0.2338830584707647,0.1878706753498072,2.642236503939785,1.576512531692088,0.0511957586517049,-0.079560083789829,-0.8940632253080945,-0.2835542415994542,0.100749903100143,1.1439042778598163,3.6375861597263857,1.2996465543942184,5.9555756771953074,0
mp-762762,LiFe2(SiO4)2,P1,-2.426,0.114,0.0,39,2.753,547.911,False,Triclinic,Medium,0.0050245386568256,0.5745118191161356,0.6000000000000001,0.0,0.2377049180327869,0.2763618190904549,0.304618952365196,1.040385244181985,1.8401420855384336,-1.918984403709078,0.0070237634164374,-0.6535737799195043,0.2742426653793219,0.1079571415050922,0.0,3.688879454113936,1.3225555201528838,6.307936315435204,0
mp-761348,Li7Fe7SiO16,P1,-2.087,0.118,1.492,31,3.233,371.607,True,Triclinic,Medium,0.0087000513983859,0.9229188078108944,0.6210526315789474,0.3902694219199581,0.1721311475409836,0.5162418790604699,0.178351019753357,2.887417819208836,1.9719568624616064,-0.5447399893835575,-0.3393116254086285,0.7044842646278292,-0.3290370065956623,0.1115413747329074,0.9130856009252069,3.4657359027997265,1.4429109615387867,5.920524244893861,0
mp-763462,Li2Co3(SiO4)2,P1,-2.343,0.024,2.47,45,3.408,547.959,True,Triclinic,Low,0.0062194434255117,0.6598150051387464,0.1263157894736842,0.6460894585404133,0.2868852459016393,0.6036981509245378,0.3046533296950658,1.492608559011569,-1.1256903952329531,0.3560716977547531,0.2667753050352368,1.199609593369044,0.2744069124993805,0.023716526617316,1.244154593958768,3.828641396489095,1.4834210718506131,6.3080237574821325,0
mp-762851,Li3Co2(SiO4)2,P1,-2.441,0.055,0.376,15,3.088,173.602,True,Triclinic,Medium,0.0177878135044527,0.5590955806783149,0.2894736842105263,0.0983520795187025,0.040983606557377,0.4437781109445278,0.0365409530684989,0.9586581390923032,-0.1041258740783642,-1.5726600740935317,-1.0319824030587603,0.2942375636708221,-1.006573485912109,0.0535407669280298,0.3191807395111519,2.772588722239781,1.4080558529014031,5.16250909809362,0
mp-764452,Li3Co2(SiO4)2,P1,-2.439,0.057,0.23,15,3.024,177.312,True,Triclinic,Medium,0.0170546832701678,0.5611510791366907,0.3,0.060162176301334,0.040983606557377,0.4117941029485259,0.0391980341896869,0.9695550864375932,-0.0382184856167778,-1.7071370744229724,-1.0319824030587603,0.1131631577311775,-0.9938785522575851,0.0554347068881005,0.2070141693843261,2.772588722239781,1.3922764327974382,5.183534824903892,0
mp-770682,Li2Co(Si2O5)2,P1,-2.862,0.07,3.06,34,2.74,418.368,True,Triclinic,Medium,0.0065492580694508,0.1264131551901335,0.368421052631579,0.8004185194873137,0.1967213114754098,0.269865067466267,0.2118409847959096,-1.3351492770914868,0.3901795393835337,0.8995061511408502,-0.2094358545992288,-0.6903545186259943,-0.1690295153236422,0.0676586484738148,1.4011829736136414,3.555348061489413,1.3190856114264409,6.0387488160814256,0
mp-764961,Li6Co(SiO4)2,P1,-2.545,0.071,2.685,17,2.753,171.772,True,Triclinic,Medium,0.0160270591248864,0.4522096608427546,0.3736842105263158,0.7023280146481821,0.0573770491803278,0.2763618190904549,0.0352303173672121,0.3920168771371625,0.4231332336143265,0.5541028968700257,-0.945398555852494,-0.6535737799195043,-1.0128354073643406,0.0685927914656117,1.3042705256413,2.8903717578961645,1.3225555201528838,5.151972806203499,0
mp-849520,LiCo3(SiO4)2,P1,-2.25,0.076,0.005,42,3.318,552.402,True,Triclinic,Medium,0.0060064952697492,0.7553956834532376,0.4,0.001307873397855,0.2622950819672131,0.5587206396801601,0.3078353812911409,1.999316610567608,0.5879017047682926,-1.9143790269854672,0.1368995342258371,0.9449737100164194,0.2896100365497986,0.0732504617395926,0.004987541511039,3.7612001156935615,1.4627923320926155,6.316084681368702,0
mp-849656,Li5Co4(Si3O10)2,P1,-2.529,0.082,0.176,35,2.94,428.648,True,Triclinic,Medium,0.0068587745656109,0.4686536485097639,0.4315789473684211,0.046037143604499,0.2049180327868852,0.3698150924537731,0.2192034629430289,0.4791924558994918,0.7856238701530519,-1.7568751430379712,-0.1661439309960955,-0.124497000064606,-0.1338532571111067,0.0788111804242897,0.1621188494764351,3.58351893845611,1.3711807233098423,6.062966268796693,0
mp-763557,LiCoSiO4,P1,-2.348,0.087,1.333,14,2.451,214.044,True,Triclinic,Medium,0.0114509166339631,0.6546762589928061,0.4578947368421052,0.3486790478681664,0.0327868852459016,0.1254372813593203,0.0655052858725646,1.4653661906483415,0.9503923413070174,-0.6911909691943872,-1.0752743266618936,-1.5080186329472016,-0.8681884436327942,0.0834216081390723,0.8471549930392929,2.70805020110221,1.2386640441158665,5.370842658352261,0
mp-767320,Li3Co2(SiO4)2,P1,-2.406,0.09,0.323,15,3.043,176.207,False,Triclinic,Medium,0.017269461485639,0.5950668036998974,0.4736842105263158,0.0844886215014386,0.040983606557377,0.4212893553223389,0.0384066394083088,1.1493547176348968,1.0492534239993971,-1.621477067363808,-1.0319824030587603,0.1669196219945098,-0.9976596578339326,0.0861776962410523,0.2799018851328186,2.772588722239781,1.396986990658634,5.177318540776747,0
