materials_id,formula,spacegroup,formation_energy_ev,e_above_hull_ev,band_gap_ev,nsites,density_gm_cc,volume,has_bandstructure,crystal_system,stability_category,density_volume_index,formation_energy_ev_normalized,e_above_hull_ev_normalized,band_gap_ev_normalized,nsites_normalized,density_gm_cc_normalized,volume_normalized,formation_energy_ev_standardized,e_above_hull_ev_standardized,band_gap_ev_standardized,nsites_standardized,density_gm_cc_standardized,volume_standardized,e_above_hull_ev_log,band_gap_ev_log,nsites_log,density_gm_cc_log,volume_log
mp-849394,Li2MnSiO4,Pc,-2.699,0.006,3.462,16,2.993,178.513,True,Monoclinic,Low,0.016766285928755887,0.29393627954779067,0.031578947368421054,0.9055715406748628,0.04918032786885246,0.3963018490754624,0.040058183630804656,-0.44704806845025613,-1.7188568913872304,1.2697784397191743,-0.9886904794556272,0.025455242354161866,-0.9897689524411207,0.005982071677547464,1.4955970960103406,2.833213344056216,1.3845428280810843,5.190247628704214
mp-783909,Li2MnSiO4,P21/c,-2.696,0.008,2.879,32,2.926,365.272,True,Monoclinic,Low,0.008010468910839046,0.29701952723535463,0.04210526315789474,0.7530735024849595,0.18032786885245902,0.36281859070464795,0.1738139284049134,-0.4307026474323212,-1.652949502925644,0.7327915137461323,-0.2960197018054953,-0.16410702636390267,-0.3507142046283873,0.007968169649176874,1.3555773884578302,3.4965075614664802,1.3676210958542694,5.903376226786637
mp-761311,Li4MnSi2O7,Cc,-2.775,0.012,3.653,28,2.761,301.775,True,Monoclinic,Low,0.00914920056333361,0.2158273381294964,0.06315789473684211,0.9555323044729271,0.14754098360655737,0.2803598200899551,0.128337734347751,-0.8611320675713204,-1.5211347260024712,1.445703830561114,-0.46918739621802824,-0.6309394791770486,-0.5679891917608154,0.011928570865273802,1.5375121728625116,3.367295829986474,1.3246848794881994,5.712989955407114
mp-761598,Li4Mn2Si3O10,C2/c,-2.783,0.013,3.015,38,2.908,436.183,True,Monoclinic,Low,0.0066669264964475915,0.20760534429599176,0.06842105263157895,0.7886476589066179,0.22950819672131148,0.35382308845577226,0.22459998753821792,-0.9047198569524851,-1.4881810317716782,0.8580577606283514,-0.03626816018669584,-0.21503420303442833,-0.10806988107691866,0.012916225266546327,1.390037347398725,3.6635616461296463,1.3630257341805363,6.08035187174035
mp-767709,Li2Mn3Si3O10,C2/c,-2.747,0.016,2.578,36,3.334,421.286,True,Monoclinic,Low,0.00791386374102154,0.24460431654676285,0.08421052631578949,0.6743395239340831,0.21311475409836064,0.5667166416791607,0.21393083997424567,-0.7085748047372441,-1.3893199490792985,0.45554783498475027,-0.12285200739296233,0.9902423115013306,-0.15904465915008398,0.01587334915629015,1.2748039850865274,3.6109179126442243,1.4664909031141673,6.045682809602536
mp-761517,Li4MnSi2O7,C2,-2.763,0.024,3.293,14,2.792,149.207,True,Monoclinic,Low,0.018712258808232858,0.22816032887975357,0.12631578947368421,0.8613654198273608,0.032786885245901634,0.2958520739630184,0.019069391356536583,-0.7957503834995734,-1.1256903952329531,1.1141167064611226,-1.0752743266618936,-0.5432315638000342,-1.0900486628668564,0.023716526617316044,1.4569857892424236,2.70805020110221,1.3328935843927754,5.012014342771374
mp-850949,LiMnSiO4,P21,-2.65,0.027,1.052,28,3.507,291.575,False,Monoclinic,Low,0.012027780159478694,0.3442959917780062,0.14210526315789473,0.27517656290871045,0.14754098360655737,0.6531734132933535,0.12103255175041483,-0.18007285849062316,-1.0268293125405734,-0.9500131410613248,-0.46918739621802824,1.4797090650569322,-0.6028917047732533,0.026641930946421175,0.7188149273085231,3.367295829986474,1.5056317437085112,5.67872104406083
mp-853204,Li2MnSiO4,P21/c,-2.676,0.029,3.384,32,2.927,365.179,False,Monoclinic,Low,0.008015247317069164,0.317574511819116,0.15263157894736845,0.8851687156683233,0.18032786885245902,0.36331834082958525,0.1737473223282906,-0.32173317397940954,-0.9609219240789871,1.1979345628308424,-0.2960197018054953,-0.16127773877109602,-0.3510324334235008,0.028587456851912555,1.4779615496457146,3.4965075614664802,1.3678757755958726,5.903122284883357
mp-767360,LiMn(SiO3)2,C2/c,-2.822,0.038,0.612,20,3.255,218.36,True,Monoclinic,Low,0.014906576296024912,0.1675231243576567,0.2,0.16008370389746274,0.0819672131147541,0.5272363818090955,0.06859638078335908,-1.1172103301856635,-0.6643386760018485,-1.3552862927390923,-0.8155227850430942,0.7667285916695814,-0.8534198900875313,0.037295784743696894,0.47747564408443655,3.044522437723423,1.4480947620253375,5.390714215814004
mp-764791,Li2Mn(SiO3)2,Cc,-2.823,0.04,3.447,22,2.7,271.853,True,Monoclinic,Low,0.009931838162536372,0.16649537512846857,0.2105263157894737,0.9016479204812975,0.09836065573770492,0.24987506246876579,0.10690776634015364,-1.1226588038583085,-0.5984312875402621,1.2559623095483412,-0.7289389378368277,-0.8035260223382721,-0.6703767402273021,0.039220713153281295,1.4922297115285594,3.1354942159291497,1.308332819650179,5.608933188624023
mp-782667,Li2MnSiO4,P21/c,-2.66,0.044,2.785,32,2.977,358.984,True,Monoclinic,Low,0.00829284870634903,0.3340184994861253,0.23157894736842105,0.7284854826052839,0.18032786885245902,0.38830584707646176,0.1693104981919673,-0.2345575952170802,-0.4666165106170894,0.6462104313422457,-0.2960197018054953,-0.019813359130749292,-0.3722305773560549,0.04305948946044697,1.3310458868894122,3.4965075614664802,1.3805277662255535,5.886059586018027
mp-767686,Li2Mn(SiO3)2,C2/c,-2.818,0.045,3.397,22,2.702,271.581,True,Monoclinic,Low,0.00994914960914055,0.17163412127440925,0.2368421052631579,0.8885691865027465,0.09836065573770492,0.2508745627186406,0.10671296147089135,-1.095416435495081,-0.4336628163862962,1.209908542312231,-0.7289389378368277,-0.7978674471526589,-0.6713074739076338,0.04401688541677433,1.480922490198673,3.1354942159291497,1.3088732141513058,5.607935817640374
mp-772591,Li2Mn2Si2O7,P21/c,-2.697,0.049,2.461,52,3.047,636.288,True,Monoclinic,Low,0.004788712029772681,0.2959917780061665,0.2578947368421053,0.6437352864242741,0.34426229508196726,0.42328835582208924,0.36791406240488045,-0.4361511211049662,-0.30184803946312333,0.347782019652253,0.5698187702571695,0.17823677236573765,0.5766524097420889,0.04783732941416013,1.241557564653207,3.970291913552122,1.3979758658937287,6.457221672706287
mp-849242,Li10Mn(SiO5)2,C2/m,-2.496,0.052,0.988,46,2.4,471.249,True,Monoclinic,Medium,0.00509284900339311,0.5025693730729701,0.2736842105263158,0.25843578341616535,0.29508196721311475,0.09995002498750627,0.24971405939686409,0.6589920870967955,-0.20298695677074394,-1.0089619631235456,0.3100672286383701,-1.6523123001803564,0.011919483755840827,0.050693114315518116,0.6871291082343823,3.8501476017100584,1.2237754316221157,6.157506388856878
mp-780126,Li3MnSi2O7,P21,-2.721,0.058,0.921,78,2.89,840.856,False,Monoclinic,Medium,0.0034369737505589542,0.2713257965056526,0.3052631578947369,0.24091027988490718,0.5573770491803279,0.3448275862068968,0.5144245127550637,-0.5669144892484601,-0.005264791385984631,-1.0706740112199329,1.6954087839386338,-0.26596137970495276,1.2766462609115385,0.05638033343610764,0.6528458837864196,4.3694478524670215,1.358409157630355,6.735608978238831
mp-868532,Li5Mn(SiO4)2,C2,-2.649,0.067,0.584,16,2.588,175.701,False,Monoclinic,Medium,0.014729568983671124,0.3453237410071943,0.35263157894736846,0.15275961286947423,0.04918032786885246,0.19390304847576223,0.03804424505593118,-0.17462438481797818,0.2913184566911541,-1.3810764023913138,-0.9886904794556272,-1.1204062327326503,-0.9993910962245498,0.06485097231961633,0.4599532933922341,2.833213344056216,1.2775949441965497,5.174459038619201
mp-850142,Li2Mn(Si2O5)2,P21/c,-2.942,0.069,3.823,68,2.31,980.879,False,Monoclinic,Medium,0.002355030538934976,0.04419321685508715,0.3631578947368422,1.0,0.47540983606557385,0.054972513743128504,0.614708197345927,-1.7710271709031333,0.35722584515274053,1.602286639163888,1.2624895479073015,-1.906948183532981,1.755779062827282,0.06672363204290818,1.573396141086835,4.23410650459726,1.1969481893889715,6.889468082839907
mp-767853,Li2Mn2Si3O10,Cc,-2.712,0.073,1.262,34,2.847,429.302,True,Monoclinic,Medium,0.006631695170299695,0.28057553956834536,0.3842105263157895,0.33010724561862415,0.19672131147540986,0.32333833083458274,0.21967185406250517,-0.5178782261946505,0.4890406220759129,-0.7565873186696632,-0.2094358545992288,-0.3876207461956518,-0.13161539010030923,0.07045846364856141,0.8162493776939287,3.5553480614894135,1.347293623770158,6.064487287753808
mp-849428,Li2Mn2(SiO3)3,P21/c,-2.769,0.077,3.188,64,2.517,929.064,False,Monoclinic,Medium,0.0027091782697424506,0.22199383350462476,0.4052631578947369,0.833900078472404,0.4426229508196722,0.15842078960519745,0.5775985859458312,-0.8284412255354482,0.6208553989990858,1.017403795265292,1.0893218534947684,-1.3212856518219438,1.578477718539099,0.07417939817425151,1.4322232930082905,4.174387269895637,1.2576083534918454,6.835253400983808
mp-761329,LiMn(SiO3)2,C2/c,-2.782,0.078,1.497,20,3.104,228.983,True,Monoclinic,Medium,0.013555591463121717,0.2086330935251799,0.41052631578947374,0.39157729531781327,0.0819672131147541,0.4517741129435284,0.07620451360017302,-0.8992713832798401,0.653809093229879,-0.5401346126599463,-0.8155227850430942,0.33950616515573334,-0.8170699493295777,0.07510747248680541,0.9150900112976362,3.044522437723423,1.4119621078684685,5.438005393148013
mp-761653,Li2MnSi3O8,P21,-2.871,0.082,2.736,28,2.672,349.386,True,Monoclinic,Medium,0.0076477019685963375,0.11716341212744075,0.4315789473684211,0.715668323306304,0.14754098360655737,0.23588205897051484,0.16243646460674843,-1.3841855401452965,0.7856238701530519,0.601077739450858,-0.46918739621802824,-0.8827460749368666,-0.40507315773775854,0.07881118042428978,1.3180155203665962,3.367295829986474,1.300736472758244,5.859035403926141
mp-769543,Li3Mn2(SiO4)2,P21,-2.612,0.083,0.0,30,2.887,362.254,True,Monoclinic,Medium,0.007969546229993319,0.3833504624871531,0.436842105263158,0.0,0.1639344262295082,0.343328335832084,0.17165245378934862,0.026969141069907804,0.8185775643838451,-1.918984403709078,-0.3826035490117618,-0.27444924248337393,-0.36104124230206736,0.07973496801885356,0.0,3.4339872044851463,1.3576376518700861,5.895102314089695
mp-849217,Li4Mn(SiO3)3,C2,-2.794,0.083,2.862,34,2.649,389.814,True,Monoclinic,Medium,0.006795548646277455,0.19630010277492316,0.436842105263158,0.7486267329322522,0.19672131147540986,0.22438780609695153,0.19139077068960209,-0.9646530673515872,0.8185775643838451,0.717133232885855,-0.2094358545992288,-0.9478196895714267,-0.26673602086846077,0.07973496801885356,1.3511851840063227,3.5553480614894135,1.2944531574543106,5.968231743477835
mp-767695,Li2MnSi3O8,P21,-2.868,0.085,3.261,28,2.628,355.18,True,Monoclinic,Medium,0.00739906526268371,0.12024665981500515,0.44736842105263164,0.8529950300810882,0.14754098360655737,0.21389305347326348,0.16658609479978426,-1.367840119127359,0.8844849528454315,1.0846422954300123,-0.46918739621802824,-1.0072347290203723,-0.38524716162069345,0.08157998699242289,1.449503874517775,3.367295829986474,1.2886815322528902,5.87543622104786
mp-767303,Li2Mn(SiO3)2,C2,-2.778,0.085,3.169,22,2.92,251.377,True,Unknown,Medium,0.011616018967526861,0.21274409044193243,0.44736842105263164,0.8289301595605546,0.09836065573770492,0.35982008995502257,0.0922429703731874,-0.8774774885892578,0.8844849528454315,0.9999033637155699,-0.7289389378368277,-0.18108275192074497,-0.7404418241922704,0.08157998699242289,1.42767619889866,3.1354942159291497,1.366091653802371,5.530924001316807
mp-780037,LiMn2Si2O7,Cc,-2.653,0.085,0.716,24,3.281,288.498,True,Monoclinic,Medium,0.011372695824581107,0.3412127440904422,0.44736842105263164,0.18728747057284856,0.11475409836065573,0.5402298850574714,0.1188288216668851,-0.1964182795085605,0.8844849528454315,-1.2594944568879838,-0.6423550906305613,0.8402900690825627,-0.6134206295320054,0.08157998699242289,0.5399960010657705,3.2188758248682006,1.4541866271628092,5.668148388526319
mp-774171,Li3Mn2(SiO4)2,Pc,-2.608,0.087,0.0,30,2.892,361.543,True,Monoclinic,Medium,0.007999048522582375,0.38746145940390564,0.45789473684210524,0.0,0.1639344262295082,0.3458270864567716,0.17114323959065192,0.04876303576049014,0.9503923413070174,-1.918984403709078,-0.3826035490117618,-0.2603028045193395,-0.36347415276793443,0.08342160813907239,0.0,3.4339872044851463,1.3589231643237587,5.893143087949507
mp-778631,Li3Mn2(SiO4)2,Pc,-2.607,0.087,0.37,30,2.911,359.241,True,Monoclinic,Medium,0.008103195347969747,0.38848920863309333,0.45789473684210524,0.0967826314412765,0.1639344262295082,0.35532233883058484,0.1694945601456453,0.054211509433135116,0.9503923413070174,-1.5781865261618644,-0.3826035490117618,-0.20654634025600718,-0.37135117090074155,0.08342160813907239,0.31481073984003355,3.4339872044851463,1.363793095773377,5.886773251916623
mp-780872,LiMnSiO4,P21/c,-2.589,0.088,0.982,56,3.361,608.454,True,Monoclinic,Medium,0.005523835819963383,0.4069886947584789,0.4631578947368421,0.2568663353387392,0.3770491803278688,0.5802098950524739,0.34797950824662005,0.1522840355407568,0.9833460355378107,-1.014488415191879,0.7429864646697025,1.0666330765071184,0.48140961099814794,0.08434114843375087,0.6841064359077962,4.04305126783455,1.4727013888606295,6.412563474375081
mp-761765,Li3Mn3SiO8,P2/m,-2.329,0.088,0.915,15,3.853,147.276,True,Monoclinic,Medium,0.026161764306472202,0.6742034943473794,0.4631578947368421,0.23934083180748106,0.04098360655737705,0.8260869565217395,0.017686420023648744,1.568887190428606,0.9833460355378107,-1.0762004632882662,-1.0319824030587603,2.4586425721681353,-1.096656187634211,0.08434114843375087,0.6497176226326093,2.772588722239781,1.579597070423079,4.999075401927305
mp-780287,Li3Mn2(SiO4)2,P21,-2.605,0.089,0.0,30,2.898,360.853,True,Monoclinic,Medium,0.008030971060237825,0.3905447070914696,0.46842105263157896,0.0,0.1639344262295082,0.348825587206397,0.17064906547377334,0.06510845677842748,1.0162997297686038,-1.918984403709078,-0.3826035490117618,-0.2433270789624972,-0.36583520511877576,0.08525984395082342,0.0,3.4339872044851463,1.360463601085369,5.8912380520059715
mp-774356,Li3Mn2(SiO4)2,Pc,-2.604,0.09,0.0,30,2.91,359.343,True,Monoclinic,Medium,0.008098112388442241,0.39157245632065774,0.4736842105263158,0.0,0.1639344262295082,0.3548225887056473,0.16956761197161863,0.07055693045107247,1.0492534239993971,-1.918984403709078,-0.3826035490117618,-0.2093756278488138,-0.371002145770617,0.08617769624105233,0.0,3.4339872044851463,1.3635373739972745,5.887056355623287
mp-850760,Li2MnSi4O11,C2/c,-2.832,0.091,1.37,36,2.868,413.524,True,Monoclinic,Medium,0.006935510393592633,0.15724563206577624,0.4789473684210527,0.35835731101229407,0.21311475409836064,0.3338330834582708,0.20837173925654728,-1.171695066912118,1.0822071182301904,-0.6571111814396656,-0.12285200739296233,-0.32820570674670624,-0.18560478718954895,0.08709470685093376,0.8628899551470398,3.6109179126442243,1.352737577591048,6.027130873984792
mp-775353,Li5Mn(SiO3)4,C2,-2.79,0.091,1.342,132,2.584,1518.85,False,Monoclinic,Medium,0.001701287158047207,0.20041109969167525,0.4789473684210527,0.3510332199843056,1.0,0.19190404797601213,1.0,-0.9428591726610048,1.0822071182301904,-0.6829012910918872,4.033172658507828,-1.131723383103878,3.5966163008482823,0.08709470685093376,0.8510052651755257,4.890349128221754,1.276479495112684,7.326366924760189
mp-769538,Li3Mn2(SiO4)2,P21,-2.601,0.093,0.0,30,3.001,348.469,True,Monoclinic,Medium,0.008611956874212626,0.39465570400822214,0.48947368421052634,0.0,0.1639344262295082,0.4002998500749626,0.16177971436736044,0.08690235146900982,1.1481145066917768,-1.918984403709078,-0.3826035490117618,0.04808954309661744,-0.40821096209387686,0.08892620919440151,0.0,3.4339872044851463,1.386544329875098,5.856414859599752
mp-767011,Li7Mn3(SiO6)2,C2/m,-2.439,0.095,1.291,24,3.671,208.787,True,Monoclinic,Medium,0.01758251232116942,0.5611510791366907,0.5,0.3376929113261836,0.11475409836065573,0.7351324337831084,0.061740252057447376,0.9695550864375931,1.2140218951533632,-0.7298761336727195,-0.6423550906305613,1.9437122302772702,-0.8861769250942048,0.09075436326846414,0.8289884034713584,3.2188758248682006,1.541373181519971,5.346092730267339
mp-510708,LiFe(SiO3)2,C2/c,-2.82,0.0,2.703,20,3.287,217.186,True,Monoclinic,Low,0.015134493015203558,0.16957862281603298,0.0,0.7070363588804603,0.0819672131147541,0.5432283858070965,0.06775556859029314,-1.106313382840371,-1.9165790567719896,0.5706822530750251,-0.8155227850430942,0.8572657946394038,-0.857437100898963,0.0,1.3091433019314755,3.044522437723423,1.45558718761584,5.385347910020655
mp-19061,LiFe(SiO3)2,P21/c,-2.82,0.001,2.755,40,3.309,431.516,True,Monoclinic,Low,0.007668313573540727,0.16957862281603298,0.005263157894736843,0.7206382422181533,0.24590163934426232,0.5542228885557223,0.2212575084027505,-1.106313382840371,-1.8836253625411963,0.6185781710005794,0.05031568701957064,0.9195101216811572,-0.1240394916876095,0.0009995003330835331,1.3230882852160981,3.713572066704308,1.460705858633701,6.069619319907318
mp-646320,Li2FeSiO4,P21/c,-2.625,0.001,3.443,32,3.067,350.466,False,Monoclinic,Low,0.008751205537769712,0.36998972250770823,0.005263157894736843,0.9006016217630134,0.18032786885245902,0.43328335832083975,0.1632099545288193,-0.04386101667448417,-1.8836253625411963,1.2522780081694525,-0.2960197018054953,0.2348225242218766,-0.40137759753644164,0.0009995003330835331,1.4913298239537713,3.4965075614664802,1.4029056269250875,5.862112978264981
mp-763629,Li2FeSiO4,Pc,-2.621,0.005,3.027,16,3.073,174.862,True,Monoclinic,Low,0.0175738582424998,0.3741007194244603,0.026315789473684213,0.7917865550614701,0.04918032786885246,0.4362818590704649,0.037443357977581665,-0.02206712198390184,-1.7518105856180237,0.8691106647650177,-0.9886904794556272,0.2517982497787176,-1.0022619990105726,0.004987541511039074,1.393021681869317,2.833213344056216,1.4043798286662756,5.169699596569004
mp-763264,Li2FeSiO4,P21,-2.619,0.007,3.401,32,3.005,357.648,True,Monoclinic,Low,0.008402116047063033,0.3761562178828366,0.0368421052631579,0.8896154852210306,0.18032786885245902,0.4022988505747127,0.16835366251059075,-0.011170174638611884,-1.6859031971564373,1.2135928436911199,-0.2960197018054953,0.05940669346784523,-0.3768021221976839,0.006975613736425242,1.4818317878289544,3.4965075614664802,1.3875435805203225,5.882341406089587
mp-868123,LiFe(Si2O5)2,P2/c,-2.985,0.009,3.362,32,2.43,457.962,False,Monoclinic,Low,0.005306117101418896,0.0,0.04736842105263158,0.879414072717761,0.18032786885245902,0.11494252873563227,0.24019798477227522,-2.005311538826892,-1.619995808694851,1.1776709052469543,-0.2960197018054953,-1.5674336723961473,-0.03354617216536142,0.008959741371471902,1.4729306677794374,3.4965075614664802,1.2325602611778486,6.12896741796235
mp-761968,Li4FeSi2O7,Cc,-2.731,0.011,3.415,28,2.81,297.609,True,Monoclinic,Low,0.00944191875917731,0.2610483042137721,0.05789473684210526,0.8932775307350249,0.14754098360655737,0.30484757621189407,0.1253540685927998,-0.6213992259749148,-1.5540884202332643,1.2264878985172307,-0.46918739621802824,-0.4923043871295085,-0.5822444730558954,0.010939940038334362,1.4850078340559234,3.367295829986474,1.3376291891386096,5.699135025307266
mp-762639,LiFeSiO4,Pc,-2.61,0.012,3.026,28,2.852,360.726,True,Monoclinic,Low,0.007906277895133703,0.38540596094552937,0.06315789473684211,0.791524980381899,0.14754098360655737,0.3258370814592704,0.17055810878849276,0.03786608841520018,-1.5211347260024712,0.8681895894202952,-0.46918739621802824,-0.37347430823161737,-0.3662697756239307,0.011928570865273802,1.3927733272175997,3.367295829986474,1.348592493935879,5.890887019150391
mp-762893,LiFeSiO4,Cc,-2.608,0.014,2.967,112,2.849,1444.106,False,Monoclinic,Low,0.001972846868581669,0.38746145940390564,0.0736842105263158,0.776092074287209,0.8360655737704918,0.324337831084458,0.9464687678377162,0.04876303576049014,-1.455227337540885,0.8138461440816858,3.1673341864451636,-0.38196217101003727,3.34085616039714,0.013902905168991422,1.378010141532193,4.727387818712341,1.3478133743016092,7.275937954257468
mp-762925,LiFeSiO4,Cc,-2.608,0.014,2.969,112,2.848,1444.706,False,Monoclinic,Low,0.0019713353443537992,0.38746145940390564,0.0736842105263158,0.776615223646351,0.8360655737704918,0.32383808095952027,0.9468984844610888,0.04876303576049014,-1.455227337540885,0.81568829477113,3.1673341864451636,-0.3847914586028452,3.3429092493978714,0.013902905168991422,1.3785141738009283,4.727387818712341,1.34755353280346,7.276353062544423
mp-767077,Li5Fe(SiO4)2,C2,-2.677,0.014,2.466,16,2.616,174.413,True,Monoclinic,Low,0.014998881964073778,0.3165467625899283,0.0736842105263158,0.6450431598221293,0.04918032786885246,0.20789605197401317,0.03712178670442444,-0.3271816476520545,-1.455227337540885,0.3523873963758643,-0.9886904794556272,-1.0411861801340556,-1.0037983939461201,0.013902905168991422,1.2430011912934145,2.833213344056216,1.28536844252993,5.167143193497192
mp-767027,Li4FeSi2O7,C2,-2.722,0.02,3.442,14,2.824,148.024,True,Monoclinic,Low,0.01907798735340215,0.27029804727646445,0.10526315789473685,0.9003400470834424,0.032786885245901634,0.31184407796101943,0.01822213341412006,-0.5723629629211051,-1.257505172156126,1.2513569328247303,-1.0752743266618936,-0.4526943608302119,-1.0940966700132988,0.019802627296179712,1.4911047254722358,2.70805020110221,1.341296995189155,5.004107366799967
mp-764348,LiFeSiO4,P21/c,-2.601,0.02,2.904,28,2.873,358.057,True,Monoclinic,Low,0.008023862122511221,0.39465570400822214,0.10526315789473685,0.7596128694742349,0.14754098360655737,0.33633183408295864,0.16864658600885646,0.08690235146900982,-1.257505172156126,0.7558183973641871,-0.46918739621802824,-0.31405926878267054,-0.3754025998621852,0.019802627296179712,1.362001668550846,3.367295829986474,1.3540294005326152,5.883481150258222
mp-761394,Li4Fe2Si3O10,C2/c,-2.71,0.021,3.159,38,2.978,427.934,True,Monoclinic,Low,0.006959017044684461,0.2826310380267216,0.1105263157894737,0.8263144127648444,0.22950819672131148,0.3888055972013995,0.21869210016121537,-0.5069812788493582,-1.2245514779253328,0.9906926102683477,-0.03626816018669584,-0.016984071537941403,-0.13629643302197736,0.020782539182528502,1.4252746607607745,3.6635616461296463,1.3807791804317806,6.061303060938638
mp-775228,LiFeSiO4,Pc,-2.599,0.023,0.401,14,2.87,179.222,True,Monoclinic,Low,0.01601365903739496,0.39671120246659797,0.12105263157894737,0.10489144650797803,0.032786885245901634,0.33483258370814606,0.040565965440756746,0.09779929881429977,-1.1586440894637462,-1.5496331904754763,-1.0752743266618936,-0.3225471315610917,-0.987342885605256,0.022739486969489426,0.33718626735486995,2.70805020110221,1.3532545070416904,5.194189424292756
mp-762554,Li2FeSiO4,P21/c,-2.603,0.023,3.448,32,3.028,354.961,False,Monoclinic,Low,0.008530514619915991,0.39260020554984587,0.12105263157894737,0.9019094951608685,0.18032786885245902,0.413793103448276,0.16642924823225325,0.07600540412371745,-1.1586440894637462,1.2568833848930632,-0.2960197018054953,0.12448030810240533,-0.38599653910596043,0.022739486969489426,1.4924545569482814,3.4965075614664802,1.393269974856316,5.874821174289131
mp-761644,Li2Fe3Si3O10,C2/c,-2.635,0.024,3.028,36,3.463,408.228,True,Monoclinic,Low,0.008483004595471159,0.35971223021582777,0.12631578947368421,0.7920481297410411,0.21311475409836064,0.6311844077961022,0.20457877386091078,-0.09834575340093879,-1.1256903952329531,0.8700317401097398,-0.12285200739296233,1.3552204109734265,-0.20372671943600684,0.023716526617316044,1.393269974856316,3.6109179126442243,1.4958211856471328,6.014272457933965
mp-764344,Li2FeSiO4,P21,-2.603,0.024,2.931,16,3.06,175.643,True,Monoclinic,Low,0.017421701975028896,0.39260020554984587,0.12631578947368421,0.7666753858226524,0.04918032786885246,0.42978510744627707,0.0380027057823385,0.07600540412371745,-1.1256903952329531,0.7806874316716866,-0.9886904794556272,0.21501751107222764,-0.9995895614946204,0.023716526617316044,1.3688938464397233,2.833213344056216,1.4011829736136414,5.174130746640161
mp-778685,LiFe(SiO3)2,Cc,-2.793,0.028,3.273,20,2.602,274.334,False,Monoclinic,Low,0.009484788615337508,0.19732785200411085,0.1473684210526316,0.8561339262359404,0.0819672131147541,0.2008995502248876,0.10868464457779983,-0.9592045936789422,-0.9938756183097803,1.0956951995666786,-0.8155227850430942,-1.0807962064333536,-0.6618872172092768,0.027615167032973367,1.4523161566618878,3.044522437723423,1.2814892467537642,5.617984906157443
mp-762645,LiFeSiO4,Pc,-2.59,0.032,2.839,28,2.843,361.8,True,Monoclinic,Low,0.007857932559425096,0.4059609455292912,0.16842105263157897,0.7426105153021187,0.14754098360655737,0.32133933033483264,0.1713273015443299,0.14683556186811184,-0.8620608413866075,0.6959484999572443,-0.46918739621802824,-0.3989378965668796,-0.362594746312621,0.03149866705937099,1.3452119160186606,3.367295829986474,1.346253311582707,5.893851718240982
mp-762786,Li3Fe2(SiO4)2,P21,-2.586,0.038,1.378,30,2.921,360.017,True,Monoclinic,Low,0.008113505751117307,0.4100719424460433,0.2,0.36044990844886216,0.1639344262295082,0.3603198400799601,0.17005032697854067,0.16862945655869419,-0.6643386760018485,-0.6497425786818882,-0.3826035490117618,-0.17825346432793834,-0.36869584245979525,0.037295784743696894,0.86625979826859,3.4339872044851463,1.3663467233101945,5.888925048636858
mp-765961,LiFeSi3O8,P21/c,-2.887,0.04,3.144,52,2.69,679.101,True,Monoclinic,Low,0.003961119185511433,0.10071942446043192,0.2105263157894737,0.8223907925712792,0.34426229508196726,0.2448775612193903,0.3985764920656406,-1.4713611189076257,-0.5984312875402621,0.976876480097515,0.5698187702571695,-0.8318188982663423,0.7231505753892948,0.039220713153281295,1.421661504957182,3.970291913552122,1.3056264580524357,6.522241316552516
mp-764784,LiFeSiO4,Cc,-2.577,0.045,3.01,14,2.366,217.361,True,Monoclinic,Low,0.01088511738536352,0.41932168550873605,0.2368421052631579,0.7873397855087627,0.032786885245901634,0.08295852073963017,0.0678809026054435,0.21766571961250383,-0.4336628163862962,0.8534523839047401,-1.0752743266618936,-1.7485080783357918,-0.8568382832737496,0.04401688541677433,1.3887912413184778,2.70805020110221,1.2137250957686143,5.386149656496403
mp-765881,LiFeSi3O8,C2/c,-2.879,0.049,3.186,52,2.656,687.841,True,Monoclinic,Low,0.0038613574939557254,0.10894141829393655,0.2578947368421053,0.8333769291132619,0.34426229508196726,0.22788605697151443,0.40483603087943654,-1.4277733295264612,-0.30184803946312333,1.0155616445758473,0.5698187702571695,-0.9280146764217778,0.7530572384999524,0.04783732941416013,1.431745624023808,3.970291913552122,1.2963696535919036,6.535010475151573
mp-762861,LiFeSiO4,P21/c,-2.572,0.05,3.028,84,2.857,1080.318,False,Monoclinic,Low,0.0026445916850408864,0.4244604316546763,0.26315789473684215,0.7920481297410411,0.6065573770491803,0.3283358320839582,0.6859258495318594,0.24490808797573113,-0.26889434523233013,0.8700317401097398,1.9551603255574332,-0.35932787026758173,2.0960409247335376,0.048790164169432,1.393269974856316,4.442651256490317,1.3498896792260908,6.9859359464419954
mp-762613,Li2Fe2Si2O7,P21/c,-2.598,0.051,3.159,52,3.149,619.645,True,Monoclinic,Medium,0.005081942079739206,0.39773895169578655,0.26842105263157895,0.8263144127648444,0.34426229508196726,0.4742628685657173,0.3559944394668935,0.10324777248694718,-0.23594065100153713,0.9906926102683477,0.5698187702571695,0.4668241068320456,0.5197031426767943,0.04974209189481407,1.4252746607607745,3.970291913552122,1.422867341350731,6.430759259859258
mp-780866,LiFe2Si2O7,P21/c,-2.598,0.051,2.01,48,2.911,654.481,True,Monoclinic,Medium,0.00444779909577207,0.39773895169578655,0.26842105263157895,0.5257651059377452,0.3114754098360656,0.35532233883058484,0.38094378661991346,0.10324777248694718,-0.23594065100153713,-0.06762296081745871,0.3966510758446366,-0.20654634025600718,0.6389054900592733,0.04974209189481407,1.1019400787607843,3.8918202981106265,1.363793095773377,6.485369317276421
mp-762862,LiFeSiO4,P21/c,-2.571,0.051,3.042,84,2.872,1074.67,False,Monoclinic,Medium,0.0026724482864507243,0.4254881808838644,0.26842105263157895,0.7957101752550353,0.6065573770491803,0.3358320839580211,0.6818807837171776,0.2503565616483761,-0.23594065100153713,0.8829267949358505,1.9551603255574332,-0.31688855637547847,2.076714513606651,0.04974209189481407,1.3967396189814292,4.442651256490317,1.3537711694143306,6.980699002232475
mp-767973,Li2Fe(SiO3)2,C2/c,-2.754,0.051,3.222,22,2.758,267.162,True,Monoclinic,Medium,0.010323324424880785,0.23741007194244634,0.26842105263157895,0.8427936175778186,0.09836065573770492,0.2788605697151425,0.10354809853975128,-0.7467141204457638,-0.23594065100153713,1.0487203569858463,-0.7289389378368277,-0.6394273419554698,-0.6864284743980225,0.04974209189481407,1.4403089494261287,3.1354942159291497,1.3238869009912735,5.591591275499796
mp-762796,LiFeSiO4,Cc,-2.57,0.052,2.899,14,2.719,189.186,True,Monoclinic,Medium,0.014372099415390143,0.42651593011305255,0.2736842105263158,0.7583049960763799,0.032786885245901634,0.2593703148425788,0.04770212616623301,0.2558050353210235,-0.20298695677074394,0.7512130206405763,-1.0752743266618936,-0.7497695580749411,-0.9532479209331062,0.050693114315518116,1.3607201100004602,2.70805020110221,1.313454814942933,5.248002540672424
mp-762565,Li10Fe(SiO5)2,C2/m,-2.476,0.055,1.715,46,2.399,472.581,True,Monoclinic,Medium,0.005076378440944516,0.5231243576567319,0.2894736842105263,0.4486005754642951,0.29508196721311475,0.09945027486256874,0.2506680303007515,0.7679615605497071,-0.10412587407836428,-0.3393401875105071,0.3100672286383701,-1.655141587773163,0.01647734133746504,0.05354076692802982,0.9987919533858988,3.8501476017100584,1.223481270713979,6.160322964521795
mp-764355,LiFeSiO4,Pc,-2.566,0.055,2.955,14,2.644,194.528,True,Monoclinic,Medium,0.013591873663431486,0.4306269270298051,0.2894736842105263,0.7729531781323569,0.032786885245901634,0.2218890554722639,0.051528036502994756,0.27759893001160585,-0.10412587407836428,0.8027932399450194,-1.0752743266618936,-0.9619661275354612,-0.9349685851965922,0.05354076692802982,1.3749806012196173,2.70805020110221,1.293081979397712,5.27570359167645
mp-763619,Li2Fe(SiO3)2,P21,-2.748,0.058,3.392,22,2.878,256.015,True,Monoclinic,Medium,0.0112415288166709,0.24357656731757427,0.3052631578947369,0.8872613131048915,0.09836065573770492,0.33883058470764627,0.09556467987185849,-0.7140232784098915,-0.005264791385984631,1.2053031655886202,-0.7289389378368277,-0.2999128308186361,-0.7245714462166151,0.05638033343610764,1.4797847042072294,3.1354942159291497,1.3553195568204601,5.54913444895076
mp-761624,LiFeSi3O8,C2,-2.868,0.059,3.215,26,2.59,352.651,True,Monoclinic,Medium,0.007344371630875851,0.12024665981500515,0.3105263157894737,0.8409625948208214,0.13114754098360656,0.19490254872563706,0.16477483923226827,-1.367840119127359,0.027688902844808357,1.0422728295727908,-0.5557712434242947,-1.114747657547037,-0.3939009317587773,0.05732506661926941,1.4386495914538187,3.295836866004329,1.2781522025001875,5.868310551132462
mp-767938,LiFeSiO4,P21/c,-2.562,0.059,2.871,28,2.843,361.839,True,Monoclinic,Medium,0.007857085609898324,0.4347379239465572,0.3105263157894737,0.7509809050483913,0.14754098360655737,0.32133933033483264,0.17135523312484913,0.2993928247021882,0.027688902844808357,0.7254229109883547,-0.46918739621802824,-0.3989378965668796,-0.3624612955275735,0.05732506661926941,1.3535128715955111,3.367295829986474,1.346253311582707,5.893959209707227
mp-762650,Li3Fe2(SiO4)2,P21,-2.564,0.06,1.331,30,3.026,347.513,True,Monoclinic,Medium,0.008707587917574306,0.4326824254881809,0.31578947368421056,0.34815589850902434,0.1639344262295082,0.41279360319840075,0.16109503254745322,0.2884958773568958,0.06064259707560157,-0.6930331198838315,-0.3826035490117618,0.11882173291679081,-0.41148221723504264,0.05826890812397577,0.8462973600536201,3.4339872044851463,1.3927733272175997,5.853675532230818
mp-763781,Li3Fe2(SiO4)2,Pc,-2.564,0.06,1.684,30,2.741,383.694,True,Monoclinic,Medium,0.007143713480012718,0.4326824254881809,0.31578947368421056,0.4404917603975935,0.1639344262295082,0.27036481759120456,0.18700766113120038,0.2884958773568958,0.06064259707560157,-0.3678935231968954,-0.3826035490117618,-0.6875252310331876,-0.2876775286759235,0.05826890812397577,0.9873082191094353,3.4339872044851463,1.319352955366009,5.952448213067867
mp-767668,Li9Fe5(SiO8)2,P2/m,-2.324,0.06,1.646,32,3.782,287.056,True,Monoclinic,Medium,0.013175129591438605,0.67934224049332,0.31578947368421056,0.43055192257389485,0.18032786885245902,0.7906046976511747,0.11779606938204598,1.5961295587918358,0.06064259707560157,-0.40289438629633895,-0.2960197018054953,2.257763153078842,-0.6183548867637637,0.05826890812397577,0.973049065692764,3.4965075614664802,1.564858869036133,5.663154905678519
mp-762656,LiFeSiO4,Pc,-2.561,0.061,2.724,28,2.895,355.354,True,Monoclinic,Medium,0.008146805720492804,0.4357656731757453,0.32105263157894737,0.7125294271514518,0.14754098360655737,0.3473263368315842,0.16671071262056236,0.30484129837483315,0.09359629130639478,0.5900248353141916,-0.46918739621802824,-0.25181494174091834,-0.3846517658104813,0.05921185963184609,1.3147983594148207,3.367295829986474,1.3596936793227117,5.875924618804202
mp-767283,LiFeSiO4,Pc,-2.56,0.062,2.587,14,2.947,174.534,True,Monoclinic,Medium,0.016884962242313818,0.43679342240493346,0.3263157894736842,0.6766936960502224,0.032786885245901634,0.373313343328336,0.03720844622347125,0.31028977204747815,0.126549985537188,0.46383751308725035,-1.0752743266618936,-0.10469198691495708,-1.0033843543309726,0.06015392281974709,1.2773161985501456,2.70805020110221,1.37295579668071,5.1678327563359945
mp-774106,Li3Fe2(SiO4)2,Pc,-2.562,0.062,1.511,30,2.991,351.593,True,Monoclinic,Medium,0.008506995304229607,0.4347379239465572,0.3263157894736842,0.3952393408318075,0.1639344262295082,0.39530234882558735,0.1640171055863877,0.2993928247021882,0.126549985537188,-0.5272395578338358,-0.3826035490117618,0.0197966671685486,-0.39752121203006735,0.06015392281974709,0.9206810801754479,3.4339872044851463,1.3840418260665968,5.865314417242599
mp-767838,LiFeSiO4,P21,-2.56,0.062,2.727,28,2.889,356.057,True,Monoclinic,Medium,0.008113869408549754,0.43679342240493346,0.3263157894736842,0.7133141511901648,0.14754098360655737,0.34432783608195905,0.16721419726428072,0.31028977204747815,0.126549985537188,0.5927880613483579,-0.46918739621802824,-0.26879066729776063,-0.382246229864624,0.06015392281974709,1.3156036204971213,3.367295829986474,1.3581520551736102,5.877895432900267
mp-762571,Li2Fe(Si2O5)2,P21/c,-2.913,0.062,3.661,68,2.417,940.148,False,Monoclinic,Medium,0.002570871820181503,0.07399794450154173,0.3263157894736842,0.9576249019094952,0.47540983606557385,0.10844577711144421,0.58553688436827,-1.6130214343964098,0.126549985537188,1.4530724333188916,1.2624895479073015,-1.6042144111026386,1.616405116012615,0.06015392281974709,1.5392300173906037,4.23410650459726,1.2287629731331546,6.847100406708162
mp-765416,Unknown,C2,-2.955,0.063,3.031,31,2.711,400.68,True,Monoclinic,Medium,0.006765997803733653,0.03083247687564228,0.3315789473684211,0.7928328537797542,0.1721311475409836,0.25537231384307835,0.19917293873888198,-1.8418573286475255,0.15950367976798122,0.8727949661439066,-0.3393116254086285,-0.7724038588173966,-0.22955457906521087,0.06109509935981088,1.3940144841350288,3.4657359027997265,1.3113013820784605,5.99565575172645
mp-762723,Li3Fe2(SiO4)2,P21,-2.561,0.063,2.5055,30,2.943,357.383,False,Monoclinic,Medium,0.008234862878200699,0.4357656731757453,0.3315789473684211,0.6553753596651845,0.1639344262295082,0.3713143428285859,0.16816387100193442,0.30484129837483315,0.15950367976798122,0.38876987249239103,-0.3826035490117618,-0.11600913728618487,-0.3777089031730072,0.06109509935981088,1.2543331636648853,3.4339872044851463,1.37194185489549,5.881602246940079
mp-762586,LiFeSiO4,P21,-2.555,0.066,2.576,28,3.068,335.324,True,Monoclinic,Medium,0.00914936002194892,0.4419321685508737,0.3473684210526316,0.6738163745749413,0.14754098360655737,0.4337831084457773,0.1523653393436365,0.33753214041070545,0.2583647624603609,0.45370568429530606,-0.46918739621802824,0.23765181181468323,-0.45319072028490576,0.0639133257436528,1.2742448573112677,3.367295829986474,1.4031514781863135,5.818074981052684
mp-761546,LiFeSiO4,P2,-2.553,0.068,2.736,84,2.499,1234.971,False,Monoclinic,Medium,0.00202352929744909,0.44398766700924996,0.3578947368421053,0.715668323306304,0.6065573770491803,0.149425287356322,0.7966874577892942,0.3484290877559978,0.3242721509219473,0.601077739450858,1.9551603255574332,-1.3722128284924682,2.6252348801171213,0.0657877405380031,1.3180155203665962,4.442651256490317,1.252477213385551,7.119612174959209
mp-778622,Li3Fe2(SiO4)2,Pc,-2.556,0.069,1.923,30,2.891,363.781,True,Monoclinic,Medium,0.00794708904533222,0.44090441932168556,0.3631578947368422,0.5030081088150667,0.1639344262295082,0.3453273363318341,0.17274608259583218,0.33208366673806045,0.35722584515274053,-0.14775651580828977,-0.3826035490117618,-0.2631320921121461,-0.3558161307952054,0.06672363204290818,1.0726104861291088,3.4339872044851463,1.3586661940024165,5.899297173510459
mp-762646,LiFeSiO4,P21/c,-2.553,0.069,2.164,56,3.289,625.575,True,Monoclinic,Medium,0.005257563042001359,0.44398766700924996,0.3631578947368422,0.566047606591682,0.3770491803278688,0.5442278860569718,0.3602414720945606,0.3484290877559978,0.35722584515274053,0.07422264226976023,0.7429864646697025,0.8629243698250183,0.5399945056340256,0.06672363204290818,1.1518370499054076,4.04305126783455,1.4560536055347433,6.440268479860676
mp-767963,Li2FeSi3O8,P21,-2.84,0.069,3.081,28,2.665,351.384,True,Monoclinic,Medium,0.007584295243949639,0.1490236382322716,0.3631578947368422,0.8059115877583051,0.14754098360655737,0.23238380809595216,0.16386742096257956,-1.2152828562932827,0.35722584515274053,0.9188487333800164,-0.46918739621802824,-0.9025510880865156,-0.39823637136532225,0.06672363204290818,1.4063420564236686,3.367295829986474,1.2988283353386147,5.864721490080087
mp-762535,Li2Fe2(SiO3)3,P21/c,-2.696,0.072,3.017,64,2.611,899.949,False,Monoclinic,Medium,0.002901275516723726,0.29701952723535463,0.37894736842105264,0.7891708082657599,0.4426229508196722,0.20539730134932555,0.5567465867966703,-0.4307026474323212,0.4560869278451197,0.8598999113177955,1.0893218534947684,-1.0553326180980902,1.4788515747785962,0.06952606264861023,1.3905353553771451,4.174387269895637,1.2839847422953208,6.803448652232699
mp-762539,Li2FeSiO4,P21/c,-2.553,0.073,2.649,32,2.877,373.622,True,Monoclinic,Medium,0.007700296021112246,0.44398766700924996,0.3842105263157895,0.6929113261836255,0.18032786885245902,0.3383308345827085,0.179794151413517,0.3484290877559978,0.4890406220759129,0.5209441844600265,-0.2960197018054953,-0.302742118411444,-0.3221420493682053,0.07045846364856141,1.2944531574543106,3.4965075614664802,1.355061658688792,5.925917517596755
mp-762562,Li2Fe(Si2O5)2,P21/m,-2.898,,3.171,68,2.518,902.44,True,Monoclinic,,0.002790213199769513,0.08941418293936287,,0.8294533089196966,0.47540983606557385,0.15892053973013476,0.5585306269780395,-1.5312943293067278,,1.001745514405014,1.2624895479073015,-1.3184563642291371,1.487375315946634,,1.428155815214808,4.23410650459726,1.2578926463153663,6.806209699415415
mp-761782,Li7Fe3(SiO6)2,C2/m,-2.409,0.078,1.658,24,3.692,208.83,True,?,Medium,0.0176794521859886,0.5919835560123334,0.41052631578947374,0.43369081872874704,0.11475409836065573,0.7456271864067969,0.061771048415455776,1.1330092966169618,0.653809093229879,-0.39184148215967257,-0.6423550906305613,2.003127269726217,-0.8860297870491523,0.07510747248680541,0.9775739602910536,3.2188758248682006,1.5458589307912292,5.346297679066604
mp-767149,Li2FeSi3O8,P21,-2.827,0.081,2.614,28,2.719,344.39,True,Monoclinic,Medium,0.007895118905891577,0.16238437821171647,0.42631578947368426,0.6837562123986398,0.14754098360655737,0.2593703148425788,0.15885835752279823,-1.1444526985488908,0.7526701759222586,0.48870654739474945,-0.46918739621802824,-0.7497695580749411,-0.4221685454838508,0.07788653865707124,1.2848151921700368,3.367295829986474,1.313454814942933,5.844674213353683
mp-762541,Li4Fe(SiO3)3,C2,-2.758,0.082,3.073,34,2.702,383.352,True,Monoclinic,Medium,0.007048352428055678,0.2332990750256938,0.4315789473684211,0.8038189903217369,0.19672131147540986,0.2508745627186406,0.1867627226558779,-0.7685080151363461,0.7856238701530519,0.9114801306222388,-0.2094358545992288,-0.7978674471526589,-0.2888477894063407,0.07881118042428978,1.4043798286662756,3.5553480614894135,1.3088732141513058,5.95155879937208
mp-761991,Li3Fe3SiO8,P2/m,-2.257,0.083,1.476,15,3.942,145.111,True,Monoclinic,Medium,0.027165411305827957,0.7482014388489211,0.436842105263158,0.3860842270468219,0.04098360655737705,0.8705647176411797,0.0161358592076455,1.961177294859088,0.8185775643838451,-0.5594771948991126,-1.0319824030587603,2.7104491679279534,-1.104064417111851,0.07973496801885356,0.9066443548223496,2.772588722239781,1.5977701075664184,4.984366606819083
mp-762585,LiFeSiO4,P21/c,-2.528,0.094,2.351,28,3.058,336.427,True,Monoclinic,Medium,0.009089639059885204,0.469681397738952,0.4947368421052632,0.6149620716714622,0.14754098360655737,0.4287856071964018,0.15315530173627,0.4846409295721368,1.18106820092257,0.24646373173281125,-0.46918739621802824,0.2093589358866131,-0.44941645833856075,0.08984070399978947,1.2092588087551734,3.367295829986474,1.4006902414036229,5.821349190620871
mp-766984,Li2Fe(Si2O5)3,P21,-2.89,0.095,0.332,48,2.555,621.599,True,Monoclinic,Medium,0.004110366972919841,0.09763617677286751,0.5,0.08684279361757782,0.3114754098360656,0.17741129435282366,0.35739388327034405,-1.4877065399255631,1.2140218951533632,-1.613187389261308,0.3966510758446366,-1.213772723295279,0.5263893691891772,0.09075436326846414,0.2866815721181974,3.8918202981106265,1.2683550632552043,6.433902651838534
mp-762714,Li2FeSi4O11,C2/c,-2.785,0.098,0.03,36,2.788,426.538,False,Monoclinic,Medium,0.006536346116875869,0.20554984583761549,0.5157894736842106,0.007847240387130526,0.21311475409836064,0.2938530734632683,0.21769229281750152,-0.9156168042977775,1.312882977845743,-1.8913521433674123,-0.12285200739296233,-0.5545487141712621,-0.14107328676367967,0.0934903430873389,0.0295588022415444,3.6109179126442243,1.3318381753238318,6.058043173315321
mp-761452,Li2Fe(Si2O5)3,Cc,-2.876,0.109,0.264,48,2.309,687.797,True,Monoclinic,Medium,0.0033570951894236235,0.11202466598150052,0.5736842105263158,0.06905571540674864,0.3114754098360656,0.05447276361819098,0.4048045183270559,-1.4114279085085237,1.6753736143844677,-1.6758205127024175,0.3966510758446366,-1.9097774711257876,0.7529066786398988,0.10345870836822998,0.2342812957246657,3.8918202981106265,1.1966460289394751,6.53494659770334
mp-780871,LiFe2(SiO4)2,P2,-2.423,0.117,2.528,78,2.474,1219.453,False,Monoclinic,Medium,0.0020287784769072695,0.5775950668037,0.6157894736842106,0.6612607899555324,0.5573770491803279,0.13693153423288362,0.7855735535201311,1.0567306651999224,1.9390031682308135,0.4094940677486405,1.6954087839386338,-1.4429450183126415,2.5721351549281986,0.11064652008706366,1.260731138144545,4.3694478524670215,1.2453066678189133,7.1069773802836655
mp-763301,Li2CoSiO4,Pc,-2.537,0.0,2.957,16,3.216,170.265,True,Monoclinic,Low,0.01888820368249494,0.46043165467625924,0.0,0.7734763274914989,0.04918032786885246,0.507746126936532,0.03415101244817437,0.43560466651832713,-1.9165790567719896,0.8046353906344635,-0.9886904794556272,0.6563863755501115,-1.0179920825711783,0.0,1.3754861624032872,2.833213344056216,1.4388868112390611,5.143212064547321
mp-764958,Li2CoSiO4,P21,-2.523,0.014,2.934,16,3.201,171.08,True,Monoclinic,Low,0.01871054477437456,0.47482014388489224,0.0736842105263158,0.7674601098613655,0.04918032786885246,0.5002498750624689,0.034734710861589,0.5118832979353641,-1.455227337540885,0.7834506577058533,-0.9886904794556272,0.6139470616580069,-1.0152033033451846,0.013902905168991422,1.3696567199668674,2.833213344056216,1.4353225921872452,5.1479594849594745
mp-763512,Li2CoSiO4,P21/c,-2.516,0.02,2.769,32,3.15,347.706,True,Monoclinic,Low,0.009059377750168246,0.48201438848920874,0.10526315789473685,0.7243002877321476,0.18032786885245902,0.47476261869065484,0.1612332580613048,0.5500226136438838,-1.257505172156126,0.6314732258266905,-0.2960197018054953,0.46965339442485227,-0.4108218069398072,0.019802627296179712,1.3268097142849984,3.4965075614664802,1.423108334242607,5.854229160301566
mp-763470,Li2CoSiO4,P21/c,-2.515,0.021,2.827,32,3.108,352.365,True,Monoclinic,Low,0.008820399301860286,0.4830421377183969,0.1105263157894737,0.7394716191472666,0.18032786885245902,0.45377311344327853,0.16457000764179397,0.5554710873165287,-1.2245514779253328,0.6848955958205778,-0.2960197018054953,0.3508233155269611,-0.394879570849126,0.020782539182528502,1.3420812064435652,3.4965075614664802,1.412936292066312,5.867501517063643
mp-764634,Li2CoSiO4,C2/m,-2.51,0.027,2.457,16,3.088,177.349,True,Monoclinic,Low,0.017411995556783518,0.48818088386433756,0.14210526315789473,0.64268898770599,0.04918032786885246,0.4437781109445278,0.03922453338146159,0.5827134556797585,-1.0268293125405734,0.3440977182733642,-0.9886904794556272,0.29423756367082216,-0.9937519451025401,0.026641930946421175,1.2404011609394874,2.833213344056216,1.4080558529014033,5.18374230483656
mp-763396,Li4Co2Si3O10,C2/c,-2.617,0.038,2.876,38,3.078,420.615,True,Monoclinic,Low,0.007317855996576441,0.37821171634121287,0.2,0.7522887784462464,0.22950819672131148,0.43878060969515253,0.2134502735504405,-0.00027322729331950754,-0.6643386760018485,0.7300282877119655,-0.03626816018669584,0.2659446877427521,-0.16134069701590217,0.037295784743696894,1.3548036940285197,3.6635616461296463,1.4056066721522633,6.044092575341872
mp-763465,Li2CoSiO4,P21/c,-2.495,0.042,2.684,32,3.13,349.97,True,Monoclinic,Low,0.008943623739177642,0.5035971223021583,0.2210526315789474,0.7020664399686112,0.18032786885245902,0.4647676161919041,0.16285472212016455,0.6644405607694405,-0.5325238990786756,0.5531818215253036,-0.2960197018054953,0.4130676425687133,-0.4030748177770464,0.04114194333117518,1.3039991183930604,3.4965075614664802,1.4182774069729414,5.86070074972762
mp-781591,Li3Co2(SiO4)2,Pc,-2.452,0.043,0.0,30,3.115,344.253,True,Monoclinic,Low,0.009048577644929747,0.5477903391572458,0.22631578947368422,0.0,0.1639344262295082,0.4572713643178412,0.15876023889379481,0.8987249286932011,-0.4995702048478826,-1.918984403709078,-0.3826035490117618,0.37062832867661005,-0.4226373341390179,0.042101176018635396,0.0,3.4339872044851463,1.4146388341290332,5.844277481607189
mp-763382,Li2Co2Si2O7,P21/c,-2.478,0.047,2.825,52,3.322,599.601,True,Monoclinic,Low,0.005540351000081721,0.5210688591983557,0.2473684210526316,0.7389484697881246,0.34426229508196726,0.5607196401799102,0.3416390394687556,0.7570646132044148,-0.3677554279247098,0.6830534451311336,0.5698187702571695,0.9562908603876472,0.4511162827923528,0.045928931888399804,1.3415584672784993,3.970291913552122,1.4637182580846944,6.397930820549509
mp-763575,Li10Co(SiO5)2,C2/m,-2.444,0.048,1.941,46,2.409,474.87,True,Monoclinic,Low,0.005072967338429464,0.5560123329907505,0.25263157894736843,0.507716453047345,0.29508196721311475,0.104447776111944,0.2523073992189184,0.9423127180743658,-0.3348017336939166,-0.13117715960329018,0.3100672286383701,-1.626848711845094,0.0243098758752562,0.046883585898850416,1.078749659571858,3.8501476017100584,1.226418993155766,6.1651447076866015
mp-773761,LiCo(SiO3)2,Cc,-2.638,0.052,1.711,20,2.745,263.753,True,Monoclinic,Medium,0.01040746455964482,0.35662898252826336,0.2736842105263158,0.44755427674601106,0.0819672131147541,0.27236381809095467,0.10110659192462196,-0.11469117441887615,-0.20298695677074394,-0.34302448888939585,-0.8155227850430942,-0.6762080806619598,-0.6980934417371794,0.050693114315518116,0.9973175705165285,3.044522437723423,1.320421616969183,5.578797315862075
mp-763389,Li2Co(SiO3)2,C2/c,-2.687,0.053,3.233,22,2.861,261.142,True,Monoclinic,Medium,0.01095572523761019,0.3062692702980474,0.27894736842105267,0.8456709390530998,0.09836065573770492,0.3303348325837083,0.09923660841857837,-0.38166638437850914,-0.1700332625399507,1.0588521857777906,-0.7289389378368277,-0.3480107198963539,-0.7070278007053631,0.05164323315183845,1.4429109615387867,3.1354942159291497,1.3509262172820993,5.5688863416732435
mp-762751,Li3Co2(SiO4)2,Pc,-2.438,0.057,0.315,30,3.035,353.345,False,Monoclinic,Medium,0.008589339031258402,0.5621788283658788,0.30000000000000004,0.08239602406487052,0.1639344262295082,0.4172913543228387,0.16527187812663607,0.975003560110238,-0.03821848561677785,-1.6288456701215854,-0.3826035490117618,0.1442853212520543,-0.39152619214793094,0.055434706888100586,0.2738366656297279,3.4339872044851463,1.395006301721912,5.870271014813832
mp-767356,LiCo(SiO3)2,C2/c,-2.632,0.058,1.238,20,3.405,212.692,True,Monoclinic,Medium,0.016009064750907413,0.3627954779033917,0.3052631578947369,0.3238294533089197,0.0819672131147541,0.6021989005497252,0.06453699108123148,-0.08200033238300386,-0.005264791385984631,-0.778693126942996,-0.8155227850430942,1.191121730590623,-0.8728147375144429,0.05638033343610764,0.8055826098897335,3.044522437723423,1.4827402593881427,5.364535725966906
mp-762812,Li3Co2(SiO4)2,Pc,-2.436,0.059,0.35,30,3.052,351.323,False,Monoclinic,Medium,0.008687162525653032,0.5642343268242551,0.3105263157894737,0.09155113784985613,0.1639344262295082,0.42578710644677664,0.16382373310586995,0.9859005074555305,0.027688902844808357,-1.5966080330563084,-0.3826035490117618,0.19238321032977207,-0.39844510208039674,0.05732506661926941,0.3001045924503381,3.4339872044851463,1.3992105863864368,5.864548368484439
mp-762978,LiCoSiO4,Cc,-2.376,0.06,1.281,112,2.998,1399.85,False,Monoclinic,Medium,0.002141658034789442,0.6258992805755397,0.31578947368421056,0.3350771645304734,0.8360655737704918,0.39880059970015,0.9147728696977444,1.3128089278142654,0.06064259707560157,-0.7390868871199415,3.1673341864451636,0.039601680318197545,3.189420315703174,0.05826890812397577,0.8246139433022509,4.727387818712341,1.3857942360782083,7.244834474223836
mp-774355,Li3Co2(SiO4)2,Pc,-2.433,0.063,0.541,30,3.092,346.722,True,Monoclinic,Medium,0.008917807349980676,0.5673175745118195,0.3315789473684211,0.1415119016479205,0.1639344262295082,0.4457771114442779,0.16052852279897353,1.0022459284734677,0.15950367976798122,-1.4206826422143686,-0.3826035490117618,0.30555471404205,-0.4141888729010072,0.06109509935981088,0.4324315563379787,3.4339872044851463,1.4090338480893803,5.851403309948608
mp-763592,LiCoSiO4,Pc,-2.372,0.063,1.468,28,2.961,354.341,True,Monoclinic,Medium,0.008356357294244809,0.6300102774922922,0.3315789473684211,0.38399162961025374,0.14754098360655737,0.38030984507746135,0.16598520772143477,1.3346028225048479,0.15950367976798122,-0.5668457976568902,-0.46918739621802824,-0.06508196061566045,-0.3881180644067165,0.06109509935981088,0.9034081060431414,3.367295829986474,1.3764965186397795,5.8730778918099125
mp-763255,LiCoSiO4,Pc,-2.372,0.064,1.373,14,2.964,176.961,True,Monoclinic,Medium,0.016749453269364434,0.6300102774922922,0.33684210526315794,0.3591420350510071,0.032786885245901634,0.38180909545227393,0.0389466499650139,1.3346028225048479,0.19245737399877444,-0.6543479554054992,-1.0752743266618936,-0.056594097837239295,-0.9950796093230132,0.06203539091945264,0.8641549774536265,2.70805020110221,1.3772536164677416,5.181564425162332
mp-779186,Li3Co2(SiO4)2,P21,-2.431,0.064,0.022,30,3.032,353.617,True,Monoclinic,Medium,0.008574248410002913,0.5693730729701953,0.33684210526315794,0.005754642950562386,0.1639344262295082,0.4157921039480261,0.16546668299589834,1.0131428758187577,0.19245737399877444,-1.8987207461251898,-0.3826035490117618,0.13579745847363311,-0.3905954584675993,0.06203539091945264,0.02176149178151269,3.4339872044851463,1.3942625307690675,5.871038333833316
mp-762886,LiCoSiO4,P21/c,-2.369,0.066,1.374,28,3.015,347.967,True,Monoclinic,Medium,0.008664614747950238,0.6330935251798562,0.3473684210526316,0.3594036097305781,0.14754098360655737,0.4072963518240882,0.16142018479247192,1.3509482435227826,0.2583647624603609,-0.6534268800607769,-0.46918739621802824,0.08769956939591533,-0.40992871322448904,0.0639133257436528,0.8645762961874763,3.367295829986474,1.390037347398725,5.854977361857813
mp-763256,LiCoSiO4,Pc,-2.369,0.067,1.59,14,2.998,174.957,True,Monoclinic,Medium,0.01713563904273622,0.6330935251798562,0.35263157894736846,0.4159037405179179,0.032786885245901634,0.39880059970015,0.03751139644294901,1.3509482435227826,0.2913184566911541,-0.4544746056007819,-1.0752743266618936,0.039601680318197545,-1.001936926585457,0.06485097231961633,0.9516578757114464,2.70805020110221,1.3857942360782083,5.1702396470057845
mp-763399,Li2Co2(SiO3)3,P21/c,-2.598,0.069,2.727,64,2.739,872.856,True,Monoclinic,Medium,0.003137974648739311,0.39773895169578655,0.3631578947368422,0.7133141511901648,0.4426229508196722,0.2693653173413293,0.5373427326682751,0.10324777248694718,0.35722584515274053,0.5927880613483579,1.0893218534947684,-0.6931838062188022,1.3861443409505592,0.06672363204290818,1.3156036204971213,4.174387269895637,1.3188181959949767,6.77291560235576
mp-765005,Li2Co(SiO3)2,P21,-2.669,0.072,2.883,22,2.947,253.565,True,Monoclinic,Medium,0.011622266479995268,0.32476875642343295,0.37894736842105264,0.7541198012032436,0.09836065573770492,0.373313343328336,0.09381000365975323,-0.28359385827088984,0.4560869278451197,0.736475815125021,-0.7289389378368277,-0.10469198691495708,-0.7329548929696025,0.06952606264861023,1.3566080507495302,3.1354942159291497,1.37295579668071,5.539556206131339
mp-763385,Li2Co(Si2O5)2,P21/c,-2.858,0.075,3.254,68,2.429,943.786,False,Monoclinic,Medium,0.002573676659751257,0.13052415210688606,0.39473684210526316,0.851164007324091,0.47540983606557385,0.11444277861069452,0.5881423994946533,-1.3133553824009045,0.5549480105374993,1.0781947680169568,1.2624895479073015,-1.570262959988955,1.628853678987051,0.07232066157962612,1.4478597167780454,4.23410650459726,1.2322686734807833,6.850958446822476
mp-779222,Li3Co2(SiO4)2,Pc,-2.418,0.078,0.147,30,3.003,357.078,True,Monoclinic,Medium,0.008409927242787291,0.5827338129496402,0.41052631578947374,0.038451477896939576,0.1639344262295082,0.40129935032483766,0.1679454317183866,1.0839730335631497,0.653809093229879,-1.783586328034915,-0.3826035490117618,0.053748118282231964,-0.37875255674837915,0.07510747248680541,0.13714983814723364,3.4339872044851463,1.3870440800104367,5.8807508397639054
mp-763313,LiCoSiO4,P21,-2.357,0.079,1.434,14,2.952,177.732,True,Monoclinic,Medium,0.016609276888798867,0.6454265159301129,0.41578947368421054,0.37509809050483917,0.032786885245901634,0.3758120939530236,0.03949883582604785,1.4163299275945298,0.6867627874606722,-0.5981623593774451,-1.0752743266618936,-0.09054554895092266,-0.992441389957073,0.07603468627599762,0.8895359945653354,2.70805020110221,1.3742217798856213,5.185887477202903
mp-762976,LiCoSiO4,P21/c,-2.352,0.083,1.403,84,3.017,1043.295,False,Monoclinic,Medium,0.0028917995389606964,0.6505652620760536,0.436842105263158,0.36698927543813764,0.6065573770491803,0.408295852073963,0.6594101852866461,1.4435722959577595,0.8185775643838451,-0.6267156950638332,1.9551603255574332,0.0933581445815286,1.9693550679433924,0.07973496801885356,0.8767179567543318,4.442651256490317,1.3905353553771451,6.951097295577843
mp-764963,Li2CoSi3O8,P21,-2.772,0.085,3.159,28,2.771,341.661,True,Monoclinic,Medium,0.008110378416032266,0.2189105858170608,0.44736842105263164,0.8263144127648444,0.14754098360655737,0.28535732133933034,0.15690386308082468,-0.8447866465533831,0.8844849528454315,0.9906926102683477,-0.46918739621802824,-0.6026466032489798,-0.4315066786221785,0.08157998699242289,1.4252746607607745,3.367295829986474,1.32734021827622,5.836741620245283
mp-763253,LiCoSiO4,Pc,-2.349,0.086,1.474,14,3.096,169.421,True,Monoclinic,Medium,0.018274003812986585,0.6536485097636175,0.45263157894736844,0.38556107768767983,0.032786885245901634,0.4477761119440282,0.033546544397963424,1.4599177169756943,0.9174386470762242,-0.5613193455885571,-1.0752743266618936,0.31687186441327775,-1.0208800944322074,0.08250122151174369,0.9058362739702961,2.70805020110221,1.4100108877372066,5.13827184623848
mp-764463,Li3Co2Si3O10,Cc,-2.539,0.089,0.724,36,2.914,436.508,True,Monoclinic,Medium,0.006675708119897001,0.45837615621788297,0.46842105263157896,0.1893800680094167,0.21311475409836064,0.3568215892053974,0.22483275070921144,0.4247077191730348,1.0162997297686038,-1.252125854130206,-0.12285200739296233,-0.19805847747758604,-0.10695779120152239,0.08525984395082342,0.5446471722415014,3.6109179126442243,1.3645598689738845,6.081094991344773
mp-762974,LiCoSiO4,P21/c,-2.347,0.089,1.494,84,2.999,1049.613,False,Monoclinic,Medium,0.0028572435745365197,0.6557040082219938,0.46842105263157896,0.3907925712791002,0.6065573770491803,0.39930034982508755,0.6639351013307608,1.4708146643209867,1.0162997297686038,-0.5428978386941131,1.9551603255574332,0.042430967911004175,1.9909740951210966,0.08525984395082342,0.9138878472578448,4.442651256490317,1.3860443298646814,6.957129082324897
mp-763384,Li2Co(Si2O5)2,P21/m,-2.842,0.091,2.499,68,2.564,894.099,False,Monoclinic,Medium,0.0028676913854058664,0.14696813977389533,0.4789473684210527,0.6536751242479729,0.47540983606557385,0.1819090454772614,0.5525568497187863,-1.2261798036385751,1.0822071182301904,0.3827828827516968,1.2624895479073015,-1.188309134960017,1.458833957021463,0.08709470685093376,1.252477213385551,4.23410650459726,1.270883509608563,6.79693432668266
mp-763364,Li4Co(SiO3)3,C2,-2.706,0.092,2.938,34,2.754,379.735,True,Monoclinic,Medium,0.007252426033944724,0.2867420349434737,0.4842105263157895,0.7685064085796496,0.19672131147540986,0.2768615692153924,0.18417224761131273,-0.4851873841587758,1.1151608124609835,0.7871349590847421,-0.2094358545992288,-0.6507444923266976,-0.3012244942657511,0.0880108773227133,1.3706729802169337,3.5553480614894135,1.3228219381643171,5.942103595070144
mp-763500,LiCoSiO4,P21/c,-2.341,0.095,0.892,28,3.84,273.243,True,Monoclinic,Medium,0.014053424973375347,0.6618705035971222,0.5,0.23332461417734765,0.14754098360655737,0.8195902048975514,0.10790327651763376,1.503505506356859,1.2140218951533632,-1.0973851962168768,-0.46918739621802824,2.421861833461644,-0.6656204173756072,0.09075436326846414,0.6376344706296866,3.367295829986474,1.5769147207285403,5.614014574672802
mp-850488,LiCoSiO4,Pc,-2.338,0.098,1.255,28,3.019,347.495,False,Monoclinic,Medium,0.008687894789853092,0.6649537512846866,0.5157894736842106,0.328276222861627,0.14754098360655737,0.4092953523238383,0.16108214104875207,1.5198509273747964,1.312882977845743,-0.7630348460827187,-0.46918739621802824,0.09901671976714312,-0.4115438099050645,0.0934903430873389,0.8131499729546416,3.367295829986474,1.391033115467064,5.853623882895361
mp-763246,LiCoSiO4,Pc,-2.338,0.098,1.386,14,2.841,184.681,True,Monoclinic,Medium,0.015383282525002573,0.6649537512846866,0.5157894736842106,0.3625425058854303,0.032786885245901634,0.3203398300849576,0.044475670519076194,1.5198509273747964,1.312882977845743,-0.6423739759241106,-1.0752743266618936,-0.40459647175249286,-0.9686631975135995,0.0934903430873389,0.8696183236757243,2.70805020110221,1.3457327493637679,5.22403014756133
mp-767301,Li3Co2(SiO4)2,C2,-2.396,0.099,0.637,15,2.931,182.928,True,Monoclinic,Medium,0.01602269745473629,0.6053442959917783,0.5210526315789474,0.16662307088673817,0.04098360655737705,0.36531734132933535,0.04322018178445555,1.2038394543613538,1.345836672076536,-1.3322594091210374,-1.0319824030587603,-0.14996058839986823,-0.974661639210737,0.09440067542148432,0.49286529838899784,2.772588722239781,1.3688938464397233,5.214544376681635
mp-762293,LiCoSiO4,Cc,-2.333,0.102,1.266,14,2.884,181.921,True,Monoclinic,Medium,0.015853035108646062,0.6700924974306268,0.5368421052631579,0.3311535443369082,0.032786885245901634,0.3418290854572714,0.042498974051561694,1.5470932957380237,1.4446977547689153,-0.7529030172907744,-1.0752743266618936,-0.28293710526179505,-0.978107406916965,0.09712671073072274,0.8180161626058146,2.70805020110221,1.3568655504290785,5.209054365645675
mp-849671,Li5Co2(SiO5)2,Pc,-2.301,0.103,0.235,38,2.838,431.503,True,Monoclinic,Medium,0.006577011052066845,0.7029804727646454,0.5421052631578948,0.06147004969918912,0.22950819672131148,0.318840579710145,0.2212481978759107,1.7214444532626823,1.4776514489997086,-1.7025316976993614,-0.03626816018669584,-0.41308433453091403,-0.12408397528262546,0.09803374027136541,0.2110709700799405,3.6635616461296463,1.344951397585508,6.069589262764062
mp-765142,LiCoSiO4,Cc,-2.332,0.104,1.552,14,2.724,192.593,True,Monoclinic,Medium,0.01414381623423489,0.6711202466598154,0.5473684210526316,0.4059639026942192,0.032786885245901634,0.2618690654672666,0.05014220039261774,1.5525417694106711,1.5106051432305017,-0.4894754687002255,-1.0752743266618936,-0.7356231201109054,-0.9415897972239515,0.09893994785490356,0.9368773654825434,2.70805020110221,1.3147983594148207,5.265758017164003
mp-566680,Li2MnSiO4,P21nm,-2.705,0.0,3.052,16,3.039,175.842,True,Orthorhombic,Low,0.017282560480431294,0.28776978417266186,0.0,0.7983259220507456,0.04918032786885246,0.4192903548225888,0.0381452284624238,-0.4797389104861308,-1.9165790567719896,0.8921375483830727,-0.9886904794556272,0.15560247162328206,-0.9989086203093775,0.0,1.3992105863864368,2.833213344056216,1.3959971365812758,5.175256678552537
mp-763876,Li2MnSiO4,Pcmn,-2.705,0.0,3.07,32,3.013,354.747,True,Orthorhombic,Low,0.00849337697006599,0.28776978417266186,0.0,0.8030342662830238,0.18032786885245902,0.4062968515742129,0.16627598263658366,-0.4797389104861308,-1.9165790567719896,0.9087169045880721,-0.2960197018054953,0.08204099421030081,-0.3867288075162214,0.0,1.4036429994545037,3.4965075614664802,1.3895390912847796,5.874219804046141
mp-849238,Li2MnSiO4,Pmnb,-2.695,0.01,2.882,32,2.97,359.824,True,Orthorhombic,Low,0.008254035306149673,0.29804727646454277,0.052631578947368425,0.7538582265236726,0.18032786885245902,0.3848075962018993,0.1699121014646891,-0.4252541737596738,-1.5870421144640576,0.735554739780299,-0.2960197018054953,-0.03961837228039698,-0.36935625275503053,0.009950330853168083,1.3563504847468186,3.4965075614664802,1.3787660946990992,5.8883903048231945
mp-775454,Li2MnSiO4,Pna21,-2.694,0.011,2.88,32,2.957,361.437,True,Orthorhombic,Low,0.008181232137274268,0.2990750256937309,0.05789473684210526,0.7533350771645305,0.18032786885245902,0.37831084457771125,0.1710673229871894,-0.41980570008702883,-1.5540884202332643,0.7337125890908544,-0.2960197018054953,-0.07639911098688824,-0.3638368651580636,0.010939940038334362,1.355835153635182,3.4965075614664802,1.3754861624032872,5.89285066608751
mp-780918,Li2MnSiO4,Pna21,-2.694,0.011,2.965,32,2.926,365.204,True,Orthorhombic,Low,0.008011960438549414,0.2990750256937309,0.05789473684210526,0.775568924928067,0.18032786885245902,0.36281859070464795,0.1737652271875978,-0.41980570008702883,-1.5540884202332643,0.8120039933922412,-0.2960197018054953,-0.16410702636390267,-0.3509468880484702,0.010939940038334362,1.3775058550868113,3.4965075614664802,1.3676210958542694,5.903190555173655
mp-780833,Li2MnSiO4,C2221,-2.691,0.014,2.962,16,2.882,185.391,True,Orthorhombic,Low,0.015545522706064482,0.3021582733812953,0.0736842105263158,0.774784200889354,0.04918032786885246,0.34082958520739637,0.044984168523400564,-0.40346027906909143,-1.455227337540885,0.8092407673580749,-0.9886904794556272,-0.28859568044740835,-0.9662337088627336,0.013902905168991422,1.3767489482763593,2.833213344056216,1.3563504847468186,5.227846617824014
mp-850110,Li2Mn(SiO3)2,Fdd2,-2.849,0.014,3.487,22,2.74,267.86,True,Orthorhombic,Low,0.010229224221608303,0.1397738951695784,0.0736842105263158,0.9121109076641382,0.09836065573770492,0.26986506746626704,0.10404800221160823,-1.2643191193470948,-1.455227337540885,1.2928053233372292,-0.7289389378368277,-0.6903545186259943,-0.6840400475271712,0.013902905168991422,1.5011843269938463,3.1354942159291497,1.3190856114264407,5.594190798026107
mp-768020,Li2MnSiO4,Pbn21,-2.685,0.019,2.823,32,2.997,356.585,True,Orthorhombic,Low,0.008404728185425635,0.3083247687564237,0.1,0.7384253204289826,0.18032786885245902,0.3983008495752125,0.16759234789284871,-0.3707694370332192,-1.2904588663869192,0.681211294441689,-0.2960197018054953,0.03677239272538965,-0.38043951154398026,0.018821754240587758,1.3410354547142758,3.4965075614664802,1.3855440797291865,5.8793730961108635
mp-868361,Li2Mn2Si2O7,C2cm,-2.712,0.033,2.869,26,3.3,293.746,True,Orthorhombic,Low,0.01123419552947104,0.28057553956834536,0.1736842105263158,0.7504577556892494,0.13114754098360656,0.5497251374312844,0.12258740973265178,-0.5178782261946505,-0.8291071471558144,0.7235807602989104,-0.5557712434242947,0.8940465333458938,-0.595462944405606,0.032467190137501496,1.3529960757183759,3.295836866004329,1.4586150226995167,5.6861139685026645
mp-761776,LiMn(SiO3)2,Pbca,-2.824,0.036,0.037,80,3.343,850.626,False,Orthorhombic,Low,0.003930046812582733,0.16546762589928088,0.18947368421052632,0.009678263144127649,0.5737704918032788,0.5712143928035984,0.521421731772316,-1.1281072775309533,-0.7302460644634349,-1.8849046159543568,1.7819926311449004,1.0157058998365929,1.310077393473452,0.03536714383729131,0.03633192924739028,4.394449154672439,1.4685653535526848,6.747147463318887
mp-780533,LiMnSiO4,Pmnb,-2.632,0.046,0.99,28,3.598,284.227,True,Orthorhombic,Low,0.01265889588251644,0.3627954779033917,0.24210526315789474,0.25895893277530735,0.14754098360655737,0.6986506746626688,0.11576995550284364,-0.08200033238300386,-0.400709122155503,-1.0071198124341012,-0.46918739621802824,1.7371742360023634,-0.6280352014022135,0.044973365642731154,0.688134638736401,3.367295829986474,1.5256214263409897,5.653285354465913
mp-762836,Li3Mn(Si2O5)3,Cmce,-2.972,0.051,1.369,100,2.603,1235.941,False,Orthorhombic,Medium,0.002106087588323391,0.013360739979444869,0.26842105263157895,0.358095736332723,0.7377049180327869,0.20139930034982534,0.7973821663304135,-1.9344813810824997,-0.23594065100153713,-0.6580322567843879,2.647831103207565,-1.0779669188405456,2.628554040668304,0.04974209189481407,0.8624679251766484,4.61512051684126,1.2817668317659563,7.120396675216192
mp-780325,LiMnSiO4,Cmcm,-2.626,0.052,0.0,14,3.609,141.676,True,Orthorhombic,Medium,0.025473615855896553,0.3689619732785201,0.2736842105263158,0.0,0.032786885245901634,0.7041479260369816,0.013675731538836694,-0.04930949034712915,-0.20298695677074394,-1.918984403709078,-1.0752743266618936,1.7682963995232401,-1.1158183516410396,0.050693114315518116,0.0,2.70805020110221,1.5280109137383713,4.960576325334603
mp-762828,LiMnSiO4,Pna21,-2.623,0.054,0.11,84,3.55,864.216,False,Orthorhombic,Medium,0.0041077693539578065,0.37204522096608406,0.28421052631578947,0.02877321475281193,0.6065573770491803,0.6746626686656672,0.5311548132917081,-0.03296406932919422,-0.1370795683091575,-1.817666115789636,1.9551603255574332,1.60136843154763,1.3565798593400236,0.05259245011917058,0.10436001532424277,4.442651256490317,1.5151272329628591,6.76297918674194
mp-850152,Li2MnSiO4,Pca21,-2.65,0.054,2.852,64,2.8,763.324,True,Orthorhombic,Medium,0.0036681671216940645,0.3442959917780062,0.28421052631578947,0.746010986136542,0.4426229508196722,0.2998500749625188,0.45889653068284114,-0.18007285849062316,-0.1370795683091575,0.7079224794386327,1.0893218534947684,-0.5205972630575787,1.0113461002369961,0.05259245011917058,1.348592493935879,4.174387269895637,1.33500106673234,6.638991783038048
mp-761523,Li2Mn2(Si2O5)3,Cmce,-2.95,0.055,3.376,100,2.634,1342.122,False,Orthorhombic,Medium,0.001962563760969569,0.03597122302158251,0.2894736842105263,0.8830761182317552,0.7377049180327869,0.21689155422288864,0.873428400974311,-1.814614960284298,-0.10412587407836428,1.190565960073065,2.647831103207565,-0.9902590034635312,2.9918857793127813,0.05354076692802982,1.4761350651196798,4.61512051684126,1.2903339699739793,7.202752033797259
mp-761666,Li3Mn(Si2O5)3,Pcmn,-2.968,0.055,1.154,100,2.76,1165.318,False,Orthorhombic,Medium,0.0023684522164765325,0.01747173689619741,0.2894736842105263,0.3018571802249542,0.7377049180327869,0.27986006996501755,0.7468023711763276,-1.9126874863919174,-0.10412587407836428,-0.8560634558996607,2.647831103207565,-0.6337687667698565,2.386895199837187,0.05354076692802982,0.7673265787341967,4.61512051684126,1.324418957401803,7.061607056999843
mp-762845,Li4Mn2Si4O13,Pna21,-2.757,0.059,1.363,92,3.047,998.5,False,Orthorhombic,Medium,0.0030515773660490736,0.23432682425488194,0.3105263157894737,0.3565262882552969,0.6721311475409837,0.42328835582208924,0.6273282583800113,-0.7630595414637011,0.027688902844808357,-0.6635587088527212,2.3014957143824994,0.17823677236573765,1.8160748649637692,0.05732506661926941,0.8599319982047707,4.532599493153256,1.3979758658937287,6.907255153940455
mp-775449,Li2Mn(SiO3)2,Fdd2,-2.802,0.061,3.072,66,2.661,827.376,True,Orthorhombic,Medium,0.0032161919127458374,0.18807810894141852,0.32105263157894737,0.8035574156421659,0.459016393442623,0.23038480759620206,0.5047702126166234,-1.0082408567327519,0.09359629130639478,0.9105590552775167,1.175905700701035,-0.9138682384577433,1.230520194695101,0.05921185963184609,1.4041342792482217,4.204692619390966,1.2977363341380992,6.719467157590399
mp-850153,Li2Mn2(SiO3)3,Pnma,-2.779,0.067,3.077,64,3.034,770.62,True,Orthorhombic,Medium,0.003937089616153227,0.2117163412127443,0.35263157894736846,0.804865289040021,0.4426229508196722,0.41679160419790096,0.46412188482305344,-0.8829259622619028,0.2913184566911541,0.9151644320011275,1.0893218534947684,0.1414560336592464,1.0363116624858928,0.06485097231961633,1.4053614238371164,4.174387269895637,1.39475843953202,6.648492200861542
mp-780089,Li3MnSi2O7,Pbnm,-2.709,0.069,1.472,52,2.895,559.694,True,Orthorhombic,Medium,0.005172469242121588,0.28365878725590976,0.3631578947368422,0.38503792832853784,0.34426229508196726,0.3473263368315842,0.3130578706538639,-0.5015328051767132,0.35722584515274053,-0.5631614962780015,0.5698187702571695,-0.25181494174091834,0.3145619115386902,0.06672363204290818,0.9050275395954444,3.970291913552122,1.3596936793227117,6.329175302162795
mp-761485,Li2Mn(SiO3)2,Pmn21,-2.791,0.072,2.607,66,2.933,750.79,True,Orthorhombic,Medium,0.003906551765473701,0.19938335046248712,0.37894736842105264,0.6819251896416428,0.459016393442623,0.3663168415792104,0.44991975042058513,-0.9483076463336497,0.4560869278451197,0.48225901998169435,1.175905700701035,-0.14430201321425498,0.9684570710117121,0.06952606264861023,1.282876401921402,4.204692619390966,1.3694024934496725,6.622457029631663
mp-849442,Li2Mn(Si2O5)2,P212121,-2.939,0.073,3.783,68,2.29,989.646,False,Orthorhombic,Medium,0.002313958728676719,0.04727646454265155,0.3842105263157895,0.9895370128171593,0.47540983606557385,0.044977511244377766,0.6209870734077745,-1.754681749885196,0.4890406220759129,1.565443625375,1.2624895479073015,-1.96353393538912,1.7857781149429726,0.07045846364856141,1.5650679646981598,4.23410650459726,1.1908875647772805,6.898357255579126
mp-780825,LiMnSiO4,Pcmn,-2.603,0.074,1.059,28,3.325,307.52,True,Orthorhombic,Medium,0.010812304890738814,0.39260020554984587,0.3894736842105263,0.27700758566570755,0.14754098360655737,0.562218890554723,0.13245227101654478,0.07600540412371745,0.5219943163067061,-0.9435656136482696,-0.46918739621802824,0.9647787231660684,-0.54833086457881,0.07138999608667293,0.7222204280456523,3.367295829986474,1.4644121403838426,5.731786671065798
mp-774444,Li2Mn3(SiO3)4,Pnma,-2.762,0.076,1.527,84,2.856,1123.305,False,Orthorhombic,Medium,0.002542497362693124,0.2291880781089417,0.4,0.39942453570494374,0.6065573770491803,0.3278360819590205,0.7167128970133978,-0.7903019098269285,0.5879017047682926,-0.5125023523182806,1.9551603255574332,-0.3621571578603896,2.2431344861909563,0.07325046173959267,0.9270328284060572,4.442651256490317,1.349630376748299,7.024920345957423
mp-780637,Li3MnSiO5,P21nb,-2.529,0.077,0.235,40,2.798,436.412,True,Orthorhombic,Medium,0.00641137273952137,0.4686536485097639,0.4052631578947369,0.06147004969918912,0.24590163934426232,0.29885057471264376,0.22476399604947184,0.47919245589949183,0.6208553989990858,-1.7025316976993614,0.05031568701957064,-0.5262558382431919,-0.10728628544163947,0.07417939817425151,0.2110709700799405,3.713572066704308,1.3344746123900941,6.080875542708589
mp-763718,Li2Mn(SiO3)2,Pm21n,-2.784,0.079,2.76,66,2.933,750.671,True,Orthorhombic,Medium,0.003907171050966401,0.20657759506680407,0.41578947368421054,0.7219461156160084,0.459016393442623,0.3663168415792104,0.4498345232902829,-0.91016833062513,0.6867627874606722,0.6231835477241904,1.175905700701035,-0.14430201321425498,0.9680498750265673,0.07603468627599762,1.324418957401803,4.204692619390966,1.3694024934496725,6.622298728218793
mp-767364,Li2Mn2Si2O7,C2cm,-2.666,0.079,2.696,26,2.944,329.286,True,Orthorhombic,Medium,0.008940556233790687,0.3278520041109969,0.41578947368421054,0.7052053361234634,0.13114754098360656,0.3718140929535232,0.14804095772376238,-0.2672484372529525,0.6867627874606722,0.56423472566197,-0.5557712434242947,-0.11317984969337824,-0.47385163926226853,0.07603468627599762,1.3072511537794378,3.295836866004329,1.372195436740389,5.799958945788484
mp-761619,LiMn(SiO3)2,Pbca,-2.78,0.08,1.2,80,3.306,860.04,True,Orthorhombic,Medium,0.0038440072554764898,0.21068859198355616,0.4210526315789474,0.31388961548522104,0.5737704918032788,0.5527236381809097,0.528163985593034,-0.8883744359345478,0.7197164816914654,-0.8136939900424396,1.7819926311449004,0.911022258902736,1.3422903598949312,0.07696104113612832,0.7884573603642702,4.394449154672439,1.4600093989421714,6.758140960956043
mp-775156,LiMnSiO4,Pbca,-2.595,0.082,1.267,56,2.994,683.102,True,Orthorhombic,Medium,0.0043829472026139585,0.4008221993833505,0.4315789473684211,0.3314151190164792,0.3770491803278688,0.3968015992003999,0.40144198574916434,0.11959319350488211,0.7856238701530519,-0.7519819419460523,0.7429864646697025,0.028284529946969755,0.7368412572091736,0.07881118042428978,0.8184573715253919,4.04305126783455,1.3847932349936236,6.528107029311867
mp-849469,Li2Mn2(SiO3)3,Pnma,-2.764,0.083,3.248,64,2.436,959.619,False,Orthorhombic,Medium,0.0025385074701522164,0.22713257965056544,0.436842105263158,0.849594559246665,0.4426229508196722,0.11794102948525742,0.5994819049910869,-0.8011988571722184,0.8185775643838451,1.0726683159486237,1.0893218534947684,-1.5504579468393063,1.6830312759013577,0.07973496801885356,1.4464482839396378,4.174387269895637,1.234308004122009,6.867577868339717
mp-850969,LiMnSiO4,Pna21,-2.591,0.087,1.569,28,2.988,342.286,True,Orthorhombic,Medium,0.008729541961985006,0.4049331963001026,0.45789473684210524,0.4104106722469265,0.14754098360655737,0.39380309845077477,0.1573514845635046,0.14138708819546444,0.9503923413070174,-0.4738171878399482,-0.46918739621802824,0.011308804390127441,-0.42936804424641634,0.08342160813907239,0.9435167181277465,3.367295829986474,1.383289852099592,5.838563918973777
mp-780790,Li2Mn2Si2O9,Pnca,-2.481,0.088,0.889,60,3.573,602.169,True,Orthorhombic,Medium,0.005933550215969271,0.5179856115107917,0.4631578947368421,0.2325398901386346,0.4098360655737705,0.6861569215392305,0.34347822661679084,0.7407191921864799,0.9833460355378107,-1.1001484222510434,0.9161541590822355,1.66644204618219,0.45990350371548416,0.08434114843375087,0.6360475885193725,4.110873864173311,1.5201694446759182,6.402197422800159
mp-780750,LiMnSiO4,Ibmm,-2.584,0.093,0.0,14,3.855,132.65,True,Orthorhombic,Medium,0.02906143987938183,0.41212744090441955,0.48947368421052634,0.0,0.032786885245901634,0.8270864567716143,0.0072113611345664685,0.17952640390398414,1.1481145066917768,-1.918984403709078,-1.0752743266618936,2.4643011473537486,-1.1467036538420459,0.08892620919440151,0.0,2.70805020110221,1.5800091017432882,4.895224442584928
mp-761352,LiMnSiO4,Imma,-2.581,0.097,0.903,14,3.739,136.74,True,Orthorhombic,Medium,0.02734386426795378,0.4152106885919835,0.5105263157894737,0.23620193565262884,0.032786885245901634,0.7691154422788606,0.01014059611722383,0.19587182492192148,1.2799292836149496,-1.0872533674249325,-1.0752743266618936,2.1361037865881425,-1.1327084304870585,0.0925791812930932,0.6434315883140125,2.70805020110221,1.5558261429854512,4.925367850116552
mp-764790,Li2FeSiO4,Pcmn,-2.626,0.0,3.121,32,3.094,347.336,True,Orthorhombic,Low,0.00890780109173826,0.3689619732785201,0.0,0.8163745749411457,0.18032786885245902,0.44677661169415295,0.1609682661435583,-0.04930949034712915,-1.9165790567719896,0.9556917471689044,-0.2960197018054953,0.3112132892276632,-0.41208787849025835,0.0,1.4160958523566805,3.4965075614664802,1.4095224872390977,5.853167531203891
mp-18968,Li2FeSiO4,P21nm,-2.626,0.001,3.124,16,3.123,172.094,True,Orthorhombic,Low,0.018147059165339874,0.3689619732785201,0.005263157894736843,0.8171592989798588,0.04918032786885246,0.46126936531734164,0.03546093195508887,-0.04930949034712915,-1.8836253625411963,0.958454973203071,-0.9886904794556272,0.39326262941906565,-1.011733582933948,0.0009995003330835331,1.4168235661547137,2.833213344056216,1.416581053724763,5.1538347995363605
mp-761416,LiFe(SiO3)2,Pbca,-2.818,0.003,2.745,80,3.333,856.726,True,Orthorhombic,Low,0.0038903920273226215,0.17163412127440925,0.015789473684210527,0.7180224954224432,0.5737704918032788,0.5662168915542232,0.525790517443272,-1.095416435495081,-1.8177179740796099,0.6093674175533577,1.7819926311449004,0.9874130239085239,1.3309504649808903,0.002995508979798479,1.320421616969183,4.394449154672439,1.4662601427577724,6.754284701166402
mp-764346,Li2FeSiO4,P21cn,-2.621,0.005,2.993,32,3.065,350.604,True,Orthorhombic,Low,0.008742056565241697,0.3741007194244603,0.026315789473684213,0.7828930159560554,0.18032786885245902,0.4322838580709647,0.163308789352195,-0.02206712198390184,-1.7518105856180237,0.8377941030444628,-0.2960197018054953,0.22916394903626208,-0.4009053870662735,0.004987541511039074,1.3845428280810843,3.4965075614664802,1.4024137429997738,5.862505542310587
mp-763645,Li2FeSiO4,Pmnb,-2.621,0.005,3.089,32,3.049,352.518,True,Orthorhombic,Low,0.00864920372860393,0.3741007194244603,0.026315789473684213,0.8080041851948732,0.18032786885245902,0.42428785607196406,0.16467958538075395,-0.02206712198390184,-1.7518105856180237,0.9262173361377939,-0.2960197018054953,0.18389534755135092,-0.3943560331539396,0.004987541511039074,1.4083004413825053,3.4965075614664802,1.398469937050024,5.867934403417932
mp-764341,Li3FeSiO5,P21nb,-2.56,0.008,2.314,40,2.831,433.391,True,Orthorhombic,Low,0.006532207636983693,0.43679342240493346,0.04210526315789474,0.6052838085273347,0.24590163934426232,0.31534232883558233,0.2226003728507902,0.31028977204747815,-1.652949502925644,0.21238394397808996,0.05031568701957064,-0.432889347680563,-0.11762358856032312,0.007968169649176874,1.1981559190043711,3.713572066704308,1.343125865718512,6.073945050173056
mp-762557,Li2FeSiO4,Pna21,-2.618,0.009,2.946,32,3.01,357.063,True,Orthorhombic,Low,0.00842988492226862,0.37718396711202473,0.04736842105263158,0.7705990060162178,0.18032786885245902,0.40479760119940034,0.16793468880280232,-0.005721700965964486,-1.619995808694851,0.7945035618425197,-0.2960197018054953,0.07355313143187965,-0.37880388397339737,0.008959741371471902,1.3727024076004237,3.4965075614664802,1.3887912413184778,5.880708948572081
mp-863851,LiFeSiO4,Pbnm,-2.611,0.01,2.3,28,3.563,288.72,True,Orthorhombic,Low,0.01234067608755888,0.38437821171634123,0.052631578947368425,0.6016217630133402,0.14754098360655737,0.6811594202898552,0.11898781681753301,0.03241761474255278,-1.5870421144640576,0.19948888915197896,-0.46918739621802824,1.638149170254121,-0.6126609866017345,0.009950330853168083,1.1939224684724346,3.367295829986474,1.5179803019452656,5.668914939327125
mp-765849,LiFe(SiO3)2,C222,-2.81,0.011,3.023,10,2.523,141.451,True,Orthorhombic,Low,0.017836565312369657,0.17985611510791388,0.05789473684210526,0.7907402563431861,0.0,0.1614192903548226,0.013514587805071934,-1.0518286461139164,-1.5540884202332643,0.865426363386129,-1.2484420210744267,-1.3043099262651014,-1.1165882600163142,0.010939940038334362,1.392027892967651,2.3978952727983707,1.2593128993591005,4.958998080926297
mp-762566,Li2FeSiO4,C2221,-2.615,0.011,2.965,16,2.948,182.303,True,Orthorhombic,Low,0.01617088034755325,0.3802672147995887,0.05789473684210526,0.775568924928067,0.04918032786885246,0.3738130934532735,0.04277256030177565,0.010623720051970448,-1.5540884202332643,0.8120039933922412,-0.9886904794556272,-0.10186269932215045,-0.9768002735864992,0.010939940038334362,1.3775058550868113,2.833213344056216,1.3732091215712352,5.211140521323839
mp-762540,Li2FeSiO4,Pbn21,-2.613,0.014,2.924,32,3.07,350.111,True,Orthorhombic,Low,0.008768647657457206,0.38232271325796496,0.0736842105263158,0.7648443630656553,0.18032786885245902,0.4347826086956521,0.1629557055266571,0.021520667397262824,-1.455227337540885,0.7742399042586311,-0.2960197018054953,0.2433103870002965,-0.4025923418618746,0.013902905168991422,1.3671115417031166,3.4965075614664802,1.4036429994545037,5.861102412788992
mp-767964,Li2Fe(SiO3)2,Fdd2,-2.791,0.015,3.314,22,2.807,262.576,True,Orthorhombic,Low,0.010690238254829077,0.19938335046248712,0.07894736842105264,0.8668584880983522,0.09836065573770492,0.3033483258370815,0.10026363114843917,-0.9483076463336497,-1.4222736433100918,1.1334592887002888,-0.7289389378368277,-0.5007922499079297,-0.7021209179936144,0.014888612493750654,1.4618655479669647,3.1354942159291497,1.3368414774003603,5.574341751442348
mp-762581,LiFeSiO4,Pn21a,-2.604,0.018,2.961,28,2.89,355.979,True,Orthorhombic,Low,0.0081184564258004,0.39157245632065774,0.09473684210526316,0.774522626209783,0.14754098360655737,0.3448275862068968,0.16715833410324227,0.07055693045107247,-1.3234125606177123,0.8083196920133524,-0.46918739621802824,-0.26596137970495276,-0.3825131314347192,0.017839918128331,1.3764965186397795,3.367295829986474,1.358409157630355,5.877676956520055
mp-764340,Li2FeSiO4,Pc21n,-2.607,0.02,2.957,32,2.986,359.989,True,Orthorhombic,Low,0.008294697893546749,0.38848920863309333,0.10526315789473685,0.7734763274914989,0.18032786885245902,0.3928035982008997,0.1700302735361166,0.054211509433135116,-1.257505172156126,0.8046353906344635,-0.2960197018054953,0.005650229204514175,-0.36879165327982943,0.019802627296179712,1.3754861624032872,3.4965075614664802,1.3827882217906031,5.888847486954505
mp-763641,LiFeSiO4,Pb21a,-2.598,0.023,2.959,56,2.881,714.127,True,Orthorhombic,Low,0.004034296420664672,0.39773895169578655,0.12105263157894737,0.773999476850641,0.3770491803278688,0.34032983508245884,0.42366191614939525,0.10324777248694718,-1.1586440894637462,0.8064775413239081,0.7429864646697025,-0.2914249680402162,0.8430030676220053,0.022739486969489426,1.3759914681239935,4.04305126783455,1.3560928523867692,6.572460149298643
mp-762799,LiFeSiO4,Pb21a,-2.598,0.024,2.979,56,2.875,715.629,True,Orthorhombic,Low,0.004017444793321679,0.39773895169578655,0.12631578947368421,0.7792309704420612,0.3770491803278688,0.3373313343328337,0.4247376400965716,0.10324777248694718,-1.1256903952329531,0.8248990482183521,0.7429864646697025,-0.3084006935970573,0.848142633753837,0.023716526617316044,1.3810305314447917,4.04305126783455,1.3545456628053103,6.574558272932837
mp-763635,LiFeSiO4,Pna21,-2.597,0.025,2.963,28,2.866,358.902,True,Orthorhombic,Low,0.007985466784804766,0.39876670092497424,0.13157894736842107,0.775045775568925,0.14754098360655737,0.33283358320839596,0.16925177025343968,0.10869624615959216,-1.0927367010021598,0.810161842702797,-0.46918739621802824,-0.3338642819323195,-0.37251116618615493,0.0246926125903715,1.377001314208298,3.367295829986474,1.3522203807861393,5.885831772168738
mp-767253,LiFeSiO4,C2221,-2.597,0.025,2.874,14,2.863,179.638,True,Orthorhombic,Low,0.015937607855798883,0.39876670092497424,0.13157894736842107,0.7517656290871044,0.032786885245901634,0.3313343328335834,0.040863902299628496,0.10869624615959216,-1.0927367010021598,0.7281861370225213,-1.0752743266618936,-0.34235214471074066,-0.985919410564749,0.0246926125903715,1.354287564984804,2.70805020110221,1.3514440836841441,5.1964950285951526
mp-766714,Li3Fe(Si2O5)3,Cmce,-2.976,0.032,3.386,100,2.592,1243.201,False,Orthorhombic,Low,0.002084940407866467,0.009249743062692772,0.16842105263157897,0.8856918650274654,0.7377049180327869,0.19590204897551233,0.8025817374732234,-1.9562752757730821,-0.8620608413866075,1.199776713520287,2.647831103207565,-1.1090890823614223,2.653396417577157,0.03149866705937099,1.4784176499956965,4.61512051684126,1.2787091504399533,7.126248835809901
mp-762643,LiFeSiO4,Cmcm,-2.588,0.034,1.657,14,3.628,141.773,True,Orthorhombic,Low,0.025590204058600723,0.408016443987667,0.17894736842105266,0.4334292440491761,0.032786885245901634,0.7136431784107948,0.01374520239294863,0.1577325092134018,-0.7961534529250212,-0.39276255750439465,-1.0752743266618936,1.8220528637865725,-1.1154864355859215,0.03343477608623739,0.9771976667776765,2.70805020110221,1.5321248093314301,4.9612559563981815
mp-766664,LiFeSiO4,Pna21,-2.587,0.035,1.675,84,3.644,846.947,True,Orthorhombic,Low,0.004302512435843093,0.40904419321685515,0.1842105263157895,0.4381375882814544,0.6065573770491803,0.7216391804097952,0.518786852676669,0.16318098288604677,-0.763199758694228,-0.37618320129939503,1.9551603255574332,1.8673214652714836,1.2974885360839659,0.0344014267173324,0.9839493803479699,4.442651256490317,1.535576063835645,6.742818133838696
mp-761764,Li3Fe(Si2O5)3,Pcmn,-2.971,0.037,3.262,100,2.735,1178.251,False,Orthorhombic,Low,0.002321237155750345,0.014388489208633004,0.19473684210526315,0.8532566047606592,0.7377049180327869,0.2673663168415792,0.7560649129931267,-1.9290329074098547,-0.6972923702326417,1.0855633707747343,2.647831103207565,-0.7045009565900299,2.431149533247957,0.03633192924739028,1.4497385336764255,4.61512051684126,1.3177478185847806,7.07263477016062
mp-762844,Li4Fe2Si4O13,Pna21,-2.743,0.038,2.78,92,3.104,983.89,False,Orthorhombic,Low,0.0031548242181544685,0.24871531346351494,0.2,0.7271776092074287,0.6721311475409837,0.4517741129435284,0.6168646586008857,-0.6867809100466618,-0.6643386760018485,0.6416050546186344,2.3014957143824994,0.33950616515573334,1.7660821477959534,0.037295784743696894,1.3297240096314962,4.532599493153256,1.4119621078684685,6.892529959809054
mp-868323,LiFeSiO4,Pbnm,-2.582,0.04,1.989,28,3.634,283.063,True,Orthorhombic,Low,0.012838131440704012,0.4141829393627958,0.2105263157894737,0.5202720376667539,0.14754098360655737,0.71664167916042,0.11493630525350057,0.1904233512492765,-0.5984312875402621,-0.08696554305662459,-0.46918739621802824,1.8390285893434135,-0.6320181940636328,0.039220713153281295,1.0949388833018008,3.367295829986474,1.5334204260101845,5.649196044546266
mp-767850,LiFeSiO4,Pc21n,-2.58,0.042,2.87,28,2.914,353.0,True,Orthorhombic,Low,0.008254957507082153,0.41623843782117165,0.2210526315789474,0.7507193303688203,0.14754098360655737,0.3568215892053974,0.16502479106819673,0.20132029859456646,-0.5325238990786756,0.7245018356436326,-0.46918739621802824,-0.19805847747758604,-0.39270671832335174,0.04114194333117518,1.3532545070416904,3.367295829986474,1.3645598689738845,5.869296913133774
mp-766989,LiFe(Si2O5)2,Pnc2,-2.952,0.043,3.053,32,2.798,397.806,True,Orthorhombic,Low,0.0070335791818122405,0.033915724563206684,0.22631578947368422,0.7985874967303166,0.18032786885245902,0.29885057471264376,0.19711459611292664,-1.825511907629588,-0.4995702048478826,0.8930586237277948,-0.2960197018054953,-0.5262558382431919,-0.2393888753787155,0.042101176018635396,1.3994573476461716,3.4965075614664802,1.3344746123900941,5.988475083109913
mp-761405,Li2Fe2Si2O7,C2cm,-2.603,0.046,3.129,26,3.414,285.751,True,Orthorhombic,Low,0.011947464750779527,0.39260020554984587,0.24210526315789474,0.8184671723777139,0.13114754098360656,0.6066966516741632,0.11686143572621033,0.07600540412371745,-0.400709122155503,0.9630603499266819,-0.5557712434242947,1.2165853189258864,-0.6228203553403551,0.044973365642731154,1.418035246903953,3.295836866004329,1.4847813078345447,5.6586142433617255
mp-773415,Li2Fe2(Si2O5)3,Cmce,-2.904,0.05,3.152,100,2.651,1338.234,False,Orthorhombic,Low,0.0019809689486293127,0.08324768756423451,0.26315789473684215,0.8244833900078473,0.7377049180327869,0.22538730634682658,0.8706438372548555,-1.5639851713426,-0.26889434523233013,0.9842450828552926,2.647831103207565,-0.9421611143858135,2.9785817625880395,0.048790164169432,1.4235901458635876,4.61512051684126,1.2950011026734998,7.199853087704451
mp-761767,LiFe(SiO3)2,Pbca,-2.77,0.051,2.981,80,3.098,921.698,False,Orthorhombic,Medium,0.0033611877209237732,0.22096608427543707,0.26842105263157895,0.7797541198012032,0.5737704918032788,0.44877561219390305,0.5723230981995588,-0.8338896992080931,-0.23594065100153713,0.8267411989077964,1.7819926311449004,0.322530439598891,1.5532726292401169,0.04974209189481407,1.3815330440181801,4.394449154672439,1.410499049816708,6.827301987030411
mp-767743,LiFeSiO4,Pbn21,-2.569,0.052,2.833,28,2.869,358.537,True,Orthorhombic,Medium,0.008001963535144213,0.4275436793422407,0.2736842105263158,0.7410410672246928,0.14754098360655737,0.33433283358320853,0.16899035930755463,0.2612535089936685,-0.20298695677074394,0.6904220478889113,-0.46918739621802824,-0.32537641915389837,-0.3737601286616,0.050693114315518116,1.343647786398418,3.367295829986474,1.3529960757183759,5.884817092588354
mp-762703,LiFeSiO4,P21nb,-2.566,0.055,2.63,28,2.882,356.872,True,Orthorhombic,Medium,0.008075724629559057,0.4306269270298051,0.2894736842105263,0.6879414072717761,0.14754098360655737,0.34082958520739637,0.16779789567769532,0.27759893001160585,-0.10412587407836428,0.5034437529103046,-0.46918739621802824,-0.28859568044740835,-0.3794574506386302,0.05354076692802982,1.2892326482767593,3.367295829986474,1.3563504847468186,5.8801753805679144
mp-762545,Li2FeSiO4,Pca21,-2.571,0.056,2.78,64,2.875,747.562,True,Orthorhombic,Medium,0.00384583486051993,0.4254881808838644,0.2947368421052632,0.7271776092074287,0.4426229508196722,0.3373313343328337,0.4476078749868399,0.2503565616483761,-0.07117217984757106,0.6416050546186344,1.0893218534947684,-0.3084006935970573,0.957411452187776,0.05448818528406973,1.3297240096314962,4.174387269895637,1.3545456628053103,6.6181540327606045
mp-762587,LiFeSiO4,Pb21a,-2.565,0.057,2.855,56,2.874,715.92,True,Orthorhombic,Medium,0.004014415018437815,0.4316546762589928,0.30000000000000004,0.746795710175255,0.3770491803278688,0.33683158420789616,0.42494605265890734,0.2830474036842508,-0.03821848561677785,0.7106857054727994,0.7429864646697025,-0.31122998118986395,0.8491383819191917,0.055434706888100586,1.349371007015293,4.04305126783455,1.354287564984804,6.574964258363397
mp-762570,Li3FeSi2O7,Pbnm,-2.691,0.057,2.512,52,2.89,562.749,True,Orthorhombic,Medium,0.005135504461136315,0.3021582733812953,0.30000000000000004,0.6570755950823961,0.34426229508196726,0.3448275862068968,0.3152458444612034,-0.40346027906909143,-0.03821848561677785,0.39475686223308526,0.5698187702571695,-0.26596137970495276,0.32501555636741564,0.055434706888100586,1.2561856757728702,3.970291913552122,1.358409157630355,6.3346091169793945
mp-851283,LiFeSiO4,Pc21n,-2.564,0.058,2.73,28,2.856,360.121,True,Orthorhombic,Medium,0.007930667747784772,0.4326824254881809,0.3052631578947369,0.7140988752288779,0.14754098360655737,0.3278360819590205,0.17012481119325856,0.2884958773568958,-0.005264791385984631,0.5955512873825246,-0.46918739621802824,-0.3621571578603896,-0.3683399736996685,0.05638033343610764,1.3164082336557241,3.367295829986474,1.349630376748299,5.889213082227997
mp-863911,Li2Fe(SiO3)2,Fdd2,-2.748,0.058,2.917,66,2.723,811.767,True,Orthorhombic,Medium,0.003354410809998435,0.24357656731757427,0.3052631578947369,0.7630133403086581,0.459016393442623,0.2613693153423289,0.4935911346595821,-0.7140232784098915,-0.005264791385984631,0.7677923768455756,1.175905700701035,-0.7384524077037132,1.1771090843410676,0.05638033343610764,1.3653260546836943,4.204692619390966,1.3145297948905799,6.700444475606298
mp-762804,LiFeSiO4,P21nb,-2.563,0.059,2.551,28,2.966,346.859,True,Orthorhombic,Medium,0.008551025056290885,0.43371017471736906,0.3105263157894737,0.6672770075856658,0.14754098360655737,0.3828085957021492,0.16062664142797697,0.29394435102954075,0.027688902844808357,0.4306788006772512,-0.46918739621802824,-0.05093552265162477,-0.4137200842458401,0.05732506661926941,1.2672292539609509,3.367295829986474,1.3777580300976042,5.851797225256161
mp-766752,Li7Fe7SiO16,C222,-2.142,0.062,1.438,31,4.186,287.012,True,Orthorhombic,Medium,0.014584756038075063,0.86639260020555,0.3263157894736842,0.3761443892231232,0.1721311475409836,0.9925037481259371,0.11776455682966533,2.5877517672133306,0.126549985537188,-0.5944780579985562,-0.3393116254086285,3.4007953405728473,-0.6185054466238173,0.06015392281974709,0.8911780310590798,3.4657359027997265,1.6459626871164725,5.663002145934581
mp-863885,LiFe(SiO3)2,C2221,-2.757,0.064,3.23,40,2.375,601.224,True,Orthorhombic,Medium,0.0039502747727968275,0.23432682425488194,0.33684210526315794,0.8448862150143867,0.24590163934426232,0.0874562718640679,0.3428014229349789,-0.7630595414637011,0.19245737399877444,1.056088959743624,0.05031568701957064,-1.7230444900005297,0.45666988853933205,0.06203539091945264,1.4422019930581866,3.713572066704308,1.2163953243244932,6.400629469122635
mp-775303,Li2Fe(Si2O5)3,Cmce,-2.918,0.067,3.155,96,2.527,1257.084,False,Orthorhombic,Medium,0.002010207750635598,0.06885919835560106,0.35263157894736846,0.8252681140465603,0.7049180327868853,0.1634182908545727,0.8125246639436956,-1.6402638027596395,0.2913184566911541,0.9870083088894589,2.474663408795032,-1.2929927758938737,2.700901475239086,0.06485097231961633,1.4243124283074113,4.574710978503383,1.260447651253915,7.1373452076862
mp-761559,LiFeSiO4,Pna21,-2.554,0.068,2.603,28,2.934,350.638,True,Orthorhombic,Medium,0.008367604195780264,0.44295991778006183,0.3578947368421053,0.6808788909233587,0.14754098360655737,0.36681659170414815,0.1633331399608528,0.34298061408335284,0.3242721509219473,0.47857471860280554,-0.46918739621802824,-0.14147272562144708,-0.40078904535623205,0.0657877405380031,1.2817668317659563,3.367295829986474,1.3696567199668674,5.862602237331722
mp-761450,LiFeSi3O8,P212121,-2.858,0.069,3.182,52,2.676,682.572,True,Orthorhombic,Medium,0.003920465533306377,0.13052415210688606,0.3631578947368422,0.8323306303949778,0.34426229508196726,0.23788105947026494,0.4010624027318518,-1.3133553824009045,0.35722584515274053,1.0118773431969583,0.5698187702571695,-0.8714289245656388,0.7350276952585274,0.06672363204290818,1.430789601006442,3.970291913552122,1.3018252044934406,6.527331990777055
mp-868349,LiFeSiO4,Pna21,-2.551,0.07,2.631,28,2.984,344.706,True,Orthorhombic,Medium,0.008656652335613536,0.4460431654676258,0.368421052631579,0.6882029819513471,0.14754098360655737,0.39180409795102467,0.15908467494444123,0.3593260351012878,0.3901795393835337,0.5043648282550267,-0.46918739621802824,-8.34598110034725e-06,-0.42108725194346536,0.06765864847381481,1.2895080924321987,3.367295829986474,1.3822863397223517,5.845588702866058
mp-766964,Li2Fe2SiO6,C222,-2.365,0.072,2.493,11,2.625,157.939,True,Orthorhombic,Medium,0.01662034076447236,0.6372045220966083,0.37894736842105264,0.6521056761705467,0.008196721311475405,0.2123938030984509,0.02532320061535419,1.372742138213365,0.4560869278451197,0.3772564306833634,-1.2051500974712934,-1.0157225917987935,-1.0601693742762084,0.06952606264861023,1.250760965824695,2.4849066497880004,1.2878542883066382,5.068520480809845
mp-762620,Li2Fe(Si2O5)2,P212121,-2.899,0.076,3.435,68,2.323,977.912,False,Orthorhombic,Medium,0.0023754693673868404,0.08838643371017474,0.4,0.8985090243264453,0.47540983606557385,0.06146926536731634,0.6125832486433489,-1.5367428029793728,0.5879017047682926,1.2449094054116747,1.2624895479073015,-1.8701674448264909,1.7456265377186642,0.07325046173959267,1.489527615761543,4.23410650459726,1.2008679893724572,6.886441750849925
mp-773468,LiFeSiO4,Imma,-2.546,0.076,1.311,14,3.898,131.954,True,Orthorhombic,Medium,0.029540597480940328,0.45118191161356647,0.4,0.342924404917604,0.032786885245901634,0.8485757121439284,0.006712889851454129,0.3865684034645175,0.5879017047682926,-0.7114546267782755,-1.0752743266618936,2.5859605138444475,-1.1490852370828946,0.07325046173959267,0.8376803312922436,2.70805020110221,1.588826958529976,4.890003203735123
mp-863888,Li2Fe(SiO3)2,Pmn21,-2.73,0.076,2.624,66,3.023,731.236,True,Orthorhombic,Medium,0.004134096242526353,0.2620760534429598,0.4,0.68637195919435,0.459016393442623,0.4112943528235884,0.4359152856648683,-0.6159507523022698,0.5879017047682926,0.4979173008419716,1.175905700701035,0.11033387013837091,0.9015469004778681,0.07325046173959267,1.287578388180733,4.204692619390966,1.392027892967651,6.5961028663717745
mp-762576,Li2Fe2Si2O7,C2cm,-2.573,0.076,2.7,26,3.039,320.953,True,Orthorhombic,Medium,0.009468676098992688,0.42343268242548815,0.4,0.7062516348417475,0.13114754098360656,0.4192903548225888,0.14207291001948763,0.23945961430308615,0.5879017047682926,0.5679190270408588,-0.5557712434242947,0.15560247162328206,-0.5023656236674299,0.07325046173959267,1.308332819650179,3.295836866004329,1.3959971365812758,5.774405572157892
mp-762534,Li2Fe2(SiO3)3,Pnma,-2.69,0.077,3.087,64,3.128,751.301,True,Orthorhombic,Medium,0.004163444478311622,0.303186022610483,0.4052631578947369,0.8074810358357312,0.4426229508196722,0.46376811594202905,0.45028572574482423,-0.3980118053964465,0.6208553989990858,0.9243751854483497,1.0893218534947684,0.40740906738310007,0.9702056184773356,0.07417939817425151,1.4078112045821403,4.174387269895637,1.4177930281792617,6.6231365098222374
mp-762648,LiFeSiO4,P212121,-2.544,0.078,1.873,28,3.34,307.957,True,Orthorhombic,Medium,0.010845670012371857,0.45323741007194274,0.41052631578947374,0.4899293748365159,0.14754098360655737,0.5697151424287856,0.1327652479572346,0.39746535080980744,0.653809093229879,-0.19381028304439973,-0.46918739621802824,1.0072180370581716,-0.5468355314232771,0.07510747248680541,1.0553567799971526,3.367295829986474,1.4678743481123135,5.733202108638241
mp-762533,Li2Fe2(SiO3)3,Pnma,-2.69,0.078,3.114,64,2.573,913.228,False,Orthorhombic,Medium,0.002817478220115897,0.303186022610483,0.41052631578947374,0.8145435521841486,0.4426229508196722,0.18640679660169912,0.5662569318662807,-0.3980118053964465,0.653809093229879,0.9492442197558488,1.0893218534947684,-1.1628455466247547,1.5242898561797884,0.07510747248680541,1.4143957912307654,4.174387269895637,1.2734055790412728,6.818079993299984
mp-762686,LiFeSiO4,Pna21,-2.544,0.078,2.38,28,2.872,358.225,True,Orthorhombic,Medium,0.008017307558098959,0.45323741007194274,0.41052631578947374,0.6225477373790217,0.14754098360655737,0.3358320839580211,0.16876690666340083,0.39746535080980744,0.653809093229879,0.2731749167297549,-0.46918739621802824,-0.31688855637547847,-0.3748277349419803,0.07510747248680541,1.2178757094949273,3.367295829986474,1.3537711694143306,5.883948933115271
mp-763624,Li2Fe(SiO3)2,Pm21n,-2.726,0.08,2.88,66,3.017,732.676,True,Orthorhombic,Medium,0.004117781939083578,0.26618705035971235,0.4210526315789474,0.7533350771645305,0.459016393442623,0.408295852073963,0.4369466055609628,-0.5941568576116875,0.7197164816914654,0.7337125890908544,1.175905700701035,0.0933581445815286,0.9064743140796242,0.07696104113612832,1.355835153635182,4.204692619390966,1.3905353553771451,6.598067514267666
mp-762696,LiFeSiO4,Pbca,-2.539,0.083,1.791,56,2.96,694.96,True,Orthorhombic,Medium,0.004259237941752043,0.45837615621788297,0.436842105263158,0.4684802511116924,0.3770491803278688,0.3798100949525238,0.40993461861575387,0.4247077191730348,0.8185775643838451,-0.2693384613116201,0.7429864646697025,-0.06791124820846708,0.7774171394936334,0.07973496801885356,1.026399954554185,4.04305126783455,1.3762440252663892,6.545292187418515
mp-762746,Li2Fe2SiO6,Fdd2,-2.348,0.089,2.223,66,2.98,834.696,True,Orthorhombic,Medium,0.003570162070981531,0.6546762589928061,0.46842105263157896,0.5814805126863719,0.459016393442623,0.38980509745127434,0.5100127554217704,1.4653661906483417,1.0162997297686038,0.1285660876083697,1.175905700701035,-0.011325496352328136,1.2555678805040271,0.08525984395082342,1.1703126028333009,4.204692619390966,1.3812818192963463,6.72826491058933
mp-868335,Li2Fe2Si3O10,F2dd,-2.647,0.092,3.04,34,2.286,537.355,True,Orthorhombic,Medium,0.0042541708926128905,0.3473792394655706,0.4842105263157895,0.7951870258958933,0.19672131147540986,0.04297851074462766,0.29705880457132544,-0.16372743747268578,1.1151608124609835,0.8810846442464062,-0.2094358545992288,-1.9748510857603476,0.23812198622645028,0.0880108773227133,1.3962446919730587,3.5553480614894135,1.1896710196150764,6.28851819385675
mp-865154,LiFe(Si3O7)2,Icma,-2.981,0.093,2.647,88,2.807,1077.384,False,Orthorhombic,Medium,0.0026053848952648268,0.004110996916752541,0.48947368421052634,0.6923881768244834,0.639344262295082,0.3033483258370815,0.683824535243567,-1.9835176441363094,1.1481145066917768,0.519102033770582,2.1283280199699663,-0.5007922499079297,2.0860013195199603,0.08892620919440151,1.293904911826543,4.48863636973214,1.3368414774003603,6.983218903252724
mp-762827,Li5Fe(SiO4)2,Pnma,-2.598,0.094,2.082,128,2.655,1374.684,False,Orthorhombic,Medium,0.0019313529509327233,0.39773895169578655,0.4947368421052632,0.5445984828668585,0.9672131147540984,0.22738630684657668,0.8967491221247481,0.10324777248694718,1.18106820092257,-0.001305535997460337,3.8600049640952956,-0.9308439640145857,3.103306919382487,0.08984070399978947,1.125578736897924,4.859812404361672,1.2960960932017418,7.226706340956632
mp-762638,LiFeSiO4,P21nb,-2.527,0.095,2.128,56,2.635,780.749,True,Orthorhombic,Medium,0.0033749642971044468,0.4707091469681397,0.5,0.5566309181271254,0.3770491803278688,0.21739130434782594,0.47137621761995724,0.4900894032447818,1.2140218951533632,0.041063929859761046,0.7429864646697025,-0.9874297158707246,1.0709712266332443,0.09075436326846414,1.1403938226830648,4.04305126783455,1.2906091109854827,6.661533717155809
mp-762775,Li2Fe2Si2O9,Pnca,-2.339,0.111,0.033,60,3.442,628.652,False,Orthorhombic,Medium,0.005475207268886443,0.6639260020554985,0.5842105263157895,0.00863196442584358,0.4098360655737705,0.6206896551724139,0.36244520217809034,1.5144024537021514,1.7412810028460541,-1.8885889173332455,0.9161541590822355,1.2958053715244808,0.5505234303927776,0.10526051065749295,0.032467190137501496,4.110873864173311,1.4911047254722358,6.445167285814634
mp-763746,Li2FeSiO5,Pmc21,-2.342,0.112,0.0,36,3.125,377.974,True,Orthorhombic,Medium,0.008267764449406573,0.6608427543679345,0.5894736842105264,0.0,0.21311475409836064,0.46226886556721647,0.18291102932171377,1.498057032684214,1.7742346970768474,-1.918984403709078,-0.12285200739296233,0.3989212046046789,-0.3072503104828986,0.10616019582839065,0.0,3.6109179126442243,1.4170660197866443,5.937467601146117
mp-775750,LiFe(Si2O5)3,Cmce,-2.836,0.122,2.611,92,2.508,1248.278,False,Orthorhombic,Medium,0.00200916782960206,0.1531346351490237,0.6421052631578947,0.6829714883599268,0.6721311475409837,0.15392303848075972,0.8062178563013287,-1.1934889616027005,2.103771639384779,0.48594332136058316,2.3014957143824994,-1.346749240157206,2.670768972338348,0.11511280710050457,1.2839847422953208,4.532599493153256,1.2550460745099365,7.1303210634212055
mp-767128,Li2CoSiO4,P21nm,-2.532,0.005,2.72,16,3.249,168.54,True,Orthorhombic,Low,0.019277322890708437,0.46557040082219947,0.026315789473684213,0.7114831284331677,0.04918032786885246,0.5242378810594703,0.032915577155977815,0.46284703488155443,-1.7518105856180237,0.5863405339353028,-0.9886904794556272,0.7497528661127404,-1.0238947134482816,0.004987541511039074,1.3137236682850553,2.833213344056216,1.4466836611326745,5.13308888718026
mp-764641,Li2CoSiO4,Pc21n,-2.532,0.005,2.918,32,3.181,344.33,True,Orthorhombic,Low,0.009238230766996777,0.46557040082219947,0.026315789473684213,0.7632749149882292,0.18032786885245902,0.49025487256371836,0.15881538586046096,0.46284703488155443,-1.7518105856180237,0.7687134521902981,-0.2960197018054953,0.5573613098018679,-0.422373854383924,0.004987541511039074,1.365581319522349,3.4965075614664802,1.430550452374428,5.84450048159508
mp-763304,Li2CoSiO4,Pc21n,-2.532,0.005,2.994,32,3.148,347.939,True,Orthorhombic,Low,0.009047562934882264,0.46557040082219947,0.026315789473684213,0.7831545906356265,0.18032786885245902,0.4737631184407798,0.16140013135004788,0.46284703488155443,-1.7518105856180237,0.8387151783891853,-0.2960197018054953,0.463994819239239,-0.41002452404452305,0.004987541511039074,1.3847932349936236,3.4965075614664802,1.4226262903672808,5.854897121825445
mp-763309,Li2CoSiO4,Pcmn,-2.531,0.006,2.841,32,3.231,338.972,True,Orthorhombic,Low,0.009531760735399974,0.4665981500513876,0.031578947368421054,0.7431336646612609,0.18032786885245902,0.5152423788105946,0.1549780164137426,0.46829550855419944,-1.7188568913872304,0.6977906506466889,-0.2960197018054953,0.6988256894422147,-0.44070793916045753,0.005982071677547464,1.3457327493637679,3.4965075614664802,1.4424383717379303,5.828863261277841
mp-764956,Li2CoSiO4,C2221,-2.527,0.01,2.8,16,3.104,176.442,True,Orthorhombic,Low,0.017592183267022592,0.4707091469681397,0.052631578947368425,0.7324091027988491,0.04918032786885246,0.4517741129435284,0.03857494508579651,0.4900894032447818,-1.5870421144640576,0.6600265615130784,-0.9886904794556272,0.33950616515573334,-0.996855531308646,0.009950330853168083,1.33500106673234,2.833213344056216,1.4119621078684685,5.178643794954225
mp-763391,Li2Co(SiO3)2,F2dd,-2.729,0.012,2.973,22,2.888,258.73,True,Orthorhombic,Low,0.011162215436941984,0.26310380267214795,0.06315789473684211,0.7776615223646351,0.09836065573770492,0.3438280859570215,0.09750914759262005,-0.6105022786296248,-1.5211347260024712,0.8193725961500188,-0.7289389378368277,-0.2716199548905673,-0.7152812184883043,0.011928570865273802,1.379521476832462,3.1354942159291497,1.3578948865981926,5.5596426299022985
mp-763485,Li2CoSiO4,Pmnb,-2.523,0.014,2.693,32,3.159,346.674,True,Orthorhombic,Low,0.009112307239654546,0.47482014388489224,0.0736842105263158,0.7044206120847503,0.18032786885245902,0.47926036981509257,0.1604941454691037,0.5118832979353641,-1.455227337540885,0.5614714996278033,-0.2960197018054953,0.4951169827601145,-0.4143531200210657,0.013902905168991422,1.3064391358704261,3.4965075614664802,1.4252746607607745,5.851265259111167
mp-764957,Li2CoSiO4,Pbn21,-2.522,0.015,2.757,32,3.226,339.508,True,Orthorhombic,Low,0.009501985225679513,0.4758478931140804,0.07894736842105264,0.7211613915772954,0.18032786885245902,0.5127436281859072,0.15536189659728888,0.5173317716080115,-1.4222736433100918,0.620420321690024,-0.2960197018054953,0.6846792514781803,-0.4388738463198039,0.014888612493750654,1.3236207665918318,3.4965075614664802,1.441255919193865,5.830438620174067
mp-763492,Li3CoSiO5,P21nb,-2.418,0.033,1.176,40,2.941,424.186,True,Orthorhombic,Low,0.00693327926899992,0.5827338129496402,0.1736842105263158,0.3076118231755166,0.24590163934426232,0.3703148425787106,0.21600780365388045,1.0839730335631497,-0.8291071471558144,-0.8357997983157723,0.05031568701957064,-0.12166771247179939,-0.1491213956465478,0.032467190137501496,0.7774883289936961,3.713572066704308,1.3714344982128666,6.052526720243699
mp-762880,LiCoSiO4,Pn21a,-2.376,0.06,1.422,28,3.033,345.946,True,Orthorhombic,Medium,0.008767264255114959,0.6258992805755397,0.31578947368421056,0.3719591943499869,0.14754098360655737,0.41629185407296365,0.15997275596607818,1.3128089278142654,0.06064259707560157,-0.6092152635141115,-0.46918739621802824,0.13862674606643977,-0.41684420134195327,0.05826890812397577,0.8845936451309006,3.367295829986474,1.394510515891231,5.849169148240332
mp-763240,LiCoSiO4,C2221,-2.374,0.062,1.265,14,2.98,176.01,True,Orthorhombic,Medium,0.016930856201352196,0.6279547790339159,0.3263157894736842,0.3308919696573372,0.032786885245901634,0.38980509745127434,0.03826554911696814,1.3237058751595554,0.126549985537188,-0.7538240926354967,-1.0752743266618936,-0.011325496352328136,-0.9983337553891729,0.06015392281974709,0.8175747589349973,2.70805020110221,1.3812818192963463,5.176206228153065
mp-543100,LiCoSiO4,Pbn21,-2.371,0.065,1.398,28,2.985,351.446,True,Orthorhombic,Medium,0.00849348121759815,0.6310380267214799,0.34210526315789475,0.3656814020402825,0.14754098360655737,0.39230384807596197,0.16391182501366142,1.3400512961774926,0.22541106822956766,-0.6313210717874442,-0.46918739621802824,0.002820941611706286,-0.3980242188352466,0.06297479916138844,0.8746350566053225,3.367295829986474,1.3825373122421782,5.864897419027947
mp-763443,Li2Co(SiO3)2,Fdd2,-2.675,0.065,2.969,66,2.861,783.351,True,Orthorhombic,Medium,0.0036522580554566217,0.3186022610483046,0.34210526315789475,0.776615223646351,0.459016393442623,0.3303348325837083,0.47323975537665014,-0.31628470030676215,0.22541106822956766,0.81568829477113,1.175905700701035,-0.3480107198963539,1.0798747892664171,0.06297479916138844,1.3785141738009283,4.204692619390966,1.3509262172820993,6.6648566242424705
mp-763589,LiCoSiO4,Pb21a,-2.37,0.066,1.194,56,3.014,696.129,True,Orthorhombic,Medium,0.004329657290530921,0.632065775950668,0.3473684210526316,0.31232016740779495,0.3770491803278688,0.40679660169915044,0.41077184983695836,1.3454997698501376,0.2583647624603609,-0.8192204421107727,0.7429864646697025,0.08487028180310745,0.7814172412300588,0.0639133257436528,0.7857263618530385,4.04305126783455,1.3897882503741463,6.546970472545148
mp-763584,LiCoSiO4,Pb21a,-2.369,0.067,1.31,56,3.029,692.711,True,Orthorhombic,Medium,0.004372674896168821,0.6330935251798562,0.35263157894736846,0.342662830238033,0.3770491803278688,0.41429285357321355,0.40832389747247844,1.3509482435227826,0.2913184566911541,-0.7123757021229976,0.7429864646697025,0.12730959569521197,0.7697214775558909,0.06485097231961633,0.8372475245337022,4.04305126783455,1.3935182062092102,6.542055447264238
mp-772320,Li2CoSiO4,Pca21,-2.467,0.07,2.916,64,3.046,719.179,True,Orthorhombic,Medium,0.004235385071032385,0.5323741007194247,0.368421052631579,0.7627517656290871,0.4426229508196722,0.4227886056971515,0.4272801301181935,0.8169978236035168,0.3901795393835337,0.7668713015008535,1.0893218534947684,0.17540748477292975,0.8602900770081657,0.06765864847381481,1.3650707246682638,4.174387269895637,1.3977287387455535,6.579499792222591
mp-763369,Li2Co2Si2O7,C2cm,-2.455,0.07,2.344,26,3.213,309.993,True,Orthorhombic,Medium,0.010364750171778073,0.5447070914696814,0.368421052631579,0.6131310489144651,0.13114754098360656,0.5062468765617194,0.13422341969921267,0.8823795076752637,0.3901795393835337,0.24001620431975576,-0.5557712434242947,0.6478985127716903,-0.5398687160807943,0.06765864847381481,1.207167695222455,3.295836866004329,1.4381749829968795,5.73977040388734
mp-779191,LiCoSiO4,Pbn21,-2.365,0.07,1.527,28,3.029,346.421,False,Orthorhombic,Medium,0.008743696253979983,0.6372045220966083,0.368421052631579,0.39942453570494374,0.14754098360655737,0.41429285357321355,0.1603129482929149,1.372742138213365,0.3901795393835337,-0.5125023523182806,-0.46918739621802824,0.12730959569521197,-0.4152188392163742,0.06765864847381481,0.9270328284060572,3.367295829986474,1.3935182062092102,5.850537301030121
mp-763386,Li2Co2Si2O7,C2cm,-2.453,0.072,2.84,26,3.579,278.304,True,Orthorhombic,Medium,0.012860037944118663,0.5467625899280577,0.37894736842105264,0.7428720899816897,0.13114754098360656,0.6891554222888558,0.11152793623578261,0.8932764550205561,0.4560869278451197,0.6968695753019664,-0.5557712434242947,1.6834177717390324,-0.6483026116544359,0.06952606264861023,1.3454723665996355,3.295836866004329,1.5214806336749584,5.63230079436666
mp-763376,Li2Co(Si2O5)2,P212121,-2.858,0.075,3.273,68,2.37,967.213,True,Orthorhombic,Medium,0.0024503392737690666,0.13052415210688606,0.39473684210526316,0.8561339262359404,0.47540983606557385,0.08495752123938027,0.604920685054241,-1.3133553824009045,0.5549480105374993,1.0956951995666786,1.2624895479073015,-1.737190927964564,1.7090165390206178,0.07232066157962612,1.4523161566618878,4.23410650459726,1.2149127443642704,6.87545210439335
mp-763406,Li2Co2(SiO3)3,Pnma,-2.591,0.076,2.744,64,2.658,899.635,True,Orthorhombic,Medium,0.002954531560021564,0.4049331963001026,0.4,0.7177609207428722,0.4426229508196722,0.22888555722138926,0.5565217017637718,0.14138708819546444,0.5879017047682926,0.6084463422086356,1.0893218534947684,-0.9223561012361645,1.4777771248682134,0.07325046173959267,1.3201545586153456,4.174387269895637,1.296916549968674,6.803100070092561
mp-762722,LiCoSiO4,P21nb,-2.353,0.082,1.411,28,3.112,337.098,True,Orthorhombic,Medium,0.009231736764976357,0.6495375128468655,0.4315789473684211,0.3690818728747058,0.14754098360655737,0.45577211394302863,0.15363586816007518,1.438123822285112,0.7856238701530519,-0.6193470923060556,-0.46918739621802824,0.3621404658981889,-0.44712042047274253,0.07881118042428978,0.880041599199034,3.367295829986474,1.413909528152864,5.823335794286702
mp-762892,LiCoSiO4,Pcmn,-2.352,0.083,0.77,28,3.736,280.858,True,Orthorhombic,Medium,0.013302095720969315,0.6505652620760536,0.436842105263158,0.20141250326968352,0.14754098360655737,0.7676161919040483,0.11335709666260585,1.4435722959577595,0.8185775643838451,-1.209756388272985,-0.46918739621802824,2.127615923809723,-0.6395632961413215,0.07973496801885356,0.5709795465857378,3.367295829986474,1.5551928975817046,5.6414033980169105
mp-763260,LiCoSiO4,Pc21n,-2.352,0.083,1.367,28,2.935,357.496,True,Orthorhombic,Medium,0.008209882068610558,0.6505652620760536,0.436842105263158,0.35757258697358096,0.14754098360655737,0.36731634182908546,0.16824480096600297,1.4435722959577595,0.8185775643838451,-0.6598744074738323,-0.46918739621802824,-0.13864343802864046,-0.3773222380778694,0.07973496801885356,0.8616233305318469,3.367295829986474,1.3699108818693666,5.881917502376313
mp-762888,LiCoSiO4,Cmcm,-2.351,0.084,0.871,14,3.762,139.432,True,Orthorhombic,Medium,0.02698089391244478,0.6515930113052417,0.4421052631578948,0.2278315459063563,0.032786885245901634,0.780609695152424,0.012068591367422735,1.4490207696304045,0.8515312586146383,-1.116727778456043,-1.0752743266618936,2.2011774012227026,-1.1234969045037762,0.08065790301745447,0.6264730472919525,2.70805020110221,1.5606677480646711,4.944723385849762
mp-779192,LiCoSiO4,P21nb,-2.351,0.084,1.323,28,3.0,349.762,True,Orthorhombic,Medium,0.00857726110898268,0.6515930113052417,0.4421052631578948,0.3460633010724562,0.14754098360655737,0.3998000999500251,0.16270575369072865,1.4490207696304045,0.8515312586146383,-0.7004017226416092,-0.46918739621802824,0.04526025550381081,-0.4037865552973002,0.08065790301745447,0.8428594537882721,3.367295829986474,1.3862943611198906,5.860107930799336
mp-763360,Li2Co2(SiO3)3,Pnma,-2.574,0.094,2.842,64,3.249,735.894,True,Orthorhombic,Medium,0.0044150380353692245,0.42240493319630046,0.4947368421052632,0.7433952393408318,0.4426229508196722,0.5242378810594703,0.4392513190509852,0.23401114063044118,1.18106820092257,0.698711725991411,1.0893218534947684,0.7497528661127404,0.9174857147535481,0.08984070399978947,1.345993064346365,4.174387269895637,1.4466836611326745,6.602444055522408
mp-762860,LiCoSiO4,Pcmn,-2.339,0.097,0.736,28,3.605,291.06,True,Orthorhombic,Medium,0.012385762385762385,0.6639260020554985,0.5105263157894737,0.19251896416426892,0.14754098360655737,0.7021489255372315,0.12066371164868661,1.5144024537021514,1.2799292836149496,-1.2410729499935398,-0.46918739621802824,1.7569792491520124,-0.6046539394988812,0.0925791812930932,0.5515836162381584,3.367295829986474,1.5271426697072703,5.676959260612326
mp-762247,LiCoSiO4,P212121,-2.327,0.109,0.702,28,3.203,327.583,True,Orthorhombic,Medium,0.009777674665657252,0.6762589928057556,0.5736842105263158,0.1836254250588543,0.14754098360655737,0.5012493753123439,0.1468212787077562,1.5797841377738984,1.6753736143844677,-1.2723895117140946,-0.46918739621802824,0.6196056368436201,-0.47967899020934507,0.10345870836822998,0.5318040301511824,3.367295829986474,1.4357985560229796,5.794789469633114
mp-762883,LiCoSiO4,Imcm,-2.291,0.144,0.511,14,4.15,126.395,True,Orthorhombic,Medium,0.03283357727758219,0.7132579650565263,0.7578947368421053,0.13366466126078996,0.032786885245901634,0.9745127436281862,0.0027315653359058917,1.7759291899891394,2.8287529124622286,-1.4483149025560345,-1.0752743266618936,3.2989409872317985,-1.1681071066746733,0.13453089295760615,0.41277168329060254,2.70805020110221,1.6389967146756448,4.847292495900082
mp-763534,Li2Co2SiO6,Ccme,-2.012,0.19,0.717,22,3.927,216.338,True,Orthorhombic,High,0.018152150801061303,1.0000000000000004,1.0,0.18754904525241958,0.09836065573770492,0.8630684657671166,0.06714823576259302,3.2960533446572553,4.344622847078716,-1.2585733815432614,-0.7289389378368277,2.668009854035849,-0.860338800019997,0.17395330712343804,0.5405785819153384,3.1354942159291497,1.594730283561826,5.381453745420653
mp-767711,Li2Mn2Si4O11,P1,-2.904,0.012,0.904,38,3.098,441.742,True,Triclinic,Low,0.007013143418556533,0.08324768756423451,0.06315789473684211,0.23646351033219987,0.22950819672131148,0.44877561219390305,0.22858131205376614,-1.5639851713426,-1.5211347260024712,-1.0863322920802105,-0.03626816018669584,0.322530439598891,-0.08904801148513994,0.011928570865273802,0.6439569363691736,3.6635616461296463,1.410499049816708,6.092987207612064
mp-868265,Li2Mn4Si4O13,P1,-2.755,0.019,2.346,46,3.481,528.536,True,Triclinic,Low,0.006586117123526118,0.2363823227132582,0.1,0.6136541982736072,0.29508196721311475,0.6401799100449777,0.29074268640211876,-0.7521625941184088,-1.2904588663869192,0.24185835500920036,0.3100672286383701,1.4061475876439509,0.20794499973069616,0.018821754240587758,1.2077656025646322,3.8501476017100584,1.499846235804006,6.272001151398891
mp-761470,Li2Mn2Si5O13,P1,-2.946,0.02,3.286,44,3.009,521.131,True,Triclinic,Low,0.005773980054919013,0.04008221993833505,0.10526315789473685,0.8595343970703636,0.2786885245901639,0.4042978510744628,0.28543926707532713,-1.7928210655937158,-1.257505172156126,1.107669179048067,0.2234833814321036,0.07072384383907301,0.1826064596466666,0.019802627296179712,1.455353897051385,3.8066624897703196,1.38854183366037,6.25791851425239
mp-868673,Li15Mn15SiO32,P1,-2.194,0.028,0.311,63,4.093,595.723,False,Triclinic,Low,0.006870642899468377,0.8129496402877701,0.1473684210526316,0.08134972534658645,0.43442622950819676,0.946026986506747,0.3388616376930233,2.3044311362357606,-0.9938756183097803,-1.6325299715004742,1.0460299298916351,3.137671594441801,0.43784648421762384,0.027615167032973367,0.2707902047815628,4.1588830833596715,1.6278670479024675,6.391453019117847
mp-761381,Li2Mn5(Si2O7)2,P1,-2.69,0.031,0.0,25,3.434,302.156,True,Triclinic,Low,0.011364990269926793,0.303186022610483,0.1631578947368421,0.0,0.12295081967213115,0.6166916541729137,0.1286106044035927,-0.3980118053964465,-0.8950145356174007,-1.918984403709078,-0.599063167027428,1.2731710707820254,-0.5666854802453507,0.03052920503482287,0.0,3.258096538021482,1.4893021111941198,5.714247524503965
mp-766967,Li2Mn3(Si3O8)2,P1,-2.894,0.043,2.865,54,3.012,665.118,True,Triclinic,Low,0.004528519751382461,0.09352517985611497,0.22631578947368422,0.7494114569709653,0.3606557377049181,0.4057971014492754,0.3885619461579395,-1.5095004346161454,-0.4995702048478826,0.7198964589200216,0.6564026174634361,0.07921170661749417,0.6753033362272443,0.042101176018635396,1.3519616820393854,4.007333185232471,1.3892898700996892,6.501466832023544
mp-767443,Li2Mn5Si5O16,P1,-2.736,0.045,2.164,28,2.985,381.117,True,Triclinic,Low,0.007832240493076929,0.25590955806783144,0.2368421052631579,0.566047606591682,0.14754098360655737,0.39230384807596197,0.18516202823381456,-0.6486415943381445,-0.4336628163862962,0.07422264226976023,-0.46918739621802824,0.002820941611706286,-0.2964955459340659,0.04401688541677433,1.1518370499054076,3.367295829986474,1.3825373122421782,5.945726844434111
mp-850240,Li2Mn3(SiO4)2,P1,-2.61,0.05,2.045,45,3.062,590.331,True,Triclinic,Low,0.005186920558127558,0.38540596094552937,0.26315789473684215,0.5349202197227308,0.28688524590163933,0.4307846076961519,0.3349999176376472,0.03786608841520018,-0.26889434523233013,-0.03538532375218162,0.26677530503523683,0.2206760862578409,0.41939605773104904,0.048790164169432,1.1135009011618604,3.828641396489095,1.4016754631581927,6.382375928308624
mp-850159,Li2Mn(Si2O5)2,P1,-2.958,0.054,3.036,34,2.633,430.361,True,Triclinic,Medium,0.006118119439261457,0.027749229188077873,0.28421052631578947,0.7941407271776093,0.19672131147540986,0.2163918040979511,0.22043030390275797,-1.8582027496654627,-0.1370795683091575,0.8774003428675174,-0.2094358545992288,-0.9930882910563379,-0.127991688014018,0.05259245011917058,1.3952541024913625,3.5553480614894135,1.2900587532390648,6.066945326530458
mp-761439,LiMn(SiO3)2,P1,-2.801,0.059,0.714,80,3.314,858.022,True,Triclinic,Medium,0.0038623718272958033,0.1891058581706062,0.3105263157894737,0.1867643212137065,0.5737704918032788,0.55672163918041,0.5267187053497571,-1.0027923830601069,0.027688902844808357,-1.2613366075774282,1.7819926311449004,0.9336565596451917,1.3353851372224708,0.05732506661926941,0.538829820175588,4.394449154672439,1.4618655479669647,6.7557945328320805
mp-768071,Li5Mn17(SiO16)2,P1,-2.172,0.059,0.348,56,4.201,607.507,True,Triclinic,Medium,0.006915146656746342,0.8355601233299077,0.3105263157894737,0.0910279884907141,0.3770491803278688,1.0000000000000002,0.34730127217606344,2.4242975570339618,0.027688902844808357,-1.598450183745753,0.7429864646697025,3.4432346544649506,0.4781691521919932,0.05732506661926941,0.2986220124901153,4.04305126783455,1.6488509147909354,6.4110084160590315
mp-761417,Li2Mn2Si4O11,P1,-2.847,0.069,0.0,38,2.897,472.42,True,Triclinic,Medium,0.006132255196647051,0.14182939362795466,0.3631578947368422,0.0,0.22950819672131148,0.34832583708145926,0.25055272300681314,-1.2534221720018024,0.35722584515274053,-1.918984403709078,-0.03626816018669584,-0.24615636655530507,0.015926429122268715,0.06672363204290818,0.0,3.6635616461296463,1.3602070263565722,6.159982943758245
mp-868526,Li9Mn5(SiO8)2,P1,-2.372,0.07,1.154,32,3.706,290.951,True,Triclinic,Medium,0.012737539998144016,0.6300102774922922,0.368421052631579,0.3018571802249542,0.18032786885245902,0.7526236881559223,0.12058564646210723,1.3346028225048479,0.3901795393835337,-0.8560634558996607,-0.2960197018054953,2.0427372960255137,-0.605026917334014,0.06765864847381481,0.7673265787341967,3.4965075614664802,1.5488382903051707,5.676585979967729
mp-767282,Li2MnSi3O8,P1,-2.872,0.082,2.655,14,2.497,186.943,True,Triclinic,Medium,0.013357012565327397,0.11613566289825306,0.4315789473684211,0.6944807742610515,0.032786885245901634,0.14842578710644672,0.046095702189191345,-1.3896340138179415,0.7856238701530519,0.5264706365283596,-1.0752743266618936,-1.3778714036780828,-0.960923051980841,0.07881118042428978,1.2960960932017418,2.70805020110221,1.2519054580812388,5.236138725368756
mp-761967,LiMnSi3O8,P1,-2.868,0.09,1.055,26,2.963,307.264,False,Triclinic,Medium,0.009643173297229744,0.12024665981500515,0.4736842105263158,0.2759612869474235,0.13114754098360656,0.3813093453273364,0.1322689252572391,-1.367840119127359,1.0492534239993971,-0.9472499150271584,-0.5557712434242947,-0.059423385430045925,-0.5492068492191221,0.08617769624105233,0.7202758479481979,3.295836866004329,1.377001314208298,5.730956558693556
mp-767982,Li3Mn2(SiO4)2,P1,-2.605,0.09,0.0,15,2.938,177.985,True,Triclinic,Medium,0.016507009017613844,0.3905447070914696,0.4736842105263158,0.0,0.04098360655737705,0.36881559220389826,0.039680033002236687,0.06510845677842748,1.0492534239993971,-1.918984403709078,-1.0319824030587603,-0.13015557525021929,-0.9915756707617644,0.08617769624105233,0.0,2.772588722239781,1.3706729802169337,5.187302003446751
mp-761430,Li7Mn11(Si3O16)2,P1,-2.439,0.092,0.361,56,3.909,566.407,False,Triclinic,Medium,0.006901397758149175,0.5611510791366907,0.4842105263157895,0.09442845932513733,0.3770491803278688,0.8540729635182409,0.3178656834750324,0.9695550864375931,1.1151608124609835,-1.5864762042643643,0.7429864646697025,2.617082677365323,0.3375325556418763,0.0880108773227133,0.30821972366932904,4.04305126783455,1.5910702550759155,6.34107685927433
mp-780147,LiMnSiO4,P1,-2.58,0.098,0.995,28,3.294,310.44,True,Triclinic,Medium,0.010610746037881716,0.41623843782117165,0.5157894736842106,0.26026680617316245,0.14754098360655737,0.5467266366816592,0.13454355858362535,0.20132029859456646,1.312882977845743,-1.0025144357104903,-0.46918739621802824,0.8770708077890527,-0.5383391647752493,0.0934903430873389,0.6906440503418267,3.367295829986474,1.4572186994565894,5.7412067033022005
mp-767274,Li3MnSi2O7,P1,-2.68,0.099,1.161,13,2.709,149.499,True,Triclinic,Medium,0.018120522545301308,0.3134635149023639,0.5210526315789474,0.30368820298195137,0.02459016393442623,0.2543728135932035,0.019278520113244643,-0.34352706866999183,1.345836672076536,-0.8496159284866053,-1.1185662502650269,-0.7780624340030099,-1.0890494928865004,0.09440067542148432,0.770571077524749,2.6390573296152584,1.3107622985074538,5.013956439648583
mp-780196,LiMnSiO4,P1,-2.577,0.1,0.409,28,2.984,342.663,True,Triclinic,Medium,0.008708264388043063,0.41932168550873605,0.5263157894736843,0.10698404394454616,0.14754098360655737,0.39180409795102467,0.15762148984185712,0.21766571961250383,1.3787903663073293,-1.5422645877176988,-0.46918739621802824,-8.34598110034725e-06,-0.4280780199909566,0.09531017980432487,0.3428802329165431,3.367295829986474,1.3822863397223517,5.839661526038781
mp-761735,Li2Fe2Si4O11,P1,-2.837,0.013,1.892,38,3.189,431.059,True,Triclinic,Low,0.0073980591983927955,0.15210688591983557,0.06842105263157895,0.49489929374836517,0.22950819672131148,0.49425287356321856,0.2209302075746149,-1.198937435275348,-1.4881810317716782,-0.17630985149467807,-0.03626816018669584,0.5799956105443236,-0.12560326114316672,0.012916225266546327,1.0619483042965183,3.6635616461296463,1.432462041964898,6.0685621529927944
mp-765915,LiFe(SiO3)2,P1,-2.791,0.03,3.056,20,2.2,324.509,True,Triclinic,Low,0.00677947298842251,0.19938335046248712,0.15789473684210528,0.7993722207690296,0.0819672131147541,0.0,0.14461969720734327,-0.9483076463336497,-0.9279682298481939,0.8958218497619614,-0.8155227850430942,-2.2181698187417447,-0.4901976495230935,0.0295588022415444,1.400197266288882,3.044522437723423,1.1631508098056809,5.785390111035961
mp-868566,LiFe(SiO3)2,P1,-2.79,0.031,2.427,30,3.193,335.392,True,Triclinic,Low,0.009520203224883122,0.20041109969167525,0.1631578947368421,0.6348417473188596,0.1639344262295082,0.49625187406296867,0.15241404056095206,-0.9428591726610048,-0.8950145356174007,0.3164654579316984,-0.3826035490117618,0.5913127609155513,-0.4529580368648229,0.03052920503482287,1.2316852428924718,3.4339872044851463,1.4334164681886254,5.818277146603173
mp-761402,Li2Fe5(Si2O7)2,P1,-2.563,0.031,0.0,25,3.492,299.319,True,Triclinic,Low,0.011666482916219818,0.43371017471736906,0.1631578947368421,0.0,0.12295081967213115,0.6456771614192904,0.12657876096941206,0.29394435102954075,-0.8950145356174007,-1.918984403709078,-0.599063167027428,1.4372697511648276,-0.5763931694038101,0.03052920503482287,0.0,3.258096538021482,1.5022980368761967,5.704845243051088
mp-761459,LiFeSi3O8,P1,-2.896,0.032,3.342,26,2.76,330.953,False,Triclinic,Low,0.008339552746160332,0.09146968139773914,0.16842105263157897,0.8741825791263407,0.13114754098360656,0.27986006996501755,0.14923485374236622,-1.5203973819614354,-0.8620608413866075,1.1592493983525103,-0.5557712434242947,-0.6337687667698565,-0.4681474736552359,0.03149866705937099,1.4683350714561003,3.295836866004329,1.324418957401803,5.804993392629979
mp-761705,Li2Fe4Si4O13,P1,-2.632,0.032,3.118,46,3.599,514.551,False,Triclinic,Low,0.006994447586342267,0.3627954779033917,0.16842105263157897,0.8155898509024326,0.29508196721311475,0.6991504247876064,0.2807267081056731,-0.08200033238300386,-0.8620608413866075,0.9529285211347376,0.3100672286383701,1.7400035235951712,0.16009091693864325,0.03149866705937099,1.4153676086055977,3.8501476017100584,1.5258388885577867,6.245236231638145
mp-761475,Li2Fe2Si5O13,P1,-2.875,0.034,3.394,44,3.086,510.174,True,Triclinic,Low,0.006048916644125338,0.11305241521068865,0.17894736842105266,0.8877844624640335,0.2786885245901639,0.44277861069465274,0.27759192533816907,-1.4059794348358787,-0.7961534529250212,1.2071453162780648,0.2234833814321036,0.28857898848520763,0.1451136326783057,0.03343477608623739,1.4802399739624186,3.8066624897703196,1.4075664963954304,6.23671004105
mp-773691,LiFe(SiO3)2,P1,-2.785,0.036,2.596,80,3.251,878.288,False,Triclinic,Low,0.0037015193194032026,0.20554984583761549,0.18947368421052632,0.6790478681663615,0.5737704918032788,0.5252373813093454,0.5412331004985429,-0.9156168042977775,-0.7302460644634349,0.47212719118975005,1.7819926311449004,0.7554114412983537,1.404731640037183,0.03536714383729131,1.279822116609374,4.394449154672439,1.447154249376653,6.779112489072453
mp-767996,Li3Fe2(SiO4)2,P1,-2.585,0.039,1.626,15,2.951,178.21,True,Triclinic,Low,0.016559115650075753,0.4110996916752314,0.20526315789473687,0.4253204289824745,0.04098360655737705,0.3753123438280861,0.03984117673600143,0.17407793023133916,-0.6313849817710553,-0.42131589319078294,-1.0319824030587603,-0.0933748365437293,-0.9908057623864902,0.038258712117090345,0.9654617758806044,2.772588722239781,1.3739687114292538,5.188558302555298
mp-761820,LiFeSi3O8,P1,-2.886,0.041,3.16,26,2.703,337.873,True,Triclinic,Low,0.008000047355071285,0.10174717368961961,0.21578947368421056,0.8265759874444155,0.13114754098360656,0.25137431284357814,0.15419091879859825,-1.4659126452349809,-0.5654775933094689,0.9916136856130702,-0.5557712434242947,-0.7950381595598522,-0.4444685138467976,0.04018178963283184,1.425515074273172,3.295836866004329,1.3091433019314755,5.825625405920189
mp-767726,Li2Fe2Si3O10,P1,-2.694,0.044,2.325,34,2.821,435.364,True,Triclinic,Low,0.006479635431500997,0.2990750256937309,0.23157894736842105,0.6081611300026158,0.19672131147540986,0.3103448275862071,0.22401342434731414,-0.41980570008702883,-0.4666165106170894,0.22251577277003426,-0.2094358545992288,-0.4611822236086318,-0.1108723475629174,0.04305948946044697,1.2014696741078175,3.5553480614894135,1.340512168464763,6.078476757430598
mp-763810,Li17Fe6(Si2O7)6,P1,-2.691,0.046,0.0,77,2.868,846.546,False,Triclinic,Low,0.003387884415022928,0.3021582733812953,0.24210526315789474,0.0,0.5491803278688525,0.3338330834582708,0.5184996587333817,-0.40346027906909143,-0.400709122155503,-1.918984403709078,1.6521168603355005,-0.32820570674670624,1.296116388268477,0.044973365642731154,0.0,4.356708826689592,1.352737577591048,6.742345115067782
mp-767707,Li2Fe5Si5O16,P1,-2.62,0.049,2.117,28,3.101,369.232,True,Triclinic,Low,0.008398513671621094,0.37512846865364846,0.2578947368421053,0.5537535966518441,0.14754098360655737,0.45027486256871563,0.17665005811917334,-0.01661864831125686,-0.30184803946312333,0.030932101067816752,-0.46918739621802824,0.33101830237731217,-0.33716381722355837,0.04783732941416013,1.1368710007852,3.367295829986474,1.4112308464099221,5.914129836165987
mp-761382,Li2Fe3(Si3O8)2,P1,-2.817,0.05,2.826,54,3.088,651.656,True,Triclinic,Low,0.004738696490172729,0.17266187050359694,0.26315789473684215,0.7392100444676956,0.3606557377049181,0.4437781109445278,0.37892053751820026,-1.089967961822436,-0.26889434523233013,0.6839745204758557,0.6564026174634361,0.29423756367082216,0.6292388626808283,0.048790164169432,1.341819871018061,4.007333185232471,1.4080558529014033,6.48105019108144
mp-762716,Li2Fe3(SiO4)2,P1,-2.482,0.051,2.23,45,3.204,568.378,True,Triclinic,Medium,0.005637093624313397,0.5169578622816031,0.26842105263157895,0.5833115354433691,0.28688524590163933,0.5017491254372817,0.3192773025828118,0.7352707185138324,-0.23594065100153713,0.1350136150214252,0.26677530503523683,0.622434924436428,0.34427695300927974,0.04974209189481407,1.172482137234565,3.828641396489095,1.436036453014705,6.344544536935578
mp-780681,LiFe3(SiO4)2,P1,-2.468,0.058,0.631,42,3.133,570.329,True,Triclinic,Medium,0.005493320522014487,0.5313463514902366,0.3052631578947369,0.16505362280931207,0.2622950819672131,0.4662668665667167,0.32067459780314533,0.8115493499308718,-0.005264791385984631,-1.3377858611893707,0.13689953422583712,0.4215555053471345,0.35095291407665846,0.05638033343610764,0.4891933236388768,3.7612001156935624,1.4190035355295954,6.347965225863419
mp-763739,Li3Fe2(SiO4)2,P1,-2.565,0.059,1.14,15,3.034,173.298,True,Triclinic,Medium,0.017507414973052197,0.4316546762589928,0.3105263157894737,0.29819513471096,0.04098360655737705,0.41679160419790096,0.03632322997932347,0.2830474036842508,0.027688902844808357,-0.8689585107257716,-1.0319824030587603,0.1414560336592464,-1.0076137176724798,0.05732506661926941,0.76080582903376,2.772588722239781,1.39475843953202,5.160766477990837
mp-761622,Li7Fe7SiO16,P1,-2.144,0.06,1.955,31,3.232,371.739,True,Triclinic,Medium,0.00869427205646973,0.8643371017471737,0.31578947368421056,0.5113784985613393,0.1721311475409836,0.5157421289355324,0.17844555741049895,2.5768548198680383,0.06064259707560157,-0.11828210477717938,-0.3393116254086285,0.7016549770350226,-0.3285853270155015,0.05826890812397577,1.0834986508580615,3.4657359027997265,1.4426746945559983,5.9208784428137
mp-768001,Li6Fe(SiO4)2,P1,-2.595,0.063,3.736,17,2.678,174.618,True,Triclinic,Medium,0.015336334169444158,0.4008221993833505,0.3315789473684211,0.9772430028773216,0.05737704918032788,0.23888055972014,0.03726860655074343,0.11959319350488211,0.15950367976798122,1.5221530841730568,-0.9453985558524939,-0.8657703493800256,-1.0030969218708703,0.06109509935981088,1.5551928975817046,2.8903717578961645,1.3023691261821293,5.168311181642427
mp-772589,Li2Fe(Si2O5)2,P1,-2.911,0.064,3.079,34,2.633,431.422,False,Triclinic,Medium,0.00610307309316632,0.076053442959918,0.33684210526315794,0.8053884383991631,0.19672131147540986,0.2163918040979511,0.2211901861317554,-1.6021244870511198,0.19245737399877444,0.9170065826905721,-0.2094358545992288,-0.9930882910563379,-0.12436114229772409,0.06203539091945264,1.4058518603354215,3.5553480614894135,1.2900587532390648,6.069401963286682
mp-764102,Li3Fe2(SiO4)2,P1,-2.558,0.066,0.931,30,2.911,361.337,True,Triclinic,Medium,0.008056191311711782,0.43884892086330973,0.3473684210526316,0.24352602668061735,0.1639344262295082,0.35532233883058484,0.17099570354996063,0.3211867193927705,0.2583647624603609,-1.061463257772711,-0.3826035490117618,-0.20654634025600718,-0.3641790466581857,0.0639133257436528,0.6580380034463774,3.4339872044851463,1.363793095773377,5.892574717997113
mp-761513,LiFeSi3O8,P1,-2.859,0.068,2.413,26,2.896,315.39,False,Triclinic,Medium,0.00918228225371762,0.12949640287769792,0.3578947368421053,0.6311797018048653,0.13114754098360656,0.34782608695652173,0.13808872072645026,-1.3188038560735493,0.3242721509219473,0.3035704031055874,-0.5557712434242947,-0.24898565414811172,-0.5214011805192134,0.0657877405380031,1.22759166992457,3.295836866004329,1.3599503857802886,5.756975629831453
mp-850922,Li3Fe2(SiO4)2,P1,-2.555,0.069,1.854,15,2.925,179.798,True,Triclinic,Medium,0.01626825659907229,0.4419321685508737,0.3631578947368422,0.48495945592466655,0.04098360655737705,0.3623188405797102,0.04097849339919457,0.33753214041070545,0.35722584515274053,-0.21131071459412143,-1.0319824030587603,-0.16693631395671055,-0.9853719201645538,0.06672363204290818,1.0487215190546446,2.772588722239781,1.3673663512343717,5.19738038594999
mp-762655,LiFeSiO4,P1,-2.551,0.071,2.292,28,2.969,346.461,True,Triclinic,Medium,0.008569507101809438,0.4460431654676258,0.3736842105263158,0.5995291655767722,0.14754098360655737,0.38430784607696156,0.16034159606780643,0.3593260351012878,0.4231332336143265,0.19212028639420137,-0.46918739621802824,-0.04244765987320487,-0.41508196661632535,0.06859279146561172,1.1914952828148233,3.367295829986474,1.3785141738009283,5.850652428490737
mp-763637,Li4Fe2SiO7,P1,-2.356,0.071,1.851,14,3.787,122.581,True,Triclinic,Medium,0.03089385793883228,0.6464542651593015,0.3736842105263158,0.48417473188595345,0.032786885245901634,0.7931034482758621,0.0,1.421778401267177,0.4231332336143265,-0.21407394062828813,-1.0752743266618936,2.271909591042876,-1.181157909089324,0.06859279146561172,1.0476698099305348,2.70805020110221,1.565903910410372,4.816896811524353
mp-767328,Li5Fe5Si7O24,P1,-2.647,0.072,2.373,41,2.501,593.87,True,Triclinic,Medium,0.0042113593884183405,0.3473792394655706,0.37894736842105264,0.6207167146220247,0.25409836065573776,0.15042478760619682,0.3375345295211739,-0.16372743747268578,0.4560869278451197,0.26672738931669987,0.09360761062270388,-1.3665542533068549,0.4315058610203645,0.06952606264861023,1.2158025560795132,3.7376696182833684,1.2530486419725286,6.388342894278824
mp-868319,Li5Fe5Si7O24,P1,-2.646,0.072,2.598,41,2.546,583.402,True,Triclinic,Medium,0.0043640577166344985,0.3484069886947587,0.37894736842105264,0.6795710175255035,0.25409836065573776,0.1729135432283857,0.3300374068320646,-0.1582789638000408,0.4560869278451197,0.47396934187919426,0.09360761062270388,-1.2392363116305427,0.39568630158759993,0.06952606264861023,1.2803781355283412,3.7376696182833684,1.2658202076520162,6.370589102184172
mp-863852,Li5Fe5Si7O24,P1,-2.646,0.073,2.391,41,2.55,582.533,True,Triclinic,Medium,0.004377434411441068,0.3484069886947587,0.3842105263157895,0.625425058854303,0.25409836065573776,0.1749125437281358,0.32941503392254645,-0.1582789638000408,0.4890406220759129,0.2833067455216992,0.09360761062270388,-1.2279191612593148,0.3927127443515402,0.07045846364856141,1.2211248631435017,3.7376696182833684,1.2669476034873244,6.3691010053973445
mp-772382,Li2FeSi3O8,P1,-2.833,0.076,3.041,14,2.524,185.499,True,Triclinic,Medium,0.01360654235332805,0.15621788283658766,0.4,0.7954486005754643,0.032786885245901634,0.16191904047976013,0.04506151751560766,-1.1771435405847654,0.5879017047682926,0.8820057195911284,-1.0752743266618936,-1.3014806386722948,-0.9658641528426021,0.07325046173959267,1.3964921860963366,2.70805020110221,1.259596708073933,5.2284258771392
mp-766744,Li2Fe2Si4O11,P1,-2.768,0.081,0.0,38,2.958,464.73,True,Triclinic,Medium,0.006364986120973469,0.22302158273381334,0.42631578947368426,0.0,0.22950819672131148,0.3788105947026488,0.24504518828391952,-0.8229927518628007,0.7526701759222586,-1.918984403709078,-0.03626816018669584,-0.07356982339408034,-0.010387328237108442,0.07788653865707124,0.0,3.6635616461296463,1.375738847180374,6.143606067067469
mp-779820,Li3Fe4(Si3O10)2,P1,-2.633,0.082,0.054,33,2.777,438.109,True,Triclinic,Medium,0.006338605232944314,0.3617677286742036,0.4315789473684211,0.014125032696834947,0.18852459016393444,0.2883558220889557,0.22597937789924433,-0.08744880605564884,0.7856238701530519,-1.8692463350940796,-0.25272777820236203,-0.5856708776921375,-0.10147946538457014,0.07881118042428978,0.05259245011917058,3.5263605246161616,1.3289300437303198,6.084747673827675
mp-868418,Li2FeSi3O8,P1,-2.826,0.082,0.0,28,2.507,373.616,True,Triclinic,Medium,0.0067100980686052,0.1634121274409046,0.4315789473684211,0.0,0.14754098360655737,0.1534232883558222,0.17978985424728328,-1.1390042248762458,0.7856238701530519,-1.918984403709078,-0.46918739621802824,-1.3495785277500125,-0.3221625802582127,0.07881118042428978,0.0,3.367295829986474,1.2547609711580412,5.925901501324222
mp-773385,Li3FeSiO5,P1,-2.486,0.083,2.254,20,3.575,171.619,True,Triclinic,Medium,0.020831026867654513,0.512846865364851,0.436842105263158,0.5895893277530735,0.0819672131147541,0.6871564217891057,0.03512073962825214,0.7134768238232501,0.8185775643838451,0.157119423294758,-0.8155227850430942,1.6721006213678045,-1.0133589450595273,0.07973496801885356,1.179885008796846,3.044522437723423,1.5206066987274847,5.151086853703245
mp-767276,Li5Fe5Si7O24,P1,-2.635,0.084,1.827,41,2.433,610.604,True,Triclinic,Medium,0.003984579203542721,0.35971223021582777,0.4421052631578948,0.477896939576249,0.25409836065573776,0.11644177911044462,0.349519326147039,-0.09834575340093879,0.8515312586146383,-0.2361797489016209,0.09360761062270388,-1.5589458096177273,0.48876651325077,0.08065790301745447,1.0392160787114533,3.7376696182833684,1.233434514475555,6.416085014255888
mp-762704,Li4Fe(SiO4)2,P1,-2.543,0.089,0.232,15,2.781,159.895,False,Triclinic,Medium,0.01739266393570781,0.45426515930113043,0.46842105263157896,0.060685325660476075,0.04098360655737705,0.2903548225887058,0.026724076807549263,0.40291382448245244,1.0162997297686038,-1.705294923733528,-1.0319824030587603,-0.5743537273209097,-1.0534763041338233,0.08525984395082342,0.20863886511132804,2.772588722239781,1.329988524908796,5.080751978313505
mp-767753,Li2Fe2Si8O19,P1,-2.927,0.091,3.508,31,2.776,391.367,True,Triclinic,Medium,0.0070930865402550536,0.05960945529290873,0.4789473684210527,0.9176039759351295,0.1721311475409836,0.28785607196401797,0.19250302054976515,-1.6893000658134492,1.0822071182301904,1.3121479055763952,-0.3393116254086285,-0.5885001652849454,-0.26142194217156706,0.08709470685093376,1.50585359617753,3.4657359027997265,1.3286652482832542,5.972197626295458
mp-762705,Li3FeSiO5,P1,-2.474,0.094,2.173,20,3.615,169.712,True,Triclinic,Medium,0.021300791929857645,0.5251798561151078,0.4947368421052632,0.5684017787078212,0.0819672131147541,0.707146426786607,0.033754956960299176,0.7788585078949971,1.18106820092257,0.08251232037225993,-0.8155227850430942,1.7852721250800825,-1.0198843462668525,0.08984070399978947,1.1546775126010584,3.044522437723423,1.5293118679548154,5.1399779260993235
mp-762768,Li9Fe4(SiO5)4,P1,-2.391,0.094,0.005,37,2.617,455.754,False,Triclinic,Medium,0.005742132817265455,0.6104830421377185,0.4947368421052632,0.0013078733978550878,0.22131147540983606,0.20839580209895048,0.2386166275982637,1.231081822724581,1.18106820092257,-1.9143790269854672,-0.07956008378982908,-1.038356892541249,-0.041101539688053745,0.08984070399978947,0.004987541511039074,3.6375861597263857,1.285644952969961,6.124144952745768
mp-778793,Li4Fe3(SiO4)3,P1,-2.524,0.099,0.976,22,3.031,258.368,True,Triclinic,Medium,0.011731328957146396,0.4737923946557041,0.5210526315789474,0.2552968872613131,0.09836065573770492,0.4152923538230886,0.09724988522985184,0.5064348242627191,1.345836672076536,-1.020014867260212,-0.7289389378368277,0.1329681708808265,-0.7165199155187457,0.09440067542148432,0.681074599325676,3.1354942159291497,1.3940144841350288,5.558247902668974
mp-761351,Li2Fe(Si2O5)3,P1,-2.882,0.104,0.189,24,2.624,302.599,False,Triclinic,Medium,0.008671542206021832,0.10585817060637215,0.5473684210526316,0.04943761443892231,0.11475409836065573,0.21189405297351338,0.12892787851051624,-1.4441187505443984,1.5106051432305017,-1.7449011635565823,-0.6423550906305613,-1.0185518793916002,-0.5651696161998107,0.09893994785490356,0.17311261770864478,3.2188758248682006,1.287578388180733,5.7157077517084085
mp-761343,Li16Fe4SiO16,P1,-2.132,0.106,2.139,37,2.668,384.899,True,Triclinic,Medium,0.006931688572846383,0.8766700924974309,0.5578947368421053,0.5595082396024065,0.22131147540983606,0.23388305847076474,0.18787067534980723,2.6422365039397855,1.576512531692088,0.051195758651704934,-0.07956008378982908,-0.8940632253080945,-0.2835542415994542,0.10074990310014306,1.1439042778598165,3.6375861597263857,1.2996465543942184,5.9555756771953074
mp-762762,LiFe2(SiO4)2,P1,-2.426,0.114,0.0,39,2.753,547.911,False,Triclinic,Medium,0.005024538656825653,0.5745118191161356,0.6000000000000001,0.0,0.2377049180327869,0.2763618190904549,0.30461895236519604,1.040385244181985,1.8401420855384338,-1.918984403709078,0.007023763416437401,-0.6535737799195043,0.27424266537932196,0.10795714150509228,0.0,3.6888794541139363,1.3225555201528838,6.307936315435204
mp-761348,Li7Fe7SiO16,P1,-2.087,0.118,1.492,31,3.233,371.607,True,Triclinic,Medium,0.008700051398385929,0.9229188078108943,0.6210526315789474,0.39026942191995817,0.1721311475409836,0.5162418790604699,0.178351019753357,2.887417819208836,1.9719568624616062,-0.5447399893835575,-0.3393116254086285,0.7044842646278292,-0.3290370065956623,0.11154137473290741,0.9130856009252067,3.4657359027997265,1.4429109615387867,5.920524244893861
mp-763462,Li2Co3(SiO4)2,P1,-2.343,0.024,2.47,45,3.408,547.959,True,Triclinic,Low,0.006219443425511763,0.6598150051387464,0.12631578947368421,0.6460894585404133,0.28688524590163933,0.6036981509245378,0.30465332969506587,1.492608559011569,-1.1256903952329531,0.3560716977547531,0.26677530503523683,1.199609593369044,0.27440691249938054,0.023716526617316044,1.244154593958768,3.828641396489095,1.4834210718506133,6.3080237574821325
mp-762851,Li3Co2(SiO4)2,P1,-2.441,0.055,0.376,15,3.088,173.602,True,Triclinic,Medium,0.017787813504452715,0.5590955806783149,0.2894736842105263,0.09835207951870259,0.04098360655737705,0.4437781109445278,0.03654095306849897,0.9586581390923031,-0.10412587407836428,-1.5726600740935315,-1.0319824030587603,0.29423756367082216,-1.006573485912109,0.05354076692802982,0.3191807395111519,2.772588722239781,1.4080558529014033,5.1625090980936195
mp-764452,Li3Co2(SiO4)2,P1,-2.439,0.057,0.23,15,3.024,177.312,True,Triclinic,Medium,0.017054683270167837,0.5611510791366907,0.30000000000000004,0.06016217630133404,0.04098360655737705,0.4117941029485259,0.03919803418968695,0.9695550864375931,-0.03821848561677785,-1.7071370744229724,-1.0319824030587603,0.11316315773117755,-0.9938785522575851,0.055434706888100586,0.20701416938432615,2.772588722239781,1.3922764327974382,5.183534824903892
mp-770682,Li2Co(Si2O5)2,P1,-2.862,0.07,3.06,34,2.74,418.368,True,Triclinic,Medium,0.006549258069450819,0.12641315519013352,0.368421052631579,0.8004185194873137,0.19672131147540986,0.26986506746626704,0.21184098479590968,-1.3351492770914868,0.3901795393835337,0.8995061511408502,-0.2094358545992288,-0.6903545186259943,-0.16902951532364222,0.06765864847381481,1.4011829736136414,3.5553480614894135,1.3190856114264407,6.0387488160814256
mp-764961,Li6Co(SiO4)2,P1,-2.545,0.071,2.685,17,2.753,171.772,True,Triclinic,Medium,0.01602705912488648,0.4522096608427546,0.3736842105263158,0.7023280146481821,0.05737704918032788,0.2763618190904549,0.035230317367212174,0.3920168771371625,0.4231332336143265,0.5541028968700257,-0.9453985558524939,-0.6535737799195043,-1.0128354073643406,0.06859279146561172,1.3042705256412999,2.8903717578961645,1.3225555201528838,5.151972806203499
mp-849520,LiCo3(SiO4)2,P1,-2.25,0.076,0.005,42,3.318,552.402,True,Triclinic,Medium,0.006006495269749204,0.7553956834532376,0.4,0.0013078733978550878,0.2622950819672131,0.5587206396801601,0.3078353812911409,1.9993166105676077,0.5879017047682926,-1.9143790269854672,0.13689953422583712,0.9449737100164194,0.2896100365497986,0.07325046173959267,0.004987541511039074,3.7612001156935624,1.4627923320926155,6.316084681368702
mp-849656,Li5Co4(Si3O10)2,P1,-2.529,0.082,0.176,35,2.94,428.648,True,Triclinic,Medium,0.006858774565610943,0.4686536485097639,0.4315789473684211,0.046037143604499085,0.20491803278688528,0.3698150924537731,0.2192034629430289,0.47919245589949183,0.7856238701530519,-1.7568751430379712,-0.16614393099609556,-0.12449700006460603,-0.1338532571111067,0.07881118042428978,0.16211884947643518,3.58351893845611,1.3711807233098425,6.062966268796693
mp-763557,LiCoSiO4,P1,-2.348,0.087,1.333,14,2.451,214.044,True,Triclinic,Medium,0.01145091663396311,0.6546762589928061,0.45789473684210524,0.3486790478681664,0.032786885245901634,0.1254372813593203,0.06550528587256468,1.4653661906483417,0.9503923413070174,-0.6911909691943872,-1.0752743266618936,-1.5080186329472016,-0.8681884436327942,0.08342160813907239,0.8471549930392929,2.70805020110221,1.2386640441158663,5.370842658352261
mp-767320,Li3Co2(SiO4)2,P1,-2.406,0.09,0.323,15,3.043,176.207,False,Triclinic,Medium,0.01726946148563905,0.5950668036998974,0.4736842105263158,0.08448862150143867,0.04098360655737705,0.4212893553223389,0.03840663940830885,1.1493547176348968,1.0492534239993971,-1.621477067363808,-1.0319824030587603,0.16691962199450985,-0.9976596578339326,0.08617769624105233,0.27990188513281866,2.772588722239781,1.3969869906586339,5.177318540776747
